STOP,2,7,1,1,8,4,80,  1.4397372183339030E-11,  2.0482884598858839E+00,  3.1249999999999999E-09,  1.2047337278032193E-04
STOP,2,7,1,1,16,6,80,  9.7008090449435258E-10,  5.1333137517985551E-02,  1.5624999999999999E-09,  2.8639150134734948E-05
STOP,2,7,1,1,32,7,80,  3.0360804055717949E-05,  4.6041249257905162E-02,  7.8124999999999996E-10,  2.8639150134734948E-05
STOP,2,7,1,1,64,7,80,  2.9100298439210803E-04,  1.2137079840482512E+00,  3.9062499999999998E-10,  1.5033882742077583E-04
STOP,2,7,1,1,128,10,80,  1.6011103554092188E-10,  4.0908076670362759E-01,  1.9531249999999999E-10,  7.9208190143426210E-05
STOP,2,7,1,1,256,15,80,  1.4794654390470896E-10,  2.1637905116350251E-01,  9.7656249999999996E-11,  5.4842275828835244E-05
STOP,2,7,1,1,512,24,80,  2.2604051963526217E-10,  2.2297722032375800E-01,  4.8828124999999998E-11,  6.8619342250322444E-05
STOP,2,7,1,1,1024,42,80,  6.0120797229501477E-11,  1.7109548323884147E-01,  2.4414062499999999E-11,  6.7716878215044699E-05
STOP,2,7,1,1,2048,78,80,  7.1401320411723646E-09,  9.7785492545481092E-02,  1.2207031249999999E-11,  4.5969860406570806E-05
STOP,2,7,1,1,4096,149,80,  8.1711499788639230E-09,  8.2606611362950791E-02,  6.1035156249999997E-12,  5.7070366210264615E-05
STOP,2,7,1,1,8,4,80,  1.4397372183339030E-11,  2.0482884598858839E+00,  3.1249999999999999E-09,  1.2047337278032193E-04
STOP,2,7,1,1,16,6,80,  9.7008090449435258E-10,  5.1333137517985551E-02,  1.5624999999999999E-09,  2.8639150134734948E-05
STOP,2,7,1,1,32,7,80,  3.0360804055717949E-05,  4.6041249257905162E-02,  7.8124999999999996E-10,  2.8639150134734948E-05
STOP,2,7,1,1,64,7,80,  2.9100298439210803E-04,  1.2137079840482512E+00,  3.9062499999999998E-10,  1.5033882742077583E-04
STOP,2,7,1,1,128,10,80,  1.6011103554092188E-10,  4.0908076670362759E-01,  1.9531249999999999E-10,  7.9208190143426210E-05
STOP,2,7,1,1,256,15,80,  1.4794654390470896E-10,  2.1637905116350251E-01,  9.7656249999999996E-11,  5.4842275828835244E-05
STOP,2,7,1,1,512,24,80,  2.2604051963526217E-10,  2.2297722032375800E-01,  4.8828124999999998E-11,  6.8619342250322444E-05
STOP,2,7,1,1,1024,42,80,  6.0120797229501477E-11,  1.7109548323884147E-01,  2.4414062499999999E-11,  6.7716878215044699E-05
STOP,2,7,1,1,2048,78,80,  7.1401320411723646E-09,  9.7785492545481092E-02,  1.2207031249999999E-11,  4.5969860406570806E-05
STOP,2,7,1,1,4096,149,80,  8.1711499788639230E-09,  8.2606611362950791E-02,  6.1035156249999997E-12,  5.7070366210264615E-05
STOP,2,7,1,1,8,4,80,  1.4397372183339030E-11,  2.0482884598858839E+00,  3.1249999999999999E-09,  1.2047337278032193E-04
STOP,2,7,1,1,16,6,80,  9.7008090449435258E-10,  5.1333137517985551E-02,  1.5624999999999999E-09,  2.8639150134734948E-05
STOP,2,7,1,1,32,7,80,  3.0360804055717949E-05,  4.6041249257905162E-02,  7.8124999999999996E-10,  2.8639150134734948E-05
STOP,2,7,1,1,64,7,80,  2.9100298439210803E-04,  1.2137079840482512E+00,  3.9062499999999998E-10,  1.5033882742077583E-04
STOP,2,7,1,1,128,10,80,  1.6011103554092188E-10,  4.0908076670362759E-01,  1.9531249999999999E-10,  7.9208190143426210E-05
STOP,2,7,1,1,256,16,80,  2.3717294794778354E-10,  2.1651538551723809E-01,  9.7656249999999996E-11,  5.4878111903486191E-05
STOP,2,7,1,1,512,26,80,  2.7769875288186086E-10,  2.2316862975326573E-01,  4.8828124999999998E-11,  6.8672722851434562E-05
STOP,2,7,1,1,1024,46,80,  2.9425439862507119E-10,  1.7131044003299356E-01,  2.4414062499999999E-11,  6.7805606954062211E-05
STOP,2,7,1,1,2048,85,80,  3.8582470551773440E-12,  1.8798001516586910E-01,  1.2207031249999999E-11,  1.2433533936123415E-04
STOP,2,7,1,1,4096,165,80,  8.4782136866579094E-10,  8.2827312677562437E-02,  6.1035156249999997E-12,  5.7401556164274412E-05
STOP,2,7,2,1,2,2,80,  4.5153334937708678E-07,  1.6287899968057316E+00,  1.2499999999999999E-08,  1.7190205578391835E-04
STOP,2,7,2,1,4,2,80,  5.2325629162908172E-08,  1.6909350430975030E+00,  6.2499999999999997E-09,  1.7636906609610486E-04
STOP,2,7,2,1,8,2,80,  8.2760553965499639E-10,  1.8143871012813013E+00,  3.1249999999999999E-09,  1.8506466691073633E-04
STOP,2,7,2,1,16,2,80,  1.2498446722020162E-11,  2.0558419235502692E+00,  1.5624999999999999E-09,  2.0184150817141602E-04
STOP,2,7,2,1,32,3,80,  5.3068660577082483E-12,  4.1502121658380114E-01,  7.8124999999999996E-10,  6.9942526693133038E-05
STOP,2,7,2,1,64,3,80,  2.5081803300963657E-10,  6.9986090866533446E-01,  3.9062499999999998E-10,  1.1388327260652834E-04
STOP,2,7,2,1,128,4,80,  1.8119106215408465E-10,  2.9580043093375169E-01,  1.9531249999999999E-10,  6.3020036501508525E-05
STOP,2,7,2,1,256,5,80,  1.6956924753230851E-10,  2.8099124836718825E-01,  9.7656249999999996E-11,  6.9629733546842565E-05
STOP,2,7,2,1,512,7,80,  1.0844569686696559E-10,  2.1819541498888212E-01,  4.8828124999999998E-11,  6.7331943353177620E-05
STOP,2,7,2,1,1024,11,80,  6.0162985704437233E-10,  1.2848287403263570E-01,  2.4414062499999999E-11,  4.8309917504302115E-05
STOP,2,7,2,1,2048,18,80,  3.6298599681572341E-09,  1.3661776292258482E-01,  1.2207031249999999E-11,  7.4991887486420509E-05
STOP,2,7,2,1,4096,33,80,  8.0076869579670529E-09,  7.2924796829003241E-02,  6.1035156249999997E-12,  2.8639150134734948E-05
STOP,2,7,2,1,2,2,80,  4.5153334937708678E-07,  1.6287899968057316E+00,  1.2499999999999999E-08,  1.7190205578391835E-04
STOP,2,7,2,1,4,2,80,  5.2325629162908172E-08,  1.6909350430975030E+00,  6.2499999999999997E-09,  1.7636906609610486E-04
STOP,2,7,2,1,8,2,80,  8.2760553965499639E-10,  1.8143871012813013E+00,  3.1249999999999999E-09,  1.8506466691073633E-04
STOP,2,7,2,1,16,2,80,  1.2498446722020162E-11,  2.0558419235502692E+00,  1.5624999999999999E-09,  2.0184150817141602E-04
STOP,2,7,2,1,32,3,80,  5.3068660577082483E-12,  4.1502121658380114E-01,  7.8124999999999996E-10,  6.9942526693133038E-05
STOP,2,7,2,1,64,3,80,  2.5081803300963657E-10,  6.9986090866533446E-01,  3.9062499999999998E-10,  1.1388327260652834E-04
STOP,2,7,2,1,128,4,80,  1.8119106215408465E-10,  2.9580043093375169E-01,  1.9531249999999999E-10,  6.3020036501508525E-05
STOP,2,7,2,1,256,5,80,  1.6956924753230851E-10,  2.8099124836718825E-01,  9.7656249999999996E-11,  6.9629733546842565E-05
STOP,2,7,2,1,512,7,80,  1.0844569686696559E-10,  2.1819541498888212E-01,  4.8828124999999998E-11,  6.7331943353177620E-05
STOP,2,7,2,1,1024,11,80,  6.0162985704437233E-10,  1.2848287403263570E-01,  2.4414062499999999E-11,  4.8309917504302115E-05
STOP,2,7,2,1,2048,18,80,  3.6298599681572341E-09,  1.3661776292258482E-01,  1.2207031249999999E-11,  7.4991887486420509E-05
STOP,2,7,2,1,4096,33,80,  8.0076869579670529E-09,  7.2924796829003241E-02,  6.1035156249999997E-12,  2.8639150134734948E-05
STOP,2,7,2,1,2,2,80,  4.5153334937708678E-07,  1.6287899968057316E+00,  1.2499999999999999E-08,  1.7190205578391835E-04
STOP,2,7,2,1,4,2,80,  5.2325629162908172E-08,  1.6909350430975030E+00,  6.2499999999999997E-09,  1.7636906609610486E-04
STOP,2,7,2,1,8,2,80,  8.2760553965499639E-10,  1.8143871012813013E+00,  3.1249999999999999E-09,  1.8506466691073633E-04
STOP,2,7,2,1,16,2,80,  1.2498446722020162E-11,  2.0558419235502692E+00,  1.5624999999999999E-09,  2.0184150817141602E-04
STOP,2,7,2,1,32,3,80,  5.3068660577082483E-12,  4.1502121658380114E-01,  7.8124999999999996E-10,  6.9942526693133038E-05
STOP,2,7,2,1,64,3,80,  2.5081803300963657E-10,  6.9986090866533446E-01,  3.9062499999999998E-10,  1.1388327260652834E-04
STOP,2,7,2,1,128,4,80,  1.8119106215408465E-10,  2.9580043093375169E-01,  1.9531249999999999E-10,  6.3020036501508525E-05
STOP,2,7,2,1,256,6,80,  5.5465854131853121E-11,  3.2943009283716934E-01,  9.7656249999999996E-11,  7.8733901386389852E-05
STOP,2,7,2,1,512,9,80,  1.4327028452498780E-10,  2.7018865140436965E-01,  4.8828124999999998E-11,  8.1085438566872245E-05
STOP,2,7,2,1,1024,15,80,  2.2442243619025248E-09,  1.7519296450300259E-01,  2.4414062499999999E-11,  6.9407350184500600E-05
STOP,2,7,2,1,2048,26,80,  4.2514933795700927E-09,  1.7956013329203424E-01,  1.2207031249999999E-11,  1.1373731961904338E-04
STOP,2,7,2,1,4096,50,80,  3.3297684609578937E-09,  6.8462086361430377E-02,  6.1035156249999997E-12,  2.8639150134734948E-05
STOP,2,7,3,1,256,4,80,  1.3578205226849605E-10,  3.1364672840909996E-01,  9.7656249999999996E-11,  8.7425792951848142E-05
STOP,2,7,3,1,512,6,80,  2.6516833173673149E-10,  2.0277100447800742E-01,  4.8828124999999998E-11,  6.3857918298680771E-05
STOP,2,7,3,1,1024,9,80,  9.4998304086413299E-04,  2.5665563846209316E-01,  2.4414062499999999E-11,  1.1588761622364913E-04
STOP,2,7,3,1,2048,16,80,  6.4937457732838766E-05,  1.6773184760342719E-01,  1.2207031249999999E-11,  1.0327744092876539E-04
STOP,2,7,3,1,4096,27,80,  7.2292757484220260E-03,  1.7816485118711156E-01,  2.8639150134734948E-05,  2.3173704435848597E-04
STOP,2,2,3,1,1024,12,80,  1.4263062852579722E-02,  2.0152833035395334E-01,  2.8639150134734948E-05,  2.6408365179004536E-04
STOP,2,2,3,1,2048,22,80,  7.0675877440402601E-03,  1.0879605045930685E-01,  2.8639150134734948E-05,  2.5518710971513556E-04
STOP,2,2,3,1,4096,42,80,  8.8206466523379490E-03,  5.6570543645656834E-02,  2.8639150134734948E-05,  2.4813332605200613E-04
STOP,2,5,3,1,2048,10,80,  2.9329903263215051E-02,  5.6905989577093019E-01,  2.8639150134734948E-05,  1.7991896181053469E-04
