STOP,3,7,2,1,2,1,80,  4.7187720397801058E-10,  1.0519054018255378E+01,  1.2499999999999999E-08,  9.0023990983317229E-04
STOP,3,7,2,1,32,29,80,  3.1669222799735053E-09,  3.4359030548605181E+00,  7.8124999999999996E-10,  3.0031455173953290E-04
STOP,3,7,2,1,64,55,80,  2.4148859795049660E-02,  2.0291582697155164E+00,  3.9062499999999998E-10,  2.6382839539600101E-04
STOP,3,7,2,1,128,11,80,  6.2399567493276464E-04,  5.8166943096994306E-01,  2.8639150134734948E-05,  9.0092664868008559E-04
STOP,3,7,2,1,256,23,80,  6.9128645586085113E-03,  2.7834378208640942E-01,  2.8639150134734948E-05,  9.0092664868015638E-04
STOP,3,7,2,1,512,47,80,  2.8633548698753231E-03,  1.3400074004846285E-01,  2.8639150134734948E-05,  9.0092664868015693E-04
STOP,3,7,2,1,1024,95,80,  3.0170349169758026E-03,  6.6516194059019540E-02,  2.8639150134734948E-05,  9.0092664868015714E-04
STOP,3,7,2,1,2048,190,80,  8.0918738376567489E-10,  3.3250013747692542E-02,  2.8639150134734948E-05,  9.0092664868015660E-04
STOP,3,7,2,1,4096,383,80,  2.8144808705832247E-07,  1.6580431822018404E-02,  2.8639150134734948E-05,  9.0092664868015942E-04
STOP,3,7,2,1,2,1,80,  4.7187720397801058E-10,  1.0519054018255378E+01,  1.2499999999999999E-08,  9.0023990983317229E-04
STOP,3,7,2,1,32,29,80,  3.1669222799735053E-09,  3.4359030548605181E+00,  7.8124999999999996E-10,  3.0031455173953290E-04
STOP,3,7,2,1,64,55,80,  2.4148859795049660E-02,  2.0291582697155164E+00,  3.9062499999999998E-10,  2.6382839539600101E-04
STOP,3,7,2,1,128,11,80,  6.2399567493276464E-04,  5.8166943096994306E-01,  2.8639150134734948E-05,  9.0092664868008559E-04
STOP,3,7,2,1,256,23,80,  6.9128645586085113E-03,  2.7834378208640942E-01,  2.8639150134734948E-05,  9.0092664868015638E-04
STOP,3,7,2,1,512,47,80,  2.8633548698753231E-03,  1.3400074004846285E-01,  2.8639150134734948E-05,  9.0092664868015693E-04
STOP,3,7,2,1,1024,95,80,  3.0170349169758026E-03,  6.6516194059019540E-02,  2.8639150134734948E-05,  9.0092664868015714E-04
STOP,3,7,2,1,2048,190,80,  8.0918738376567489E-10,  3.3250013747692542E-02,  2.8639150134734948E-05,  9.0092664868015660E-04
STOP,3,7,2,1,4096,383,80,  2.8144808705832247E-07,  1.6580431822018404E-02,  2.8639150134734948E-05,  9.0092664868015942E-04
STOP,3,7,2,1,2,1,80,  4.7187720397801058E-10,  1.0519054018255378E+01,  1.2499999999999999E-08,  9.0023990983317229E-04
STOP,3,7,2,1,32,29,80,  3.1669222799735053E-09,  3.4359030548605181E+00,  7.8124999999999996E-10,  3.0031455173953290E-04
STOP,3,7,2,1,64,55,80,  2.4148859795049660E-02,  2.0291582697155164E+00,  3.9062499999999998E-10,  2.6382839539600101E-04
STOP,3,7,2,1,128,11,80,  6.2399567493276464E-04,  5.8166943096994306E-01,  2.8639150134734948E-05,  9.0092664868008559E-04
STOP,3,7,2,1,256,24,80,  4.9240210139860352E-03,  2.7920535679123670E-01,  2.8639150134734948E-05,  9.0092664868015085E-04
STOP,3,7,2,1,512,49,80,  6.4383865040618105E-04,  1.3439189741484636E-01,  2.8639150134734948E-05,  9.0092664868015714E-04
STOP,3,7,2,1,1024,99,80,  2.4573708852138054E-03,  6.6581847536542504E-02,  2.8639150134734948E-05,  9.0092664868015758E-04
STOP,3,7,2,1,2048,199,80,  3.0178862954155505E-04,  3.3234195905358810E-02,  2.8639150134734948E-05,  9.0092664868015747E-04
STOP,3,7,2,1,4096,400,80,  1.3084431316201517E-09,  1.6585124417138886E-02,  2.8639150134734948E-05,  9.0092664868015812E-04
STOP,3,7,3,1,256,1,80,  2.0871316710557863E-04,  2.7148992674067207E+00,  9.7656249999999996E-11,  5.2619503283576007E-04
STOP,3,7,3,1,512,1,80,  1.1887636087948295E-05,  1.8791098609500090E+00,  4.8828124999999998E-11,  4.4636300940915018E-04
STOP,3,7,3,1,1024,1,80,  1.7790843376275234E-07,  1.2799148350260163E+00,  2.8639150134734948E-05,  3.7494014883921443E-04
STOP,3,7,3,1,2048,2,80,  5.1715098958737826E-07,  3.8684277332742811E-01,  2.8639150134734948E-05,  3.7030876893161561E-04
STOP,3,7,3,1,4096,2,80,  1.0430892083412857E-05,  2.6933027308042323E-01,  6.1035156249999997E-12,  3.0863761502715779E-04
STOP,3,2,2,1,128,11,80,  6.2399567493276464E-04,  5.8166943096994306E-01,  2.8639150134734948E-05,  9.0092664868007778E-04
STOP,3,2,2,1,256,23,80,  6.9128645586085113E-03,  2.7834378208640942E-01,  2.8639150134734948E-05,  9.0092664868015638E-04
STOP,3,2,2,1,512,47,80,  2.8633548698753231E-03,  1.3400074004846285E-01,  2.8639150134734948E-05,  9.0092664868015693E-04
STOP,3,2,2,1,1024,95,80,  3.0170349169758026E-03,  6.6516194059019540E-02,  2.8639150134734948E-05,  9.0092664868015714E-04
STOP,3,2,2,1,2048,190,80,  8.0918738376567489E-10,  3.3250013747692542E-02,  2.8639150134734948E-05,  9.0092664868015660E-04
STOP,3,2,2,1,4096,383,80,  2.8144808705832247E-07,  1.6580431822018404E-02,  2.8639150134734948E-05,  9.0092664868015942E-04
STOP,3,2,2,1,128,11,80,  6.2399567493276464E-04,  5.8166943096994306E-01,  2.8639150134734948E-05,  9.0092664868007778E-04
STOP,3,2,2,1,256,23,80,  6.9128645586085113E-03,  2.7834378208640942E-01,  2.8639150134734948E-05,  9.0092664868015638E-04
STOP,3,2,2,1,512,47,80,  2.8633548698753231E-03,  1.3400074004846285E-01,  2.8639150134734948E-05,  9.0092664868015693E-04
STOP,3,2,2,1,1024,95,80,  3.0170349169758026E-03,  6.6516194059019540E-02,  2.8639150134734948E-05,  9.0092664868015714E-04
STOP,3,2,2,1,2048,190,80,  8.0918738376567489E-10,  3.3250013747692542E-02,  2.8639150134734948E-05,  9.0092664868015660E-04
STOP,3,2,2,1,4096,383,80,  2.8144808705832247E-07,  1.6580431822018404E-02,  2.8639150134734948E-05,  9.0092664868015942E-04
STOP,3,2,2,1,128,11,80,  6.2399567493276464E-04,  5.8166943096994306E-01,  2.8639150134734948E-05,  9.0092664868007778E-04
STOP,3,2,2,1,256,24,80,  4.9240210139860352E-03,  2.7920535679123670E-01,  2.8639150134734948E-05,  9.0092664868015660E-04
STOP,3,2,2,1,512,49,80,  6.4383865040618105E-04,  1.3439189741484636E-01,  2.8639150134734948E-05,  9.0092664868015714E-04
STOP,3,2,2,1,1024,99,80,  2.4573708852138054E-03,  6.6581847536542504E-02,  2.8639150134734948E-05,  9.0092664868015758E-04
STOP,3,2,2,1,2048,199,80,  3.0178862954155505E-04,  3.3234195905358810E-02,  2.8639150134734948E-05,  9.0092664868015747E-04
STOP,3,2,2,1,4096,400,80,  1.3084431316201517E-09,  1.6585124417138886E-02,  2.8639150134734948E-05,  9.0092664868015812E-04
STOP,3,2,3,1,1024,9,80,  3.5840613930167464E-02,  2.2777280829242419E-01,  2.4414062499999999E-11,  2.9674497193417202E-04
STOP,3,2,3,1,4096,35,80,  2.0534272052969982E-03,  5.1866558104456784E-02,  2.8639150134734948E-05,  2.9110457921072174E-04
STOP,3,5,2,1,128,11,80,  6.2399567493276464E-04,  5.8166943096994306E-01,  2.8639150134734948E-05,  9.0092664868011865E-04
STOP,3,5,2,1,256,23,80,  6.9128645586085113E-03,  2.7834378208640942E-01,  2.8639150134734948E-05,  9.0092664868015660E-04
STOP,3,5,2,1,512,47,80,  2.8633548698753231E-03,  1.3400074004846285E-01,  2.8639150134734948E-05,  9.0092664868015660E-04
STOP,3,5,2,1,1024,95,80,  3.0170349169758026E-03,  6.6516194059019540E-02,  2.8639150134734948E-05,  9.0092664868015714E-04
STOP,3,5,2,1,2048,190,80,  8.0918738376567489E-10,  3.3250013747692542E-02,  2.8639150134734948E-05,  9.0092664868015660E-04
STOP,3,5,2,1,4096,383,80,  2.8144808705832247E-07,  1.6580431822018404E-02,  2.8639150134734948E-05,  9.0092664868015942E-04
STOP,3,5,2,1,128,11,80,  6.2399567493276464E-04,  5.8166943096994306E-01,  2.8639150134734948E-05,  9.0092664868011865E-04
STOP,3,5,2,1,256,23,80,  6.9128645586085113E-03,  2.7834378208640942E-01,  2.8639150134734948E-05,  9.0092664868015660E-04
STOP,3,5,2,1,512,47,80,  2.8633548698753231E-03,  1.3400074004846285E-01,  2.8639150134734948E-05,  9.0092664868015660E-04
STOP,3,5,2,1,1024,95,80,  3.0170349169758026E-03,  6.6516194059019540E-02,  2.8639150134734948E-05,  9.0092664868015714E-04
STOP,3,5,2,1,2048,190,80,  8.0918738376567489E-10,  3.3250013747692542E-02,  2.8639150134734948E-05,  9.0092664868015660E-04
STOP,3,5,2,1,4096,383,80,  2.8144808705832247E-07,  1.6580431822018404E-02,  2.8639150134734948E-05,  9.0092664868015942E-04
STOP,3,5,2,1,128,11,80,  6.2399567493276464E-04,  5.8166943096994306E-01,  2.8639150134734948E-05,  9.0092664868011865E-04
STOP,3,5,2,1,256,24,80,  4.9240210139860352E-03,  2.7920535679123670E-01,  2.8639150134734948E-05,  9.0092664868015768E-04
STOP,3,5,2,1,512,49,80,  6.4383865040618105E-04,  1.3439189741484636E-01,  2.8639150134734948E-05,  9.0092664868015801E-04
STOP,3,5,2,1,1024,99,80,  2.4573708852138054E-03,  6.6581847536542504E-02,  2.8639150134734948E-05,  9.0092664868015682E-04
STOP,3,5,2,1,2048,199,80,  3.0178862954155505E-04,  3.3234195905358810E-02,  2.8639150134734948E-05,  9.0092664868015747E-04
STOP,3,5,2,1,4096,400,80,  1.3084431316201517E-09,  1.6585124417138886E-02,  2.8639150134734948E-05,  9.0092664868015812E-04
STOP,3,5,3,1,1024,9,80,  3.5841018123546675E-02,  2.2777273573545465E-01,  2.8639150134734948E-05,  2.9674501385025374E-04
STOP,3,5,3,1,2048,18,80,  4.1054750600284073E-02,  1.0153199008268859E-01,  2.8639150134734948E-05,  2.9112202543646733E-04
STOP,3,5,3,1,4096,35,80,  2.0534227985820053E-03,  5.1866537485011355E-02,  2.8639150134734948E-05,  2.9110467206053817E-04
