transaction_id,retry_index,t0_day,requested_t1_day,attempt_t1_day,attempt_dt_day,gate,solver_ok,mass_accounting_complete,missing_mask,temporal_certificate_available,temporal_indicator,mass_in,mass_out,mass_residual,nonlinear_iterations,internal_retries,headcalc_calls,jacobian_builds,linear_solves,backtracking_attempts,mass_ok,temporal_ok,certificate_valid
1,0, 4.0000000000000001E-003, 5.0000000000000001E-003, 5.0000000000000001E-003, 1.0000000000000000E-003,temporal,T,T,0,T, 1.2475194767409772E+002, 1.0000007932831068E-008, 0.0000000000000000E+000, 0.0000000000000000E+000,2,0,1,2,4,2,T,F,T
1,1, 4.0000000000000001E-003, 5.0000000000000001E-003, 4.5000000000000005E-003, 5.0000000000000001E-004,temporal,T,T,0,T, 8.8292058158162732E+001, 5.0000039664155346E-009, 0.0000000000000000E+000,-8.2718061255302767E-025,2,0,1,2,4,2,T,F,T
1,2, 4.0000000000000001E-003, 5.0000000000000001E-003, 4.2500000000000003E-003, 2.5000000000000001E-004,temporal,T,T,0,T, 6.2459970127780359E+001, 2.5000019832077673E-009, 0.0000000000000000E+000,-4.1359030627651384E-025,2,0,1,2,4,2,T,F,T
1,3, 4.0000000000000001E-003, 5.0000000000000001E-003, 4.1250000000000002E-003, 1.2500000000000000E-004,temporal,T,T,0,T, 4.4175786513619805E+001, 1.2500009916038837E-009, 0.0000000000000000E+000,-2.0679515313825692E-025,3,0,1,3,5,3,T,F,T
1,4, 4.0000000000000001E-003, 5.0000000000000001E-003, 4.0625000000000001E-003, 6.2500000000000001E-005,temporal,T,T,0,T, 3.1240523210910961E+001, 6.2500760122929943E-010, 0.0000000000000000E+000,-1.0339757656912846E-025,4,0,1,4,6,4,T,F,T
1,5, 4.0000000000000001E-003, 5.0000000000000001E-003, 4.0312500000000001E-003, 3.1250000000000001E-005,temporal,T,T,0,T, 2.2091637606352698E+001, 3.1250000000000032E-010, 3.3048127082285182E-015,-5.1698788284564230E-026,2,0,1,2,4,2,T,F,T
1,6, 4.0000000000000001E-003, 5.0000000000000001E-003, 4.0156250000000001E-003, 1.5625000000000000E-005,temporal,T,T,0,T, 1.5621597026949990E+001, 1.5625000000000016E-010, 1.6524063541142591E-015,-2.5849394142282115E-026,2,0,1,2,4,2,T,F,T
1,7, 4.0000000000000001E-003, 5.0000000000000001E-003, 4.0078125000000001E-003, 7.8125000000000002E-006,temporal,T,T,0,T, 1.1046281915272703E+001, 7.8131279224180629E-011, 0.0000000000000000E+000,-1.2924697071141057E-026,2,0,1,2,4,2,T,F,T
1,8, 4.0000000000000001E-003, 5.0000000000000001E-003, 4.0039062499999997E-003, 3.9062500000000001E-006,temporal,T,T,0,T, 7.8110031863927381E+000, 3.9065639612090308E-011, 0.0000000000000000E+000, 0.0000000000000000E+000,2,0,1,2,4,2,T,F,T
