soil,wet,mode,dt_day,macro_storage_cm,exchange_cm,bottom_cm,theta_top,theta_mid,theta_bottom,head_top_cm,head_mid_cm,head_bottom_cm
1,0,7,0.00025,0.0,0.0,0.0,0.0,0.0,0.0,0.0,0.0,0.0
1,0,7,0.0005,0.0,0.0,0.0,0.0,0.0,0.0,0.0,0.0,0.0
1,0,7,0.001,0.0,0.0,0.0,0.0,0.0,0.0,0.0,0.0,0.0
1,0,7,0.002,0.0,0.0,0.0,0.0,0.0,0.0,0.0,0.0,0.0
1,0,8,0.00025,0.0,0.0,0.0,0.0,0.0,0.0,0.0,0.0,0.0
1,0,8,0.0005,0.0,0.0,0.0,0.0,0.0,0.0,0.0,0.0,0.0
1,0,8,0.001,0.0,0.0,0.0,0.0,0.0,0.0,0.0,0.0,0.0
1,0,8,0.002,0.0,0.0,0.0,0.0,0.0,0.0,0.0,0.0,0.0
1,0,9,0.00025,0.0,0.0,0.0,0.0,0.0,0.0,0.0,0.0,0.0
1,0,9,0.0005,0.0,0.0,0.0,0.0,0.0,0.0,0.0,0.0,0.0
1,0,9,0.001,0.0,0.0,0.0,0.0,0.0,0.0,0.0,0.0,0.0
1,0,9,0.002,0.0,0.0,0.0,0.0,0.0,0.0,0.0,0.0,0.0
1,1,7,0.00025,0.00024863696193166973,0.00024863696193166973,0.00019956652986929946,1.6860104870564108e-06,2.6857526463919257e-07,0.0,0.0006867978487186122,0.0007123609241577178,0.0005194778157502355
1,1,7,0.0005,0.0005018346075331692,0.0005018346075331692,0.0003965527607037167,3.4817014513133238e-06,5.231830190743914e-07,0.0,0.0014142542942927605,0.0018987515347133055,0.0010476583362262204
1,1,7,0.001,0.0010132378130967012,0.0010132378130967012,0.000788850567972732,7.133480216081622e-06,1.2239441039008092e-06,0.0,0.0028974571235309554,0.0045068732833675185,0.003913038656349954
1,1,7,0.002,0.0020414674932889287,0.0020414674932889287,0.0015729996410092095,1.4351384430066894e-05,2.896272609631545e-06,0.0,0.0058286509402236675,0.1070136934533612,0.057355692461655394
1,1,8,0.00025,0.00024863696193166973,0.00024863696193166973,0.00019956652986929946,1.6860104870564108e-06,2.6857526463919257e-07,0.0,0.0006867978487186122,0.0007123609241577178,0.0005194778157502355
1,1,8,0.0005,0.0005018346075331692,0.0005018346075331692,0.0003965527607037167,3.4817014513133238e-06,5.231830190743914e-07,0.0,0.0014142542942927605,0.0018987515347133055,0.0010476583362262204
1,1,8,0.001,0.0010132378130967012,0.0010132378130967012,0.000788850567972732,7.133480216081622e-06,1.2239441039008092e-06,0.0,0.0028974571235309554,0.0045068732833675185,0.003913038656349954
1,1,8,0.002,0.0020414674932889287,0.0020414674932889287,0.0015729996410092095,1.4351384430066894e-05,2.896272609631545e-06,0.0,0.0058286509402236675,0.1070136934533612,0.057355692461655394
1,1,9,0.00025,0.00024863696193166973,0.00024863696193166973,0.00019956652986929946,1.6860104870564108e-06,2.6857526463919257e-07,0.0,0.0006867978487186122,0.0007123609241577178,0.0005194778157502355
1,1,9,0.0005,0.0005018346075331692,0.0005018346075331692,0.0003965527607037167,3.4817014513133238e-06,5.231830190743914e-07,0.0,0.0014142542942927605,0.0018987515347133055,0.0010476583362262204
1,1,9,0.001,0.0010132378130967012,0.0010132378130967012,0.000788850567972732,7.133480216081622e-06,1.2239441039008092e-06,0.0,0.0028974571235309554,0.0045068732833675185,0.003913038656349954
1,1,9,0.002,0.0020414674932889287,0.0020414674932889287,0.0015729996410092095,1.4351384430066894e-05,2.896272609631545e-06,0.0,0.0058286509402236675,0.1070136934533612,0.057355692461655394
1,2,7,0.00025,0.0003353826684606709,0.0003353826684742156,9.569994920854974e-05,1.5692687161450447e-05,0.0,0.0,0.006452209096565298,0.1487537383684483,0.02294103168275541
1,2,7,0.0005,0.0004205200866431724,0.00042052008664084095,0.00012712303961148752,1.983611733491486e-05,0.0,0.0,0.008154419346144692,0.2567213205572614,0.03680175140060982
1,2,7,0.001,0.0005179099668737308,0.0005179099668742859,0.00018193766794483146,2.589092676857918e-05,0.0,0.0,0.010641133887560272,1.396331902369333,0.31175720285632735
1,2,7,0.002,0.0012499059949426794,0.0012499059949445668,0.0004317997779122451,3.2329349994031364e-05,0.0,0.0,0.013283581845062287,20.459721125826242,1.2367599033559102
1,2,8,0.00025,0.0003353826684606709,0.0003353826684742156,9.569994920854974e-05,1.5692687161450447e-05,0.0,0.0,0.006452209096565298,0.1487537383684483,0.02294103168275541
1,2,8,0.0005,0.0004205200866431724,0.00042052008664084095,0.00012712303961148752,1.983611733491486e-05,0.0,0.0,0.008154419346144692,0.2567213205572614,0.03680175140060982
1,2,8,0.001,0.0005179099668737308,0.0005179099668742859,0.00018193766794483146,2.589092676857918e-05,0.0,0.0,0.010641133887560272,1.396331902369333,0.31175720285632735
1,2,8,0.002,0.0012499059949426794,0.0012499059949445668,0.0004317997779122451,3.2329349994031364e-05,0.0,0.0,0.013283581845062287,20.459721125826242,1.2367599033559102
1,2,9,0.00025,0.0003353826684606709,0.0003353826684742156,9.569994920854974e-05,1.5692687161450447e-05,0.0,0.0,0.006452209096565298,0.1487537383684483,0.02294103168275541
1,2,9,0.0005,0.0004205200866431724,0.00042052008664084095,0.00012712303961148752,1.983611733491486e-05,0.0,0.0,0.008154419346144692,0.2567213205572614,0.03680175140060982
1,2,9,0.001,0.0005179099668737308,0.0005179099668742859,0.00018193766794483146,2.589092676857918e-05,0.0,0.0,0.010641133887560272,1.396331902369333,0.31175720285632735
1,2,9,0.002,0.0012499059949426794,0.0012499059949445668,0.0004317997779122451,3.2329349994031364e-05,0.0,0.0,0.013283581845062287,20.459721125826242,1.2367599033559102
1,3,7,0.00025,0.002951700516044653,0.002951700516040656,0.00552005747454809,9.373522472100326e-08,1.4102882129690686e-05,0.0004123231293495233,0.0001968786358190755,0.016234191058657643,0.15604169151909275
1,3,7,0.0005,0.005592682876424393,0.005592682876427002,0.010554101652368697,1.6533795324513711e-07,0.00011150138300353163,0.0007959741607361792,0.00034727009514767815,0.1284288683686725,0.30170862943820964
1,3,7,0.001,0.010644211268648535,0.010644211268644899,0.020536569939337612,2.687940674761524e-07,0.0001130907773509715,0.001578708051596045,0.0005645636824453959,0.13014208829198992,0.6003180873730614
1,3,7,0.002,0.020423518503599747,0.02042351850359969,0.0415426134853667,4.6406836076706703e-07,0.0031905087284831435,0.003323162389518408,0.0009747035905434132,3.603464140662041,1.2725633236174474
1,3,8,0.00025,0.002951700516044653,0.002951700516040656,0.00552005747454809,9.373522472100326e-08,1.4102882129690686e-05,0.0004123231293495233,0.0001968786358190755,0.016234191058657643,0.15604169151909275
1,3,8,0.0005,0.005592682876424393,0.005592682876427002,0.010554101652368697,1.6533795324513711e-07,0.00011150138300353163,0.0007959741607361792,0.00034727009514767815,0.1284288683686725,0.30170862943820964
1,3,8,0.001,0.010644211268648535,0.010644211268644899,0.020536569939337612,2.687940674761524e-07,0.0001130907773509715,0.001578708051596045,0.0005645636824453959,0.13014208829198992,0.6003180873730614
1,3,8,0.002,0.020423518503599747,0.02042351850359969,0.0415426134853667,4.6406836076706703e-07,0.0031905087284831435,0.003323162389518408,0.0009747035905434132,3.603464140662041,1.2725633236174474
1,3,9,0.00025,0.002951700516044653,0.002951700516040656,0.00552005747454809,9.373522472100326e-08,1.4102882129690686e-05,0.0004123231293495233,0.0001968786358190755,0.016234191058657643,0.15604169151909275
1,3,9,0.0005,0.005592682876424393,0.005592682876427002,0.010554101652368697,1.6533795324513711e-07,0.00011150138300353163,0.0007959741607361792,0.00034727009514767815,0.1284288683686725,0.30170862943820964
1,3,9,0.001,0.010644211268648535,0.010644211268644899,0.020536569939337612,2.687940674761524e-07,0.0001130907773509715,0.001578708051596045,0.0005645636824453959,0.13014208829198992,0.6003180873730614
1,3,9,0.002,0.020423518503599747,0.02042351850359969,0.0415426134853667,4.6406836076706703e-07,0.0031905087284831435,0.003323162389518408,0.0009747035905434132,3.603464140662041,1.2725633236174474
1,4,7,0.00025,0.00020977088241508346,0.00020977088246820763,0.00011268728297281205,0.0,1.0907941216942163e-14,1.8584474498373194e-05,0.0,1.6228796084760688e-11,0.013046618931596754
1,4,7,0.0005,0.00041959225291160474,0.00041959225290821855,0.00022544492831583218,0.0,1.0130785099704553e-14,3.7171142784397926e-05,0.0,1.5063505998114124e-11,0.026084206399744403
1,4,7,0.001,0.0008393407480090653,0.0008393407480058457,0.0004511485874595378,0.0,1.3350431871117507e-14,7.435078456780042e-05,0.0,1.9838353182421997e-11,0.05214671593240894
1,4,7,0.002,0.001679194987270316,0.001679194987270094,0.0009032797601253306,0.0,2.7200464103316335e-14,0.00014873658603786755,0.0,4.0387249100604095e-11,0.10424990212334251
1,4,8,0.00025,0.002152747063582039,0.002152747063642213,0.0010378672171008074,0.0,1.5265566588595902e-14,0.00013156280329473802,0.0,2.2652102416031994e-11,0.06125226407378648
1,4,8,0.0005,0.002498069209324716,0.0024980692093181656,0.001210414771330992,0.0,1.2684298056342413e-14,0.00015249385364657364,0.0,1.8843593352357857e-11,0.0665598354141892
1,4,8,0.001,0.0025005309716327195,0.002500530971634163,0.0012013660612670285,0.0,1.6958656701149266e-14,0.0001671281670901359,0.0,2.5210056264768355e-11,0.07999520606585975
1,4,8,0.002,0.0033893355176010664,0.0033893355176000117,0.001605672959176907,0.0,2.911559882079473e-14,0.00022101304577043512,0.0,4.32578417530749e-11,0.11847845321226202
1,4,9,0.00025,0.0009662061893573326,0.000966206189381591,0.0004235866899386931,0.0,1.1407541578023483e-14,5.8875831704330306e-05,0.0,1.693933882052079e-11,0.02278654845574124
1,4,9,0.0005,0.0008287210164910075,0.0008287210164970027,0.00044288178537743583,0.0,1.1102230246251565e-14,6.395364167793849e-05,0.0,1.6513013179064728e-11,0.033725227308522676
1,4,9,0.001,0.0014818268663171485,0.001481826866313929,0.000678651006348896,0.0,1.479372180313021e-14,9.475899504302054e-05,0.0,2.1969981389702298e-11,0.056086049774947355
1,4,9,0.002,0.0020830168928905046,0.002083016892891365,0.001121036188447111,0.0,2.7672308888782027e-14,0.0001582970044690657,0.0,4.11262135457946e-11,0.10676703477425065
2,0,7,0.00025,0.0,0.0,0.0,0.0,0.0,0.0,0.0,0.0,0.0
2,0,7,0.0005,0.0,0.0,0.0,0.0,0.0,0.0,0.0,0.0,0.0
2,0,7,0.001,0.0,0.0,0.0,0.0,0.0,0.0,0.0,0.0,0.0
2,0,7,0.002,0.0,0.0,0.0,0.0,0.0,0.0,0.0,0.0,0.0
2,0,8,0.00025,0.0,0.0,0.0,0.0,0.0,0.0,0.0,0.0,0.0
2,0,8,0.0005,0.0,0.0,0.0,0.0,0.0,0.0,0.0,0.0,0.0
2,0,8,0.001,0.0,0.0,0.0,0.0,0.0,0.0,0.0,0.0,0.0
2,0,8,0.002,0.0,0.0,0.0,0.0,0.0,0.0,0.0,0.0,0.0
2,0,9,0.00025,0.0,0.0,0.0,0.0,0.0,0.0,0.0,0.0,0.0
2,0,9,0.0005,0.0,0.0,0.0,0.0,0.0,0.0,0.0,0.0,0.0
2,0,9,0.001,0.0,0.0,0.0,0.0,0.0,0.0,0.0,0.0,0.0
2,0,9,0.002,0.0,0.0,0.0,0.0,0.0,0.0,0.0,0.0,0.0
2,1,7,0.00025,0.0007460277690427564,0.0007460277690427564,0.0006862760661388023,1.419888047277107e-05,2.8683425490338976e-07,0.0,0.005233581504601403,0.6563778465633376,0.22567261999728316
2,1,7,0.0005,0.0015056068590539873,0.0015056068590539873,0.0012284831080018321,2.002902492759251e-05,2.423935725470727e-07,0.0,0.0073823554172278705,1.1096658711699092,0.37619720062765794
2,1,7,0.001,0.0030773091318709866,0.0030773091318709866,0.002207675403920195,3.5089682194677785e-05,1.0061742418687736e-06,0.0,0.014078125717091439,1.8789468331007662,0.6536539190761061
2,1,7,0.002,0.02110981962006475,0.02110981962006475,0.00967356352514992,6.600431207115509e-05,0.0002585157638132496,0.0,0.026470494780458154,35.34044009771239,13.262048121259923
2,1,8,0.00025,0.0007460277690427564,0.0007460277690427564,0.0006852150072034213,1.3617815435684744e-05,2.506266092439091e-07,0.0,0.005019396197852188,0.6541868112808125,0.2250328482619608
2,1,8,0.0005,0.0015056068590539873,0.0015056068590539873,0.001227811600578388,1.9674903107114172e-05,2.542756697421211e-07,0.0,0.007251822378563588,1.108592495931017,0.3759168500386494
2,1,8,0.001,0.0030925374500050395,0.0030925374500050395,0.002207213195993596,3.5089682194677785e-05,1.0128819686316959e-06,0.0,0.014078125717091439,1.8828162945950773,0.6533526029256365
2,1,8,0.002,0.021099049190705266,0.021099049190705266,0.009675303647486366,6.600431207115509e-05,0.00025848660629618214,0.0,0.026470494780458154,35.33999807331739,13.26191445784221
2,1,9,0.00025,0.0007460277690427564,0.0007460277690427564,0.0006861582071193695,1.4101180164149962e-05,2.807846582464357e-07,0.0,0.005197568479054837,0.6561721387593771,0.22561324070758815
2,1,9,0.0005,0.0015056068590539873,0.0015056068590539873,0.0012283862655606548,1.9960978555499942e-05,2.4467411091633195e-07,0.0,0.007357273289603228,1.109475490379161,0.3761484787042235
2,1,9,0.001,0.003079846512297202,0.003079846512297202,0.002207237707563703,3.5089682194677785e-05,1.008221445664148e-06,0.0,0.014078125717091439,1.8795321509854013,0.6537002170833972
2,1,9,0.002,0.021109653080180202,0.021109653080180202,0.009673868132304086,6.600431207115509e-05,0.00025851564030276997,0.0,0.026470494780458154,35.34043357273165,13.262040308949537
2,2,7,0.00025,0.0005515633545525311,0.0005515633545538634,0.00048050826298551286,3.413430474569212e-05,1.26426583535455e-07,0.0,0.013439502447070595,0.19880080213915186,0.09186511767804717
2,2,7,0.0005,0.0008392962387371306,0.0008392962387426817,0.0006783328065886884,4.671113961995932e-05,1.446519412584557e-07,0.0,0.018386311085542673,0.4568133416666367,0.20802624861533303
2,2,7,0.001,0.0010786889250988807,0.0010786889250971043,0.000993985399757591,6.327641574099818e-05,1.4181443297456298e-07,0.0,0.02489751610450952,1.221233249926037,0.5435566839791477
2,2,7,0.002,0.0013777062078679236,0.001377706207869256,0.001917345244494717,8.542014175405566e-05,1.4524656655190427e-07,0.0,0.032633725887048826,2.960418748461972,1.2297367992128088
2,2,8,0.00025,0.0005515633545525311,0.0005515633545538634,0.00048050826298551286,3.413430474569212e-05,1.26426583535455e-07,0.0,0.013439502447070595,0.19880080213915186,0.09186511767804717
2,2,8,0.0005,0.0008392962387371306,0.0008392962387426817,0.0006783328065886884,4.671113961995932e-05,1.446519412584557e-07,0.0,0.018386311085542673,0.4568133416666367,0.20802624861533303
2,2,8,0.001,0.0010786889250988807,0.0010786889250971043,0.000993985399757591,6.327641574099818e-05,1.4181443297456298e-07,0.0,0.02489751610450952,1.221233249926037,0.5435566839791477
2,2,8,0.002,0.0013777062078679236,0.001377706207869256,0.001917345244494717,8.542014175405566e-05,1.4524656655190427e-07,0.0,0.032633725887048826,2.960418748461972,1.2297367992128088
2,2,9,0.00025,0.0005515633545525311,0.0005515633545538634,0.00048050826298551286,3.413430474569212e-05,1.26426583535455e-07,0.0,0.013439502447070595,0.19880080213915186,0.09186511767804717
2,2,9,0.0005,0.0008392962387371306,0.0008392962387426817,0.0006783328065886884,4.671113961995932e-05,1.446519412584557e-07,0.0,0.018386311085542673,0.4568133416666367,0.20802624861533303
2,2,9,0.001,0.0010786889250988807,0.0010786889250971043,0.000993985399757591,6.327641574099818e-05,1.4181443297456298e-07,0.0,0.02489751610450952,1.221233249926037,0.5435566839791477
2,2,9,0.002,0.0013777062078679236,0.001377706207869256,0.001917345244494717,8.542014175405566e-05,1.4524656655190427e-07,0.0,0.032633725887048826,2.960418748461972,1.2297367992128088
2,3,7,0.00025,0.00041929684738736817,0.00041929684737906925,0.03681749300976089,7.4880835785329225e-06,0.00020645359090595838,0.0012620395610115631,0.015723283143557865,0.23564546906879968,0.5176900896613574
2,3,7,0.0005,0.0007884920923802597,0.0007884920923837413,0.07601731542577483,1.3147740287183796e-05,0.005666779068093486,0.002763872396380318,0.02760253715294425,6.292533974287906,1.143901771502783
2,3,7,0.001,0.00146185634851035,0.0014618563485098157,0.1781133992869881,2.510947693948329e-05,0.010442266272316758,0.007452776313799425,0.052698365595745145,10.558506672145981,3.1592659028534342
2,3,7,0.002,0.0026000183330384973,0.002600018333041465,0.5743624481491081,5.322663679577233e-05,0.014779140668144786,0.043394164058110196,0.11163623416683777,13.02753165436691,21.354699126216687
2,3,8,0.00025,0.00041929684738736817,0.00041929684737906925,0.03681749300976089,7.4880835785329225e-06,0.00020645359090595838,0.0012620395610115631,0.015723283143557865,0.23564546906879968,0.5176900896613574
2,3,8,0.0005,0.0007884920923802597,0.0007884920923837413,0.07601731542577483,1.3147740287183796e-05,0.005666779068093486,0.002763872396380318,0.02760253715294425,6.292533974287906,1.143901771502783
2,3,8,0.001,0.00146185634851035,0.0014618563485098157,0.1781133992869881,2.510947693948329e-05,0.010442266272316758,0.007452776313799425,0.052698365595745145,10.558506672145981,3.1592659028534342
2,3,8,0.002,0.0026000183330384973,0.002600018333041465,0.5743624481491081,5.322663679577233e-05,0.014779140668144786,0.043394164058110196,0.11163623416683777,13.02753165436691,21.354699126216687
2,3,9,0.00025,0.00041929684738736817,0.00041929684737906925,0.03681749300976089,7.4880835785329225e-06,0.00020645359090595838,0.0012620395610115631,0.015723283143557865,0.23564546906879968,0.5176900896613574
2,3,9,0.0005,0.0007884920923802597,0.0007884920923837413,0.07601731542577483,1.3147740287183796e-05,0.005666779068093486,0.002763872396380318,0.02760253715294425,6.292533974287906,1.143901771502783
2,3,9,0.001,0.00146185634851035,0.0014618563485098157,0.1781133992869881,2.510947693948329e-05,0.010442266272316758,0.007452776313799425,0.052698365595745145,10.558506672145981,3.1592659028534342
2,3,9,0.002,0.0026000183330384973,0.002600018333041465,0.5743624481491081,5.322663679577233e-05,0.014779140668144786,0.043394164058110196,0.11163623416683777,13.02753165436691,21.354699126216687
2,4,7,0.00025,0.00023479184426836164,0.00023479184428221167,0.00018686160195480195,0.0,7.854689121344904e-12,1.9628181789660415e-05,0.0,1.1668475963233504e-08,0.01458395613011021
2,4,7,0.0005,0.00046962269389502764,0.000469622693892946,0.0003737777738064274,0.0,1.5741574710403938e-11,3.925724279066345e-05,0.0,2.3384728820019518e-08,0.02916051321679447
2,4,7,0.001,0.0009393972274126805,0.0009393972274105433,0.0007477704539331498,0.0,3.163810879946993e-11,7.852117109144463e-05,0.0,4.699967348642531e-08,0.05829380200952983
2,4,7,0.002,0.0018796368988606982,0.0018796368988616141,0.0014965900015522227,0.0,6.390735163286365e-11,0.00015710015612949157,0.0,9.493692232354078e-08,0.11650186888302017
2,4,8,0.00025,0.0014156126468308217,0.001415612646829878,0.0009521676848466276,0.0,1.1897344220912487e-11,6.23436949918621e-05,0.0,1.767395474416844e-08,0.032311538418213104
2,4,8,0.0005,0.001288648152499322,0.0012886481524991833,0.0009950762029742322,0.0,1.9165113940289302e-11,6.300876792098009e-05,0.0,2.847053792720544e-08,0.04162645996176195
2,4,8,0.001,0.001960896604767337,0.0019608966047675036,0.0013154553469308938,0.0,3.493658140563127e-11,9.930416555131716e-05,0.0,5.189971830077411e-08,0.06537006384891697
2,4,8,0.002,0.0028208012441668373,0.0028208012441666153,0.002042312427302573,0.0,6.651648676303523e-11,0.0001703714716550231,0.0,9.88129045254027e-08,0.12636944317181076
2,4,9,0.00025,0.0005575479952847212,0.000557547995289509,0.0003757759019689111,0.0,8.842288012900212e-12,2.491756551356583e-05,0.0,1.3135576182321529e-08,0.018516255623595157
2,4,9,0.0005,0.0007222582877877692,0.0007222582877857153,0.0005440159566868497,0.0,1.666616844531177e-11,4.389633965312667e-05,0.0,2.4758264771662652e-08,0.03155998422646178
2,4,9,0.001,0.0012358622450382162,0.0012358622450401313,0.0008870170669846855,0.0,3.249228663904091e-11,8.174843787964181e-05,0.0,4.8268560703945695e-08,0.06069275553652176
2,4,9,0.002,0.002075824511071439,0.0020758245110705786,0.0016453420720524692,0.0,6.459283108384284e-11,0.00015905064346177777,0.0,9.595527217243216e-08,0.11795135606043061
