soil,wet,reverse_on,dt_day,time_day,exchange_cm,bottom_cm,storage_cm,storage_change_cm,max_abs_head_change_cm,mass_residual_cm,newton,backtracks,cpu_seconds
1,0,0,  2.0000000000000000E-03,  1.0000000000000001E-01,  0.0000000000000000E+00,  0.0000000000000000E+00,  1.8574038640269027E+01,  0.0000000000000000E+00,  0.0000000000000000E+00,  0.0000000000000000E+00,50,50,  1.7200000000000006E-04
1,0,0,  2.0000000000000000E-03,  2.0000000000000001E-01,  0.0000000000000000E+00,  0.0000000000000000E+00,  1.8574038640269027E+01,  0.0000000000000000E+00,  0.0000000000000000E+00,  0.0000000000000000E+00,100,100,  4.1500000000000000E-04
1,0,0,  2.0000000000000000E-03,  2.9999999999999999E-01,  0.0000000000000000E+00,  0.0000000000000000E+00,  1.8574038640269027E+01,  0.0000000000000000E+00,  0.0000000000000000E+00,  0.0000000000000000E+00,150,150,  5.6999999999999998E-04
1,0,0,  2.0000000000000000E-03,  4.0000000000000002E-01,  0.0000000000000000E+00,  0.0000000000000000E+00,  1.8574038640269027E+01,  0.0000000000000000E+00,  0.0000000000000000E+00,  0.0000000000000000E+00,200,200,  7.4400000000000009E-04
1,0,0,  2.0000000000000000E-03,  5.0000000000000000E-01,  0.0000000000000000E+00,  0.0000000000000000E+00,  1.8574038640269027E+01,  0.0000000000000000E+00,  0.0000000000000000E+00,  0.0000000000000000E+00,250,250,  8.9800000000000014E-04
1,0,0,  2.0000000000000000E-03,  5.9999999999999998E-01,  0.0000000000000000E+00,  0.0000000000000000E+00,  1.8574038640269027E+01,  0.0000000000000000E+00,  0.0000000000000000E+00,  0.0000000000000000E+00,300,300,  1.0510000000000001E-03
1,0,0,  2.0000000000000000E-03,  7.0000000000000007E-01,  0.0000000000000000E+00,  0.0000000000000000E+00,  1.8574038640269027E+01,  0.0000000000000000E+00,  0.0000000000000000E+00,  0.0000000000000000E+00,350,350,  1.2040000000000000E-03
1,0,0,  2.0000000000000000E-03,  8.0000000000000004E-01,  0.0000000000000000E+00,  0.0000000000000000E+00,  1.8574038640269027E+01,  0.0000000000000000E+00,  0.0000000000000000E+00,  0.0000000000000000E+00,400,400,  1.3559999999999998E-03
1,0,0,  2.0000000000000000E-03,  9.0000000000000002E-01,  0.0000000000000000E+00,  0.0000000000000000E+00,  1.8574038640269027E+01,  0.0000000000000000E+00,  0.0000000000000000E+00,  0.0000000000000000E+00,450,450,  1.5089999999999997E-03
1,0,0,  2.0000000000000000E-03,  1.0000000000000000E+00,  0.0000000000000000E+00,  0.0000000000000000E+00,  1.8574038640269027E+01,  0.0000000000000000E+00,  0.0000000000000000E+00,  0.0000000000000000E+00,500,500,  1.6609999999999999E-03
1,0,0,  1.0000000000000000E-03,  1.0000000000000001E-01,  0.0000000000000000E+00,  0.0000000000000000E+00,  1.8574038640269027E+01,  0.0000000000000000E+00,  0.0000000000000000E+00,  0.0000000000000000E+00,100,100,  3.1100000000000008E-04
1,0,0,  1.0000000000000000E-03,  2.0000000000000001E-01,  0.0000000000000000E+00,  0.0000000000000000E+00,  1.8574038640269027E+01,  0.0000000000000000E+00,  0.0000000000000000E+00,  0.0000000000000000E+00,200,200,  6.1199999999999970E-04
1,0,0,  1.0000000000000000E-03,  2.9999999999999999E-01,  0.0000000000000000E+00,  0.0000000000000000E+00,  1.8574038640269027E+01,  0.0000000000000000E+00,  0.0000000000000000E+00,  0.0000000000000000E+00,300,300,  9.2599999999999974E-04
1,0,0,  1.0000000000000000E-03,  4.0000000000000002E-01,  0.0000000000000000E+00,  0.0000000000000000E+00,  1.8574038640269027E+01,  0.0000000000000000E+00,  0.0000000000000000E+00,  0.0000000000000000E+00,400,400,  1.2409999999999999E-03
1,0,0,  1.0000000000000000E-03,  5.0000000000000000E-01,  0.0000000000000000E+00,  0.0000000000000000E+00,  1.8574038640269027E+01,  0.0000000000000000E+00,  0.0000000000000000E+00,  0.0000000000000000E+00,500,500,  1.5519999999999996E-03
1,0,0,  1.0000000000000000E-03,  5.9999999999999998E-01,  0.0000000000000000E+00,  0.0000000000000000E+00,  1.8574038640269027E+01,  0.0000000000000000E+00,  0.0000000000000000E+00,  0.0000000000000000E+00,600,600,  1.8519999999999995E-03
1,0,0,  1.0000000000000000E-03,  7.0000000000000007E-01,  0.0000000000000000E+00,  0.0000000000000000E+00,  1.8574038640269027E+01,  0.0000000000000000E+00,  0.0000000000000000E+00,  0.0000000000000000E+00,700,700,  2.1659999999999995E-03
1,0,0,  1.0000000000000000E-03,  8.0000000000000004E-01,  0.0000000000000000E+00,  0.0000000000000000E+00,  1.8574038640269027E+01,  0.0000000000000000E+00,  0.0000000000000000E+00,  0.0000000000000000E+00,800,800,  2.4929999999999996E-03
1,0,0,  1.0000000000000000E-03,  9.0000000000000002E-01,  0.0000000000000000E+00,  0.0000000000000000E+00,  1.8574038640269027E+01,  0.0000000000000000E+00,  0.0000000000000000E+00,  0.0000000000000000E+00,900,900,  2.8100000000000000E-03
1,0,0,  1.0000000000000000E-03,  1.0000000000000000E+00,  0.0000000000000000E+00,  0.0000000000000000E+00,  1.8574038640269027E+01,  0.0000000000000000E+00,  0.0000000000000000E+00,  0.0000000000000000E+00,1000,1000,  3.1440000000000001E-03
1,0,0,  5.0000000000000001E-04,  1.0000000000000001E-01,  0.0000000000000000E+00,  0.0000000000000000E+00,  1.8574038640269027E+01,  0.0000000000000000E+00,  0.0000000000000000E+00,  0.0000000000000000E+00,200,200,  5.9399999999999991E-04
1,0,0,  5.0000000000000001E-04,  2.0000000000000001E-01,  0.0000000000000000E+00,  0.0000000000000000E+00,  1.8574038640269027E+01,  0.0000000000000000E+00,  0.0000000000000000E+00,  0.0000000000000000E+00,400,400,  1.2060000000000005E-03
1,0,0,  5.0000000000000001E-04,  2.9999999999999999E-01,  0.0000000000000000E+00,  0.0000000000000000E+00,  1.8574038640269027E+01,  0.0000000000000000E+00,  0.0000000000000000E+00,  0.0000000000000000E+00,600,600,  1.8149999999999998E-03
1,0,0,  5.0000000000000001E-04,  4.0000000000000002E-01,  0.0000000000000000E+00,  0.0000000000000000E+00,  1.8574038640269027E+01,  0.0000000000000000E+00,  0.0000000000000000E+00,  0.0000000000000000E+00,800,800,  2.4900000000000000E-03
1,0,0,  5.0000000000000001E-04,  5.0000000000000000E-01,  0.0000000000000000E+00,  0.0000000000000000E+00,  1.8574038640269027E+01,  0.0000000000000000E+00,  0.0000000000000000E+00,  0.0000000000000000E+00,1000,1000,  3.1159999999999998E-03
1,0,0,  5.0000000000000001E-04,  5.9999999999999998E-01,  0.0000000000000000E+00,  0.0000000000000000E+00,  1.8574038640269027E+01,  0.0000000000000000E+00,  0.0000000000000000E+00,  0.0000000000000000E+00,1200,1200,  3.7320000000000001E-03
1,0,0,  5.0000000000000001E-04,  7.0000000000000007E-01,  0.0000000000000000E+00,  0.0000000000000000E+00,  1.8574038640269027E+01,  0.0000000000000000E+00,  0.0000000000000000E+00,  0.0000000000000000E+00,1400,1400,  4.3430000000000005E-03
1,0,0,  5.0000000000000001E-04,  8.0000000000000004E-01,  0.0000000000000000E+00,  0.0000000000000000E+00,  1.8574038640269027E+01,  0.0000000000000000E+00,  0.0000000000000000E+00,  0.0000000000000000E+00,1600,1600,  4.9550000000000002E-03
1,0,0,  5.0000000000000001E-04,  9.0000000000000002E-01,  0.0000000000000000E+00,  0.0000000000000000E+00,  1.8574038640269027E+01,  0.0000000000000000E+00,  0.0000000000000000E+00,  0.0000000000000000E+00,1800,1800,  5.5520000000000005E-03
1,0,0,  5.0000000000000001E-04,  1.0000000000000000E+00,  0.0000000000000000E+00,  0.0000000000000000E+00,  1.8574038640269027E+01,  0.0000000000000000E+00,  0.0000000000000000E+00,  0.0000000000000000E+00,2000,2000,  6.1739999999999998E-03
1,0,1,  2.0000000000000000E-03,  1.0000000000000001E-01,  0.0000000000000000E+00,  0.0000000000000000E+00,  1.8574038640269027E+01,  0.0000000000000000E+00,  0.0000000000000000E+00,  0.0000000000000000E+00,50,50,  2.3699999999999936E-04
1,0,1,  2.0000000000000000E-03,  2.0000000000000001E-01,  0.0000000000000000E+00,  0.0000000000000000E+00,  1.8574038640269027E+01,  0.0000000000000000E+00,  0.0000000000000000E+00,  0.0000000000000000E+00,100,100,  4.0599999999999838E-04
1,0,1,  2.0000000000000000E-03,  2.9999999999999999E-01,  0.0000000000000000E+00,  0.0000000000000000E+00,  1.8574038640269027E+01,  0.0000000000000000E+00,  0.0000000000000000E+00,  0.0000000000000000E+00,150,150,  5.7299999999999886E-04
1,0,1,  2.0000000000000000E-03,  4.0000000000000002E-01,  0.0000000000000000E+00,  0.0000000000000000E+00,  1.8574038640269027E+01,  0.0000000000000000E+00,  0.0000000000000000E+00,  0.0000000000000000E+00,200,200,  7.6499999999999832E-04
1,0,1,  2.0000000000000000E-03,  5.0000000000000000E-01,  0.0000000000000000E+00,  0.0000000000000000E+00,  1.8574038640269027E+01,  0.0000000000000000E+00,  0.0000000000000000E+00,  0.0000000000000000E+00,250,250,  9.3199999999999880E-04
1,0,1,  2.0000000000000000E-03,  5.9999999999999998E-01,  0.0000000000000000E+00,  0.0000000000000000E+00,  1.8574038640269027E+01,  0.0000000000000000E+00,  0.0000000000000000E+00,  0.0000000000000000E+00,300,300,  1.1119999999999984E-03
1,0,1,  2.0000000000000000E-03,  7.0000000000000007E-01,  0.0000000000000000E+00,  0.0000000000000000E+00,  1.8574038640269027E+01,  0.0000000000000000E+00,  0.0000000000000000E+00,  0.0000000000000000E+00,350,350,  1.2949999999999993E-03
1,0,1,  2.0000000000000000E-03,  8.0000000000000004E-01,  0.0000000000000000E+00,  0.0000000000000000E+00,  1.8574038640269027E+01,  0.0000000000000000E+00,  0.0000000000000000E+00,  0.0000000000000000E+00,400,400,  1.4609999999999988E-03
1,0,1,  2.0000000000000000E-03,  9.0000000000000002E-01,  0.0000000000000000E+00,  0.0000000000000000E+00,  1.8574038640269027E+01,  0.0000000000000000E+00,  0.0000000000000000E+00,  0.0000000000000000E+00,450,450,  1.6289999999999985E-03
1,0,1,  2.0000000000000000E-03,  1.0000000000000000E+00,  0.0000000000000000E+00,  0.0000000000000000E+00,  1.8574038640269027E+01,  0.0000000000000000E+00,  0.0000000000000000E+00,  0.0000000000000000E+00,500,500,  1.8129999999999986E-03
1,0,1,  1.0000000000000000E-03,  1.0000000000000001E-01,  0.0000000000000000E+00,  0.0000000000000000E+00,  1.8574038640269027E+01,  0.0000000000000000E+00,  0.0000000000000000E+00,  0.0000000000000000E+00,100,100,  3.2500000000000064E-04
1,0,1,  1.0000000000000000E-03,  2.0000000000000001E-01,  0.0000000000000000E+00,  0.0000000000000000E+00,  1.8574038640269027E+01,  0.0000000000000000E+00,  0.0000000000000000E+00,  0.0000000000000000E+00,200,200,  6.5400000000000007E-04
1,0,1,  1.0000000000000000E-03,  2.9999999999999999E-01,  0.0000000000000000E+00,  0.0000000000000000E+00,  1.8574038640269027E+01,  0.0000000000000000E+00,  0.0000000000000000E+00,  0.0000000000000000E+00,300,300,  9.9600000000000036E-04
1,0,1,  1.0000000000000000E-03,  4.0000000000000002E-01,  0.0000000000000000E+00,  0.0000000000000000E+00,  1.8574038640269027E+01,  0.0000000000000000E+00,  0.0000000000000000E+00,  0.0000000000000000E+00,400,400,  1.3270000000000001E-03
1,0,1,  1.0000000000000000E-03,  5.0000000000000000E-01,  0.0000000000000000E+00,  0.0000000000000000E+00,  1.8574038640269027E+01,  0.0000000000000000E+00,  0.0000000000000000E+00,  0.0000000000000000E+00,500,500,  1.6550000000000002E-03
1,0,1,  1.0000000000000000E-03,  5.9999999999999998E-01,  0.0000000000000000E+00,  0.0000000000000000E+00,  1.8574038640269027E+01,  0.0000000000000000E+00,  0.0000000000000000E+00,  0.0000000000000000E+00,600,600,  1.9979999999999998E-03
1,0,1,  1.0000000000000000E-03,  7.0000000000000007E-01,  0.0000000000000000E+00,  0.0000000000000000E+00,  1.8574038640269027E+01,  0.0000000000000000E+00,  0.0000000000000000E+00,  0.0000000000000000E+00,700,700,  2.3290000000000012E-03
1,0,1,  1.0000000000000000E-03,  8.0000000000000004E-01,  0.0000000000000000E+00,  0.0000000000000000E+00,  1.8574038640269027E+01,  0.0000000000000000E+00,  0.0000000000000000E+00,  0.0000000000000000E+00,800,800,  2.8690000000000000E-03
1,0,1,  1.0000000000000000E-03,  9.0000000000000002E-01,  0.0000000000000000E+00,  0.0000000000000000E+00,  1.8574038640269027E+01,  0.0000000000000000E+00,  0.0000000000000000E+00,  0.0000000000000000E+00,900,900,  3.2249999999999987E-03
1,0,1,  1.0000000000000000E-03,  1.0000000000000000E+00,  0.0000000000000000E+00,  0.0000000000000000E+00,  1.8574038640269027E+01,  0.0000000000000000E+00,  0.0000000000000000E+00,  0.0000000000000000E+00,1000,1000,  3.5789999999999988E-03
1,0,1,  5.0000000000000001E-04,  1.0000000000000001E-01,  0.0000000000000000E+00,  0.0000000000000000E+00,  1.8574038640269027E+01,  0.0000000000000000E+00,  0.0000000000000000E+00,  0.0000000000000000E+00,200,200,  6.6800000000000193E-04
1,0,1,  5.0000000000000001E-04,  2.0000000000000001E-01,  0.0000000000000000E+00,  0.0000000000000000E+00,  1.8574038640269027E+01,  0.0000000000000000E+00,  0.0000000000000000E+00,  0.0000000000000000E+00,400,400,  1.3530000000000000E-03
1,0,1,  5.0000000000000001E-04,  2.9999999999999999E-01,  0.0000000000000000E+00,  0.0000000000000000E+00,  1.8574038640269027E+01,  0.0000000000000000E+00,  0.0000000000000000E+00,  0.0000000000000000E+00,600,600,  2.0289999999999996E-03
1,0,1,  5.0000000000000001E-04,  4.0000000000000002E-01,  0.0000000000000000E+00,  0.0000000000000000E+00,  1.8574038640269027E+01,  0.0000000000000000E+00,  0.0000000000000000E+00,  0.0000000000000000E+00,800,800,  2.8070000000000005E-03
1,0,1,  5.0000000000000001E-04,  5.0000000000000000E-01,  0.0000000000000000E+00,  0.0000000000000000E+00,  1.8574038640269027E+01,  0.0000000000000000E+00,  0.0000000000000000E+00,  0.0000000000000000E+00,1000,1000,  3.4819999999999990E-03
1,0,1,  5.0000000000000001E-04,  5.9999999999999998E-01,  0.0000000000000000E+00,  0.0000000000000000E+00,  1.8574038640269027E+01,  0.0000000000000000E+00,  0.0000000000000000E+00,  0.0000000000000000E+00,1200,1200,  4.1549999999999990E-03
1,0,1,  5.0000000000000001E-04,  7.0000000000000007E-01,  0.0000000000000000E+00,  0.0000000000000000E+00,  1.8574038640269027E+01,  0.0000000000000000E+00,  0.0000000000000000E+00,  0.0000000000000000E+00,1400,1400,  4.8360000000000000E-03
1,0,1,  5.0000000000000001E-04,  8.0000000000000004E-01,  0.0000000000000000E+00,  0.0000000000000000E+00,  1.8574038640269027E+01,  0.0000000000000000E+00,  0.0000000000000000E+00,  0.0000000000000000E+00,1600,1600,  5.5070000000000015E-03
1,0,1,  5.0000000000000001E-04,  9.0000000000000002E-01,  0.0000000000000000E+00,  0.0000000000000000E+00,  1.8574038640269027E+01,  0.0000000000000000E+00,  0.0000000000000000E+00,  0.0000000000000000E+00,1800,1800,  6.1739999999999989E-03
1,0,1,  5.0000000000000001E-04,  1.0000000000000000E+00,  0.0000000000000000E+00,  0.0000000000000000E+00,  1.8574038640269027E+01,  0.0000000000000000E+00,  0.0000000000000000E+00,  0.0000000000000000E+00,2000,2000,  6.9010000000000009E-03
1,1,0,  2.0000000000000000E-03,  1.0000000000000001E-01,  0.0000000000000000E+00,  0.0000000000000000E+00,  4.2490271057335654E+01,  0.0000000000000000E+00,  0.0000000000000000E+00,  0.0000000000000000E+00,50,50,  9.4000000000000333E-05
1,1,0,  2.0000000000000000E-03,  2.0000000000000001E-01,  0.0000000000000000E+00,  0.0000000000000000E+00,  4.2490271057335654E+01,  0.0000000000000000E+00,  0.0000000000000000E+00,  0.0000000000000000E+00,100,100,  1.9600000000000173E-04
1,1,0,  2.0000000000000000E-03,  2.9999999999999999E-01,  0.0000000000000000E+00,  0.0000000000000000E+00,  4.2490271057335654E+01,  0.0000000000000000E+00,  0.0000000000000000E+00,  0.0000000000000000E+00,150,150,  2.9399999999999912E-04
1,1,0,  2.0000000000000000E-03,  4.0000000000000002E-01,  0.0000000000000000E+00,  0.0000000000000000E+00,  4.2490271057335654E+01,  0.0000000000000000E+00,  0.0000000000000000E+00,  0.0000000000000000E+00,200,200,  4.0499999999999911E-04
1,1,0,  2.0000000000000000E-03,  5.0000000000000000E-01,  0.0000000000000000E+00,  0.0000000000000000E+00,  4.2490271057335654E+01,  0.0000000000000000E+00,  0.0000000000000000E+00,  0.0000000000000000E+00,250,250,  5.0199999999999897E-04
1,1,0,  2.0000000000000000E-03,  5.9999999999999998E-01,  0.0000000000000000E+00,  0.0000000000000000E+00,  4.2490271057335654E+01,  0.0000000000000000E+00,  0.0000000000000000E+00,  0.0000000000000000E+00,300,300,  5.9899999999999884E-04
1,1,0,  2.0000000000000000E-03,  7.0000000000000007E-01,  0.0000000000000000E+00,  0.0000000000000000E+00,  4.2490271057335654E+01,  0.0000000000000000E+00,  0.0000000000000000E+00,  0.0000000000000000E+00,350,350,  6.9699999999999970E-04
1,1,0,  2.0000000000000000E-03,  8.0000000000000004E-01,  0.0000000000000000E+00,  0.0000000000000000E+00,  4.2490271057335654E+01,  0.0000000000000000E+00,  0.0000000000000000E+00,  0.0000000000000000E+00,400,400,  7.9399999999999957E-04
1,1,0,  2.0000000000000000E-03,  9.0000000000000002E-01,  0.0000000000000000E+00,  0.0000000000000000E+00,  4.2490271057335654E+01,  0.0000000000000000E+00,  0.0000000000000000E+00,  0.0000000000000000E+00,450,450,  9.1800000000000215E-04
1,1,0,  2.0000000000000000E-03,  1.0000000000000000E+00,  0.0000000000000000E+00,  0.0000000000000000E+00,  4.2490271057335654E+01,  0.0000000000000000E+00,  0.0000000000000000E+00,  0.0000000000000000E+00,500,500,  1.0159999999999995E-03
1,1,0,  1.0000000000000000E-03,  1.0000000000000001E-01,  0.0000000000000000E+00,  0.0000000000000000E+00,  4.2490271057335654E+01,  0.0000000000000000E+00,  0.0000000000000000E+00,  0.0000000000000000E+00,100,100,  1.8599999999999867E-04
1,1,0,  1.0000000000000000E-03,  2.0000000000000001E-01,  0.0000000000000000E+00,  0.0000000000000000E+00,  4.2490271057335654E+01,  0.0000000000000000E+00,  0.0000000000000000E+00,  0.0000000000000000E+00,200,200,  4.0699999999999764E-04
1,1,0,  1.0000000000000000E-03,  2.9999999999999999E-01,  0.0000000000000000E+00,  0.0000000000000000E+00,  4.2490271057335654E+01,  0.0000000000000000E+00,  0.0000000000000000E+00,  0.0000000000000000E+00,300,300,  6.0099999999999737E-04
1,1,0,  1.0000000000000000E-03,  4.0000000000000002E-01,  0.0000000000000000E+00,  0.0000000000000000E+00,  4.2490271057335654E+01,  0.0000000000000000E+00,  0.0000000000000000E+00,  0.0000000000000000E+00,400,400,  7.9100000000000004E-04
1,1,0,  1.0000000000000000E-03,  5.0000000000000000E-01,  0.0000000000000000E+00,  0.0000000000000000E+00,  4.2490271057335654E+01,  0.0000000000000000E+00,  0.0000000000000000E+00,  0.0000000000000000E+00,500,500,  9.8099999999999923E-04
1,1,0,  1.0000000000000000E-03,  5.9999999999999998E-01,  0.0000000000000000E+00,  0.0000000000000000E+00,  4.2490271057335654E+01,  0.0000000000000000E+00,  0.0000000000000000E+00,  0.0000000000000000E+00,600,600,  1.1729999999999970E-03
1,1,0,  1.0000000000000000E-03,  7.0000000000000007E-01,  0.0000000000000000E+00,  0.0000000000000000E+00,  4.2490271057335654E+01,  0.0000000000000000E+00,  0.0000000000000000E+00,  0.0000000000000000E+00,700,700,  1.3789999999999983E-03
1,1,0,  1.0000000000000000E-03,  8.0000000000000004E-01,  0.0000000000000000E+00,  0.0000000000000000E+00,  4.2490271057335654E+01,  0.0000000000000000E+00,  0.0000000000000000E+00,  0.0000000000000000E+00,800,800,  1.5689999999999975E-03
1,1,0,  1.0000000000000000E-03,  9.0000000000000002E-01,  0.0000000000000000E+00,  0.0000000000000000E+00,  4.2490271057335654E+01,  0.0000000000000000E+00,  0.0000000000000000E+00,  0.0000000000000000E+00,900,900,  1.7579999999999991E-03
1,1,0,  1.0000000000000000E-03,  1.0000000000000000E+00,  0.0000000000000000E+00,  0.0000000000000000E+00,  4.2490271057335654E+01,  0.0000000000000000E+00,  0.0000000000000000E+00,  0.0000000000000000E+00,1000,1000,  1.9479999999999983E-03
1,1,0,  5.0000000000000001E-04,  1.0000000000000001E-01,  0.0000000000000000E+00,  0.0000000000000000E+00,  4.2490271057335654E+01,  0.0000000000000000E+00,  0.0000000000000000E+00,  0.0000000000000000E+00,200,200,  3.6999999999999880E-04
1,1,0,  5.0000000000000001E-04,  2.0000000000000001E-01,  0.0000000000000000E+00,  0.0000000000000000E+00,  4.2490271057335654E+01,  0.0000000000000000E+00,  0.0000000000000000E+00,  0.0000000000000000E+00,400,400,  7.8100000000000044E-04
1,1,0,  5.0000000000000001E-04,  2.9999999999999999E-01,  0.0000000000000000E+00,  0.0000000000000000E+00,  4.2490271057335654E+01,  0.0000000000000000E+00,  0.0000000000000000E+00,  0.0000000000000000E+00,600,600,  1.1579999999999993E-03
1,1,0,  5.0000000000000001E-04,  4.0000000000000002E-01,  0.0000000000000000E+00,  0.0000000000000000E+00,  4.2490271057335654E+01,  0.0000000000000000E+00,  0.0000000000000000E+00,  0.0000000000000000E+00,800,800,  1.5499999999999993E-03
1,1,0,  5.0000000000000001E-04,  5.0000000000000000E-01,  0.0000000000000000E+00,  0.0000000000000000E+00,  4.2490271057335654E+01,  0.0000000000000000E+00,  0.0000000000000000E+00,  0.0000000000000000E+00,1000,1000,  1.9409999999999983E-03
1,1,0,  5.0000000000000001E-04,  5.9999999999999998E-01,  0.0000000000000000E+00,  0.0000000000000000E+00,  4.2490271057335654E+01,  0.0000000000000000E+00,  0.0000000000000000E+00,  0.0000000000000000E+00,1200,1200,  2.3180000000000006E-03
1,1,0,  5.0000000000000001E-04,  7.0000000000000007E-01,  0.0000000000000000E+00,  0.0000000000000000E+00,  4.2490271057335654E+01,  0.0000000000000000E+00,  0.0000000000000000E+00,  0.0000000000000000E+00,1400,1400,  2.7100000000000006E-03
1,1,0,  5.0000000000000001E-04,  8.0000000000000004E-01,  0.0000000000000000E+00,  0.0000000000000000E+00,  4.2490271057335654E+01,  0.0000000000000000E+00,  0.0000000000000000E+00,  0.0000000000000000E+00,1600,1600,  3.0850000000000009E-03
1,1,0,  5.0000000000000001E-04,  9.0000000000000002E-01,  0.0000000000000000E+00,  0.0000000000000000E+00,  4.2490271057335654E+01,  0.0000000000000000E+00,  0.0000000000000000E+00,  0.0000000000000000E+00,1800,1800,  3.4759999999999999E-03
1,1,0,  5.0000000000000001E-04,  1.0000000000000000E+00,  0.0000000000000000E+00,  0.0000000000000000E+00,  4.2490271057335654E+01,  0.0000000000000000E+00,  0.0000000000000000E+00,  0.0000000000000000E+00,2000,2000,  3.8620000000000008E-03
1,1,1,  2.0000000000000000E-03,  1.0000000000000001E-01,  1.0216930335825503E-01,  7.5492078758368497E-02,  4.2463593832735768E+01, -2.6677224599886529E-02,  1.1720010385686635E+01, -8.4757201257446011E-16,151,151,  1.7799999999999760E-04
1,1,1,  2.0000000000000000E-03,  2.0000000000000001E-01,  2.0249373224842737E-01,  1.5175627994017266E-01,  4.2439533605027400E+01, -5.0737452308254660E-02,  1.2020312789732927E+01, -4.3579029274098959E-16,337,337,  3.9499999999999952E-04
1,1,1,  2.0000000000000000E-03,  2.9999999999999999E-01,  3.0203049313695313E-01,  2.2869798994481205E-01,  4.2416938554143513E+01, -7.3332503192141019E-02,  1.2242355854518074E+01, -4.4644843377739110E-16,487,487,  6.9199999999999817E-04
1,1,1,  2.0000000000000000E-03,  4.0000000000000002E-01,  4.0096390226361478E-01,  3.0616334860859490E-01,  4.2395470503680635E+01, -9.4800553655019826E-02,  1.2421524239616581E+01, -5.9971472232689392E-16,637,637,  8.8599999999999790E-04
1,1,1,  2.0000000000000000E-03,  5.0000000000000000E-01,  4.9939692347883163E-01,  3.8406353927959946E-01,  4.2374937673136422E+01, -1.1533338419923211E-01,  1.2574074997258450E+01,  1.2883305533506473E-15,787,787,  1.0770000000000016E-03
1,1,1,  2.0000000000000000E-03,  5.9999999999999998E-01,  5.9739624741537189E-01,  4.6234091426961421E-01,  4.2355215724189897E+01, -1.3505533314575757E-01,  1.2708567246968030E+01, -8.5903506530371493E-17,937,937,  1.2720000000000023E-03
1,1,1,  2.0000000000000000E-03,  7.0000000000000007E-01,  6.9500862323578816E-01,  5.4095499867265484E-01,  4.2336217432772521E+01, -1.5405362456313298E-01,  1.2829940528280758E+01, -1.2821688155639777E-15,1087,1087,  1.4640000000000000E-03
1,1,1,  2.0000000000000000E-03,  8.0000000000000004E-01,  7.9226892185897357E-01,  6.1987556302210944E-01,  4.2317877698498791E+01, -1.7239335883686380E-01,  1.2941246600120223E+01, -1.0177969578251123E-16,1237,1237,  1.7269999999999994E-03
1,1,1,  2.0000000000000000E-03,  9.0000000000000002E-01,  8.8920448036882760E-01,  6.9907888467459367E-01,  4.2300145461641421E+01, -1.9012559569423360E-01,  1.3044480804549263E+01, -5.5142002075569965E-16,1387,1387,  1.9230000000000011E-03
1,1,1,  2.0000000000000000E-03,  1.0000000000000000E+00,  9.8583759536679194E-01,  7.7854559936678946E-01,  4.2282979061335652E+01, -2.0729199600000214E-01,  1.3141013869107184E+01, -7.2378214532875523E-16,1537,1537,  2.1320000000000019E-03
1,1,1,  1.0000000000000000E-03,  1.0000000000000001E-01,  1.0197330174407507E-01,  7.5368520600982744E-02,  4.2463666276192562E+01, -2.6604781143092282E-02,  1.1718520008670517E+01,  1.3841289225879906E-15,301,301,  3.4899999999999515E-04
1,1,1,  1.0000000000000000E-03,  2.0000000000000001E-01,  2.0229414775408797E-01,  1.5162652914487010E-01,  4.2439603438726436E+01, -5.0667618609217868E-02,  1.2019813487713634E+01, -2.4952262478450394E-16,631,631,  8.3899999999999947E-04
1,1,1,  1.0000000000000000E-03,  2.9999999999999999E-01,  3.0182834329876856E-01,  2.2856370863827163E-01,  4.2417006422675158E+01, -7.3264634660496597E-02,  1.2241964052580805E+01,  1.6095041965868973E-15,931,931,  1.2179999999999969E-03
1,1,1,  1.0000000000000000E-03,  4.0000000000000002E-01,  4.0075974807313502E-01,  3.0602535330326913E-01,  4.2395536662565789E+01, -9.4734394769865560E-02,  1.2421161788486430E+01, -5.5778992535948643E-16,1231,1231,  1.6329999999999956E-03
1,1,1,  1.0000000000000000E-03,  5.0000000000000000E-01,  4.9919119225644559E-01,  3.8392226841397392E-01,  4.2375002133493183E+01, -1.1526892384247134E-01,  1.2573714318468120E+01, -8.0456474815804315E-16,1531,1531,  2.0119999999999999E-03
1,1,1,  1.0000000000000000E-03,  5.9999999999999998E-01,  5.9718926325047195E-01,  4.6219663577279924E-01,  4.2355278429857982E+01, -1.3499262747767204E-01,  1.2708201671787556E+01,  4.8580584000035288E-16,1831,1831,  2.3889999999999953E-03
1,1,1,  1.0000000000000000E-03,  7.0000000000000007E-01,  6.9480063063425301E-01,  5.4080789940327367E-01,  4.2336278326104676E+01, -1.5399273123097856E-01,  1.2829570785303076E+01, -8.1365469917216166E-17,2131,2131,  2.7829999999999938E-03
1,1,1,  1.0000000000000000E-03,  8.0000000000000004E-01,  7.9206010559195761E-01,  6.1972578890537655E-01,  4.2317936740649074E+01, -1.7233431668658028E-01,  1.2940875576082412E+01, -1.0614703560563043E-15,2431,2431,  3.1759999999999983E-03
1,1,1,  1.0000000000000000E-03,  9.0000000000000002E-01,  8.8899498090427076E-01,  6.9892655941784010E-01,  4.2300202635849224E+01, -1.9006842148642988E-01,  1.3044111588860396E+01,  1.4327428132787646E-15,2731,2731,  3.5689999999999958E-03
1,1,1,  1.0000000000000000E-03,  1.0000000000000000E+00,  9.8562752039337009E-01,  7.7839083344514837E-01,  4.2283034370387433E+01, -2.0723668694822095E-01,  1.3140649097846282E+01, -1.7537082896978974E-15,3031,3031,  3.9659999999999973E-03
1,1,1,  5.0000000000000001E-04,  1.0000000000000001E-01,  1.0187534041659710E-01,  7.5306743003032126E-02,  4.2463702459922089E+01, -2.6568597413564987E-02,  1.1717776579457372E+01, -5.3655691001353039E-16,601,601,  7.0900000000000130E-04
1,1,1,  5.0000000000000001E-04,  2.0000000000000001E-01,  2.0219438168847281E-01,  1.5156164533411370E-01,  4.2439638320981295E+01, -5.0632736354359054E-02,  1.2019565258102126E+01,  4.5963927108871871E-16,1226,1226,  1.5550000000000008E-03
1,1,1,  5.0000000000000001E-04,  2.9999999999999999E-01,  3.0172729062944148E-01,  2.2849656136734842E-01,  4.2417040328073561E+01, -7.3230729262093064E-02,  1.2241769539068201E+01, -7.4667355631774512E-16,1826,1826,  2.3089999999999986E-03
1,1,1,  5.0000000000000001E-04,  4.0000000000000002E-01,  4.0065769046785704E-01,  3.0595635124884263E-01,  4.2395569718116640E+01, -9.4701339219014358E-02,  1.2420981550361454E+01, -7.5482675665483609E-16,2426,2426,  3.1049999999999967E-03
1,1,1,  5.0000000000000001E-04,  5.0000000000000000E-01,  4.9908834440571803E-01,  3.8385163036021669E-01,  4.2375034343290153E+01, -1.1523671404550129E-01,  1.2573534657897874E+01, -1.9603763057318701E-16,3026,3026,  3.8699999999999984E-03
1,1,1,  5.0000000000000001E-04,  5.9999999999999998E-01,  5.9708578783599264E-01,  4.6212449518890214E-01,  4.2355309764688563E+01, -1.3496129264709111E-01,  1.2708019351238605E+01, -2.3353541322990167E-16,3626,3626,  4.6649999999999955E-03
1,1,1,  5.0000000000000001E-04,  7.0000000000000007E-01,  6.9469665028713146E-01,  5.4073434931686837E-01,  4.2336308756365391E+01, -1.5396230097026375E-01,  1.2829386240040449E+01,  1.7087026238371550E-16,4226,4226,  5.5499999999999994E-03
1,1,1,  5.0000000000000001E-04,  8.0000000000000004E-01,  7.9195571291957445E-01,  6.1965090198447248E-01,  4.2317966246400552E+01, -1.7230481093510264E-01,  1.2940690297554347E+01,  7.1931349765463893E-16,4826,4826,  6.3049999999999981E-03
1,1,1,  5.0000000000000001E-04,  9.0000000000000002E-01,  8.8889024626963842E-01,  6.9885039730930720E-01,  4.2300231208375322E+01, -1.9003984896033188E-01,  1.3043927153514215E+01,  1.4799897418704689E-15,5426,5426,  7.2590000000000016E-03
1,1,1,  5.0000000000000001E-04,  1.0000000000000000E+00,  9.8552249771514677E-01,  7.7831345124484363E-01,  4.2283062010865351E+01, -2.0720904647030380E-01,  1.3140466844498121E+01,  8.6784746056167703E-17,6026,6026,  8.0659999999999968E-03
2,0,0,  2.0000000000000000E-03,  1.0000000000000001E-01,  0.0000000000000000E+00,  0.0000000000000000E+00,  1.8574038640269027E+01,  0.0000000000000000E+00,  0.0000000000000000E+00,  0.0000000000000000E+00,50,50,  1.4899999999999636E-04
2,0,0,  2.0000000000000000E-03,  2.0000000000000001E-01,  0.0000000000000000E+00,  0.0000000000000000E+00,  1.8574038640269027E+01,  0.0000000000000000E+00,  0.0000000000000000E+00,  0.0000000000000000E+00,100,100,  3.0199999999999672E-04
2,0,0,  2.0000000000000000E-03,  2.9999999999999999E-01,  0.0000000000000000E+00,  0.0000000000000000E+00,  1.8574038640269027E+01,  0.0000000000000000E+00,  0.0000000000000000E+00,  0.0000000000000000E+00,150,150,  4.6899999999999720E-04
2,0,0,  2.0000000000000000E-03,  4.0000000000000002E-01,  0.0000000000000000E+00,  0.0000000000000000E+00,  1.8574038640269027E+01,  0.0000000000000000E+00,  0.0000000000000000E+00,  0.0000000000000000E+00,200,200,  6.2500000000000056E-04
2,0,0,  2.0000000000000000E-03,  5.0000000000000000E-01,  0.0000000000000000E+00,  0.0000000000000000E+00,  1.8574038640269027E+01,  0.0000000000000000E+00,  0.0000000000000000E+00,  0.0000000000000000E+00,250,250,  7.7699999999999991E-04
2,0,0,  2.0000000000000000E-03,  5.9999999999999998E-01,  0.0000000000000000E+00,  0.0000000000000000E+00,  1.8574038640269027E+01,  0.0000000000000000E+00,  0.0000000000000000E+00,  0.0000000000000000E+00,300,300,  9.4499999999999446E-04
2,0,0,  2.0000000000000000E-03,  7.0000000000000007E-01,  0.0000000000000000E+00,  0.0000000000000000E+00,  1.8574038640269027E+01,  0.0000000000000000E+00,  0.0000000000000000E+00,  0.0000000000000000E+00,350,350,  1.0979999999999948E-03
2,0,0,  2.0000000000000000E-03,  8.0000000000000004E-01,  0.0000000000000000E+00,  0.0000000000000000E+00,  1.8574038640269027E+01,  0.0000000000000000E+00,  0.0000000000000000E+00,  0.0000000000000000E+00,400,400,  1.2509999999999952E-03
2,0,0,  2.0000000000000000E-03,  9.0000000000000002E-01,  0.0000000000000000E+00,  0.0000000000000000E+00,  1.8574038640269027E+01,  0.0000000000000000E+00,  0.0000000000000000E+00,  0.0000000000000000E+00,450,450,  1.4230000000000007E-03
2,0,0,  2.0000000000000000E-03,  1.0000000000000000E+00,  0.0000000000000000E+00,  0.0000000000000000E+00,  1.8574038640269027E+01,  0.0000000000000000E+00,  0.0000000000000000E+00,  0.0000000000000000E+00,500,500,  1.5769999999999951E-03
2,0,0,  1.0000000000000000E-03,  1.0000000000000001E-01,  0.0000000000000000E+00,  0.0000000000000000E+00,  1.8574038640269027E+01,  0.0000000000000000E+00,  0.0000000000000000E+00,  0.0000000000000000E+00,100,100,  2.9700000000000559E-04
2,0,0,  1.0000000000000000E-03,  2.0000000000000001E-01,  0.0000000000000000E+00,  0.0000000000000000E+00,  1.8574038640269027E+01,  0.0000000000000000E+00,  0.0000000000000000E+00,  0.0000000000000000E+00,200,200,  5.9700000000000031E-04
2,0,0,  1.0000000000000000E-03,  2.9999999999999999E-01,  0.0000000000000000E+00,  0.0000000000000000E+00,  1.8574038640269027E+01,  0.0000000000000000E+00,  0.0000000000000000E+00,  0.0000000000000000E+00,300,300,  9.7600000000000464E-04
2,0,0,  1.0000000000000000E-03,  4.0000000000000002E-01,  0.0000000000000000E+00,  0.0000000000000000E+00,  1.8574038640269027E+01,  0.0000000000000000E+00,  0.0000000000000000E+00,  0.0000000000000000E+00,400,400,  1.2790000000000024E-03
2,0,0,  1.0000000000000000E-03,  5.0000000000000000E-01,  0.0000000000000000E+00,  0.0000000000000000E+00,  1.8574038640269027E+01,  0.0000000000000000E+00,  0.0000000000000000E+00,  0.0000000000000000E+00,500,500,  1.5790000000000040E-03
2,0,0,  1.0000000000000000E-03,  5.9999999999999998E-01,  0.0000000000000000E+00,  0.0000000000000000E+00,  1.8574038640269027E+01,  0.0000000000000000E+00,  0.0000000000000000E+00,  0.0000000000000000E+00,600,600,  1.9030000000000019E-03
2,0,0,  1.0000000000000000E-03,  7.0000000000000007E-01,  0.0000000000000000E+00,  0.0000000000000000E+00,  1.8574038640269027E+01,  0.0000000000000000E+00,  0.0000000000000000E+00,  0.0000000000000000E+00,700,700,  2.2050000000000056E-03
2,0,0,  1.0000000000000000E-03,  8.0000000000000004E-01,  0.0000000000000000E+00,  0.0000000000000000E+00,  1.8574038640269027E+01,  0.0000000000000000E+00,  0.0000000000000000E+00,  0.0000000000000000E+00,800,800,  2.5230000000000044E-03
2,0,0,  1.0000000000000000E-03,  9.0000000000000002E-01,  0.0000000000000000E+00,  0.0000000000000000E+00,  1.8574038640269027E+01,  0.0000000000000000E+00,  0.0000000000000000E+00,  0.0000000000000000E+00,900,900,  2.8369999999999992E-03
2,0,0,  1.0000000000000000E-03,  1.0000000000000000E+00,  0.0000000000000000E+00,  0.0000000000000000E+00,  1.8574038640269027E+01,  0.0000000000000000E+00,  0.0000000000000000E+00,  0.0000000000000000E+00,1000,1000,  3.1380000000000019E-03
2,0,0,  5.0000000000000001E-04,  1.0000000000000001E-01,  0.0000000000000000E+00,  0.0000000000000000E+00,  1.8574038640269027E+01,  0.0000000000000000E+00,  0.0000000000000000E+00,  0.0000000000000000E+00,200,200,  5.9299999999999631E-04
2,0,0,  5.0000000000000001E-04,  2.0000000000000001E-01,  0.0000000000000000E+00,  0.0000000000000000E+00,  1.8574038640269027E+01,  0.0000000000000000E+00,  0.0000000000000000E+00,  0.0000000000000000E+00,400,400,  1.2049999999999977E-03
2,0,0,  5.0000000000000001E-04,  2.9999999999999999E-01,  0.0000000000000000E+00,  0.0000000000000000E+00,  1.8574038640269027E+01,  0.0000000000000000E+00,  0.0000000000000000E+00,  0.0000000000000000E+00,600,600,  1.8159999999999982E-03
2,0,0,  5.0000000000000001E-04,  4.0000000000000002E-01,  0.0000000000000000E+00,  0.0000000000000000E+00,  1.8574038640269027E+01,  0.0000000000000000E+00,  0.0000000000000000E+00,  0.0000000000000000E+00,800,800,  2.4199999999999985E-03
2,0,0,  5.0000000000000001E-04,  5.0000000000000000E-01,  0.0000000000000000E+00,  0.0000000000000000E+00,  1.8574038640269027E+01,  0.0000000000000000E+00,  0.0000000000000000E+00,  0.0000000000000000E+00,1000,1000,  3.0320000000000000E-03
2,0,0,  5.0000000000000001E-04,  5.9999999999999998E-01,  0.0000000000000000E+00,  0.0000000000000000E+00,  1.8574038640269027E+01,  0.0000000000000000E+00,  0.0000000000000000E+00,  0.0000000000000000E+00,1200,1200,  3.6590000000000025E-03
2,0,0,  5.0000000000000001E-04,  7.0000000000000007E-01,  0.0000000000000000E+00,  0.0000000000000000E+00,  1.8574038640269027E+01,  0.0000000000000000E+00,  0.0000000000000000E+00,  0.0000000000000000E+00,1400,1400,  4.2579999999999979E-03
2,0,0,  5.0000000000000001E-04,  8.0000000000000004E-01,  0.0000000000000000E+00,  0.0000000000000000E+00,  1.8574038640269027E+01,  0.0000000000000000E+00,  0.0000000000000000E+00,  0.0000000000000000E+00,1600,1600,  4.8699999999999993E-03
2,0,0,  5.0000000000000001E-04,  9.0000000000000002E-01,  0.0000000000000000E+00,  0.0000000000000000E+00,  1.8574038640269027E+01,  0.0000000000000000E+00,  0.0000000000000000E+00,  0.0000000000000000E+00,1800,1800,  5.4680000000000006E-03
2,0,0,  5.0000000000000001E-04,  1.0000000000000000E+00,  0.0000000000000000E+00,  0.0000000000000000E+00,  1.8574038640269027E+01,  0.0000000000000000E+00,  0.0000000000000000E+00,  0.0000000000000000E+00,2000,2000,  6.0850000000000001E-03
2,0,1,  2.0000000000000000E-03,  1.0000000000000001E-01,  0.0000000000000000E+00,  0.0000000000000000E+00,  1.8574038640269027E+01,  0.0000000000000000E+00,  0.0000000000000000E+00,  0.0000000000000000E+00,50,50,  1.6399999999999748E-04
2,0,1,  2.0000000000000000E-03,  2.0000000000000001E-01,  0.0000000000000000E+00,  0.0000000000000000E+00,  1.8574038640269027E+01,  0.0000000000000000E+00,  0.0000000000000000E+00,  0.0000000000000000E+00,100,100,  3.3099999999999796E-04
2,0,1,  2.0000000000000000E-03,  2.9999999999999999E-01,  0.0000000000000000E+00,  0.0000000000000000E+00,  1.8574038640269027E+01,  0.0000000000000000E+00,  0.0000000000000000E+00,  0.0000000000000000E+00,150,150,  4.9799999999999844E-04
2,0,1,  2.0000000000000000E-03,  4.0000000000000002E-01,  0.0000000000000000E+00,  0.0000000000000000E+00,  1.8574038640269027E+01,  0.0000000000000000E+00,  0.0000000000000000E+00,  0.0000000000000000E+00,200,200,  6.8100000000000105E-04
2,0,1,  2.0000000000000000E-03,  5.0000000000000000E-01,  0.0000000000000000E+00,  0.0000000000000000E+00,  1.8574038640269027E+01,  0.0000000000000000E+00,  0.0000000000000000E+00,  0.0000000000000000E+00,250,250,  8.4900000000000253E-04
2,0,1,  2.0000000000000000E-03,  5.9999999999999998E-01,  0.0000000000000000E+00,  0.0000000000000000E+00,  1.8574038640269027E+01,  0.0000000000000000E+00,  0.0000000000000000E+00,  0.0000000000000000E+00,300,300,  1.0159999999999961E-03
2,0,1,  2.0000000000000000E-03,  7.0000000000000007E-01,  0.0000000000000000E+00,  0.0000000000000000E+00,  1.8574038640269027E+01,  0.0000000000000000E+00,  0.0000000000000000E+00,  0.0000000000000000E+00,350,350,  1.1959999999999957E-03
2,0,1,  2.0000000000000000E-03,  8.0000000000000004E-01,  0.0000000000000000E+00,  0.0000000000000000E+00,  1.8574038640269027E+01,  0.0000000000000000E+00,  0.0000000000000000E+00,  0.0000000000000000E+00,400,400,  1.3629999999999962E-03
2,0,1,  2.0000000000000000E-03,  9.0000000000000002E-01,  0.0000000000000000E+00,  0.0000000000000000E+00,  1.8574038640269027E+01,  0.0000000000000000E+00,  0.0000000000000000E+00,  0.0000000000000000E+00,450,450,  1.5480000000000008E-03
2,0,1,  2.0000000000000000E-03,  1.0000000000000000E+00,  0.0000000000000000E+00,  0.0000000000000000E+00,  1.8574038640269027E+01,  0.0000000000000000E+00,  0.0000000000000000E+00,  0.0000000000000000E+00,500,500,  1.7140000000000002E-03
2,0,1,  1.0000000000000000E-03,  1.0000000000000001E-01,  0.0000000000000000E+00,  0.0000000000000000E+00,  1.8574038640269027E+01,  0.0000000000000000E+00,  0.0000000000000000E+00,  0.0000000000000000E+00,100,100,  3.2399999999999790E-04
2,0,1,  1.0000000000000000E-03,  2.0000000000000001E-01,  0.0000000000000000E+00,  0.0000000000000000E+00,  1.8574038640269027E+01,  0.0000000000000000E+00,  0.0000000000000000E+00,  0.0000000000000000E+00,200,200,  6.6199999999999593E-04
2,0,1,  1.0000000000000000E-03,  2.9999999999999999E-01,  0.0000000000000000E+00,  0.0000000000000000E+00,  1.8574038640269027E+01,  0.0000000000000000E+00,  0.0000000000000000E+00,  0.0000000000000000E+00,300,300,  1.0039999999999979E-03
2,0,1,  1.0000000000000000E-03,  4.0000000000000002E-01,  0.0000000000000000E+00,  0.0000000000000000E+00,  1.8574038640269027E+01,  0.0000000000000000E+00,  0.0000000000000000E+00,  0.0000000000000000E+00,400,400,  1.3349999999999959E-03
2,0,1,  1.0000000000000000E-03,  5.0000000000000000E-01,  0.0000000000000000E+00,  0.0000000000000000E+00,  1.8574038640269027E+01,  0.0000000000000000E+00,  0.0000000000000000E+00,  0.0000000000000000E+00,500,500,  1.6649999999999998E-03
2,0,1,  1.0000000000000000E-03,  5.9999999999999998E-01,  0.0000000000000000E+00,  0.0000000000000000E+00,  1.8574038640269027E+01,  0.0000000000000000E+00,  0.0000000000000000E+00,  0.0000000000000000E+00,600,600,  2.0109999999999989E-03
2,0,1,  1.0000000000000000E-03,  7.0000000000000007E-01,  0.0000000000000000E+00,  0.0000000000000000E+00,  1.8574038640269027E+01,  0.0000000000000000E+00,  0.0000000000000000E+00,  0.0000000000000000E+00,700,700,  2.3400000000000018E-03
2,0,1,  1.0000000000000000E-03,  8.0000000000000004E-01,  0.0000000000000000E+00,  0.0000000000000000E+00,  1.8574038640269027E+01,  0.0000000000000000E+00,  0.0000000000000000E+00,  0.0000000000000000E+00,800,800,  2.8460000000000013E-03
2,0,1,  1.0000000000000000E-03,  9.0000000000000002E-01,  0.0000000000000000E+00,  0.0000000000000000E+00,  1.8574038640269027E+01,  0.0000000000000000E+00,  0.0000000000000000E+00,  0.0000000000000000E+00,900,900,  3.1799999999999953E-03
2,0,1,  1.0000000000000000E-03,  1.0000000000000000E+00,  0.0000000000000000E+00,  0.0000000000000000E+00,  1.8574038640269027E+01,  0.0000000000000000E+00,  0.0000000000000000E+00,  0.0000000000000000E+00,1000,1000,  3.5260000000000014E-03
2,0,1,  5.0000000000000001E-04,  1.0000000000000001E-01,  0.0000000000000000E+00,  0.0000000000000000E+00,  1.8574038640269027E+01,  0.0000000000000000E+00,  0.0000000000000000E+00,  0.0000000000000000E+00,200,200,  6.7300000000000693E-04
2,0,1,  5.0000000000000001E-04,  2.0000000000000001E-01,  0.0000000000000000E+00,  0.0000000000000000E+00,  1.8574038640269027E+01,  0.0000000000000000E+00,  0.0000000000000000E+00,  0.0000000000000000E+00,400,400,  1.3540000000000080E-03
2,0,1,  5.0000000000000001E-04,  2.9999999999999999E-01,  0.0000000000000000E+00,  0.0000000000000000E+00,  1.8574038640269027E+01,  0.0000000000000000E+00,  0.0000000000000000E+00,  0.0000000000000000E+00,600,600,  2.0590000000000053E-03
2,0,1,  5.0000000000000001E-04,  4.0000000000000002E-01,  0.0000000000000000E+00,  0.0000000000000000E+00,  1.8574038640269027E+01,  0.0000000000000000E+00,  0.0000000000000000E+00,  0.0000000000000000E+00,800,800,  2.7410000000000073E-03
2,0,1,  5.0000000000000001E-04,  5.0000000000000000E-01,  0.0000000000000000E+00,  0.0000000000000000E+00,  1.8574038640269027E+01,  0.0000000000000000E+00,  0.0000000000000000E+00,  0.0000000000000000E+00,1000,1000,  3.4070000000000072E-03
2,0,1,  5.0000000000000001E-04,  5.9999999999999998E-01,  0.0000000000000000E+00,  0.0000000000000000E+00,  1.8574038640269027E+01,  0.0000000000000000E+00,  0.0000000000000000E+00,  0.0000000000000000E+00,1200,1200,  4.0759999999999963E-03
2,0,1,  5.0000000000000001E-04,  7.0000000000000007E-01,  0.0000000000000000E+00,  0.0000000000000000E+00,  1.8574038640269027E+01,  0.0000000000000000E+00,  0.0000000000000000E+00,  0.0000000000000000E+00,1400,1400,  4.7490000000000032E-03
2,0,1,  5.0000000000000001E-04,  8.0000000000000004E-01,  0.0000000000000000E+00,  0.0000000000000000E+00,  1.8574038640269027E+01,  0.0000000000000000E+00,  0.0000000000000000E+00,  0.0000000000000000E+00,1600,1600,  5.4180000000000061E-03
2,0,1,  5.0000000000000001E-04,  9.0000000000000002E-01,  0.0000000000000000E+00,  0.0000000000000000E+00,  1.8574038640269027E+01,  0.0000000000000000E+00,  0.0000000000000000E+00,  0.0000000000000000E+00,1800,1800,  6.1200000000000004E-03
2,0,1,  5.0000000000000001E-04,  1.0000000000000000E+00,  0.0000000000000000E+00,  0.0000000000000000E+00,  1.8574038640269027E+01,  0.0000000000000000E+00,  0.0000000000000000E+00,  0.0000000000000000E+00,2000,2000,  6.8180000000000046E-03
2,1,0,  2.0000000000000000E-03,  1.0000000000000001E-01,  0.0000000000000000E+00,  0.0000000000000000E+00,  4.2490271057335654E+01,  0.0000000000000000E+00,  0.0000000000000000E+00,  0.0000000000000000E+00,50,50,  9.2000000000008741E-05
2,1,0,  2.0000000000000000E-03,  2.0000000000000001E-01,  0.0000000000000000E+00,  0.0000000000000000E+00,  4.2490271057335654E+01,  0.0000000000000000E+00,  0.0000000000000000E+00,  0.0000000000000000E+00,100,100,  1.8900000000000861E-04
2,1,0,  2.0000000000000000E-03,  2.9999999999999999E-01,  0.0000000000000000E+00,  0.0000000000000000E+00,  4.2490271057335654E+01,  0.0000000000000000E+00,  0.0000000000000000E+00,  0.0000000000000000E+00,150,150,  2.8600000000000847E-04
2,1,0,  2.0000000000000000E-03,  4.0000000000000002E-01,  0.0000000000000000E+00,  0.0000000000000000E+00,  4.2490271057335654E+01,  0.0000000000000000E+00,  0.0000000000000000E+00,  0.0000000000000000E+00,200,200,  3.8300000000000833E-04
2,1,0,  2.0000000000000000E-03,  5.0000000000000000E-01,  0.0000000000000000E+00,  0.0000000000000000E+00,  4.2490271057335654E+01,  0.0000000000000000E+00,  0.0000000000000000E+00,  0.0000000000000000E+00,250,250,  4.9300000000000732E-04
2,1,0,  2.0000000000000000E-03,  5.9999999999999998E-01,  0.0000000000000000E+00,  0.0000000000000000E+00,  4.2490271057335654E+01,  0.0000000000000000E+00,  0.0000000000000000E+00,  0.0000000000000000E+00,300,300,  5.9000000000000719E-04
2,1,0,  2.0000000000000000E-03,  7.0000000000000007E-01,  0.0000000000000000E+00,  0.0000000000000000E+00,  4.2490271057335654E+01,  0.0000000000000000E+00,  0.0000000000000000E+00,  0.0000000000000000E+00,350,350,  6.8700000000000705E-04
2,1,0,  2.0000000000000000E-03,  8.0000000000000004E-01,  0.0000000000000000E+00,  0.0000000000000000E+00,  4.2490271057335654E+01,  0.0000000000000000E+00,  0.0000000000000000E+00,  0.0000000000000000E+00,400,400,  7.8400000000000691E-04
2,1,0,  2.0000000000000000E-03,  9.0000000000000002E-01,  0.0000000000000000E+00,  0.0000000000000000E+00,  4.2490271057335654E+01,  0.0000000000000000E+00,  0.0000000000000000E+00,  0.0000000000000000E+00,450,450,  8.8000000000000578E-04
2,1,0,  2.0000000000000000E-03,  1.0000000000000000E+00,  0.0000000000000000E+00,  0.0000000000000000E+00,  4.2490271057335654E+01,  0.0000000000000000E+00,  0.0000000000000000E+00,  0.0000000000000000E+00,500,500,  1.0020000000000029E-03
2,1,0,  1.0000000000000000E-03,  1.0000000000000001E-01,  0.0000000000000000E+00,  0.0000000000000000E+00,  4.2490271057335654E+01,  0.0000000000000000E+00,  0.0000000000000000E+00,  0.0000000000000000E+00,100,100,  1.8599999999999173E-04
2,1,0,  1.0000000000000000E-03,  2.0000000000000001E-01,  0.0000000000000000E+00,  0.0000000000000000E+00,  4.2490271057335654E+01,  0.0000000000000000E+00,  0.0000000000000000E+00,  0.0000000000000000E+00,200,200,  3.7500000000000033E-04
2,1,0,  1.0000000000000000E-03,  2.9999999999999999E-01,  0.0000000000000000E+00,  0.0000000000000000E+00,  4.2490271057335654E+01,  0.0000000000000000E+00,  0.0000000000000000E+00,  0.0000000000000000E+00,300,300,  5.8099999999999818E-04
2,1,0,  1.0000000000000000E-03,  4.0000000000000002E-01,  0.0000000000000000E+00,  0.0000000000000000E+00,  4.2490271057335654E+01,  0.0000000000000000E+00,  0.0000000000000000E+00,  0.0000000000000000E+00,400,400,  7.6999999999999291E-04
2,1,0,  1.0000000000000000E-03,  5.0000000000000000E-01,  0.0000000000000000E+00,  0.0000000000000000E+00,  4.2490271057335654E+01,  0.0000000000000000E+00,  0.0000000000000000E+00,  0.0000000000000000E+00,500,500,  9.5999999999998864E-04
2,1,0,  1.0000000000000000E-03,  5.9999999999999998E-01,  0.0000000000000000E+00,  0.0000000000000000E+00,  4.2490271057335654E+01,  0.0000000000000000E+00,  0.0000000000000000E+00,  0.0000000000000000E+00,600,600,  1.1499999999999982E-03
2,1,0,  1.0000000000000000E-03,  7.0000000000000007E-01,  0.0000000000000000E+00,  0.0000000000000000E+00,  4.2490271057335654E+01,  0.0000000000000000E+00,  0.0000000000000000E+00,  0.0000000000000000E+00,700,700,  1.3389999999999930E-03
2,1,0,  1.0000000000000000E-03,  8.0000000000000004E-01,  0.0000000000000000E+00,  0.0000000000000000E+00,  4.2490271057335654E+01,  0.0000000000000000E+00,  0.0000000000000000E+00,  0.0000000000000000E+00,800,800,  1.5519999999999978E-03
2,1,0,  1.0000000000000000E-03,  9.0000000000000002E-01,  0.0000000000000000E+00,  0.0000000000000000E+00,  4.2490271057335654E+01,  0.0000000000000000E+00,  0.0000000000000000E+00,  0.0000000000000000E+00,900,900,  1.7419999999999936E-03
2,1,0,  1.0000000000000000E-03,  1.0000000000000000E+00,  0.0000000000000000E+00,  0.0000000000000000E+00,  4.2490271057335654E+01,  0.0000000000000000E+00,  0.0000000000000000E+00,  0.0000000000000000E+00,1000,1000,  1.9309999999999883E-03
2,1,0,  5.0000000000000001E-04,  1.0000000000000001E-01,  0.0000000000000000E+00,  0.0000000000000000E+00,  4.2490271057335654E+01,  0.0000000000000000E+00,  0.0000000000000000E+00,  0.0000000000000000E+00,200,200,  4.2199999999999183E-04
2,1,0,  5.0000000000000001E-04,  2.0000000000000001E-01,  0.0000000000000000E+00,  0.0000000000000000E+00,  4.2490271057335654E+01,  0.0000000000000000E+00,  0.0000000000000000E+00,  0.0000000000000000E+00,400,400,  8.5200000000000553E-04
2,1,0,  5.0000000000000001E-04,  2.9999999999999999E-01,  0.0000000000000000E+00,  0.0000000000000000E+00,  4.2490271057335654E+01,  0.0000000000000000E+00,  0.0000000000000000E+00,  0.0000000000000000E+00,600,600,  1.2289999999999940E-03
2,1,0,  5.0000000000000001E-04,  4.0000000000000002E-01,  0.0000000000000000E+00,  0.0000000000000000E+00,  4.2490271057335654E+01,  0.0000000000000000E+00,  0.0000000000000000E+00,  0.0000000000000000E+00,800,800,  1.6169999999999934E-03
2,1,0,  5.0000000000000001E-04,  5.0000000000000000E-01,  0.0000000000000000E+00,  0.0000000000000000E+00,  4.2490271057335654E+01,  0.0000000000000000E+00,  0.0000000000000000E+00,  0.0000000000000000E+00,1000,1000,  2.0069999999999949E-03
2,1,0,  5.0000000000000001E-04,  5.9999999999999998E-01,  0.0000000000000000E+00,  0.0000000000000000E+00,  4.2490271057335654E+01,  0.0000000000000000E+00,  0.0000000000000000E+00,  0.0000000000000000E+00,1200,1200,  2.5739999999999930E-03
2,1,0,  5.0000000000000001E-04,  7.0000000000000007E-01,  0.0000000000000000E+00,  0.0000000000000000E+00,  4.2490271057335654E+01,  0.0000000000000000E+00,  0.0000000000000000E+00,  0.0000000000000000E+00,1400,1400,  2.9509999999999953E-03
2,1,0,  5.0000000000000001E-04,  8.0000000000000004E-01,  0.0000000000000000E+00,  0.0000000000000000E+00,  4.2490271057335654E+01,  0.0000000000000000E+00,  0.0000000000000000E+00,  0.0000000000000000E+00,1600,1600,  3.3269999999999966E-03
2,1,0,  5.0000000000000001E-04,  9.0000000000000002E-01,  0.0000000000000000E+00,  0.0000000000000000E+00,  4.2490271057335654E+01,  0.0000000000000000E+00,  0.0000000000000000E+00,  0.0000000000000000E+00,1800,1800,  3.7169999999999981E-03
2,1,0,  5.0000000000000001E-04,  1.0000000000000000E+00,  0.0000000000000000E+00,  0.0000000000000000E+00,  4.2490271057335654E+01,  0.0000000000000000E+00,  0.0000000000000000E+00,  0.0000000000000000E+00,2000,2000,  4.0919999999999984E-03
2,1,1,  2.0000000000000000E-03,  1.0000000000000001E-01,  5.0104036011940822E-01,  3.8519837155079667E-01,  4.2374429068767043E+01, -1.1584198856861150E-01,  1.2576954087569163E+01,  6.0151883474190983E-16,196,196,  2.1999999999999797E-04
2,1,1,  2.0000000000000000E-03,  2.0000000000000001E-01,  9.8751631281650754E-01,  7.7978800105849677E-01,  4.2282542745577643E+01, -2.0772831175801088E-01,  1.3143901984675335E+01,  1.1399770016851108E-15,346,346,  4.3599999999999195E-04
2,1,1,  2.0000000000000000E-03,  2.9999999999999999E-01,  1.4667391337323592E+00,  1.1806558730224570E+00,  4.2204187796625753E+01, -2.8608326070990131E-01,  1.3584767517917872E+01,  3.0064839506849241E-16,496,496,  7.1999999999999842E-04
2,1,1,  2.0000000000000000E-03,  4.0000000000000002E-01,  1.9404431695124316E+00,  1.5863115658014271E+00,  4.2136139453624651E+01, -3.5413160371100361E-01,  1.4023582008539112E+01, -3.6304292905242619E-16,646,646,  9.1399999999999815E-04
2,1,1,  2.0000000000000000E-03,  5.0000000000000000E-01,  2.4096879285007846E+00,  1.9958391848564818E+00,  4.2076422313691353E+01, -4.1384874364430146E-01,  1.4384244351165833E+01,  1.8385293287792594E-16,796,796,  1.1049999999999949E-03
2,1,1,  2.0000000000000000E-03,  5.9999999999999998E-01,  2.8752285863158051E+00,  2.4085845786249722E+00,  4.2023627049644823E+01, -4.6664400769083159E-01,  1.4686897349924742E+01, -3.2424063434177698E-16,946,946,  1.3059999999999877E-03
2,1,1,  2.0000000000000000E-03,  7.0000000000000007E-01,  3.3376383688090909E+00,  2.8240506934572678E+00,  4.1976683381983833E+01, -5.1358767535182182E-01,  1.4944561367781912E+01,  1.6641688027618784E-15,1096,1096,  1.5329999999999927E-03
2,1,1,  2.0000000000000000E-03,  8.0000000000000004E-01,  3.7973681331239919E+00,  3.2418463271702453E+00,  4.1934749251381909E+01, -5.5552180595374523E-01,  1.5166339144267532E+01, -6.8789418605774696E-16,1246,1246,  1.7249999999999904E-03
2,1,1,  2.0000000000000000E-03,  9.0000000000000002E-01,  4.2547811607177630E+00,  3.6616561161998367E+00,  4.1897146012817728E+01, -5.9312504451792591E-01,  1.5358901697322711E+01, -1.3395395903614826E-15,1396,1396,  1.9329999999999903E-03
2,1,1,  2.0000000000000000E-03,  1.0000000000000000E+00,  4.7101755140241499E+00,  4.0832212183374788E+00,  4.1863316761648981E+01, -6.2695429568667294E-01,  1.5527300425732989E+01,  1.2017609130055007E-15,1546,1546,  2.1239999999999870E-03
2,1,1,  1.0000000000000000E-03,  1.0000000000000001E-01,  5.0001312500675121E-01,  3.8448839733223988E-01,  4.2374746329661143E+01, -1.1552472767451150E-01,  1.2575148101887486E+01, -4.8017145815038022E-16,346,346,  4.1499999999999870E-04
2,1,1,  1.0000000000000000E-03,  2.0000000000000001E-01,  9.8646700234078388E-01,  7.7901080371801157E-01,  4.2282814858712882E+01, -2.0745619862277209E-01,  1.3142098941764228E+01,  7.4179551390329832E-16,646,646,  7.9300000000000204E-04
2,1,1,  1.0000000000000000E-03,  2.9999999999999999E-01,  1.4656798493430869E+00,  1.1798250374791877E+00,  4.2204416245471755E+01, -2.8585481186389927E-01,  1.3582854232396471E+01,  9.0116802908823966E-16,946,946,  1.1719999999999925E-03
2,1,1,  1.0000000000000000E-03,  4.0000000000000002E-01,  1.9393777443296560E+00,  1.5854366840844580E+00,  4.2136329997090456E+01, -3.5394106024519800E-01,  1.4021953247291290E+01,  1.3384293673368575E-15,1246,1246,  1.5669999999999989E-03
2,1,1,  1.0000000000000000E-03,  5.0000000000000000E-01,  2.4086179286157492E+00,  1.9949276925296731E+00,  4.2076580821249578E+01, -4.1369023608607591E-01,  1.4382872395984005E+01,  1.1642353747731703E-15,1546,1546,  1.9460000000000033E-03
2,1,1,  1.0000000000000000E-03,  5.9999999999999998E-01,  2.8741548022975665E+00,  2.4076423166592757E+00,  4.2023758571697364E+01, -4.6651248563829029E-01,  1.4685740734097688E+01, -1.6222301280066632E-15,1846,1846,  2.3389999999999939E-03
2,1,1,  1.0000000000000000E-03,  7.0000000000000007E-01,  3.3365612661920272E+00,  2.8230823198838291E+00,  4.1976792111027457E+01, -5.1347894630819724E-01,  1.4943582878949300E+01,  5.3812510003581342E-16,2146,2146,  2.7169999999999972E-03
2,1,1,  1.0000000000000000E-03,  8.0000000000000004E-01,  3.7962880169920501E+00,  3.2408556152150734E+00,  4.1934838655558679E+01, -5.5543240177697584E-01,  1.5165508378073000E+01,  1.8945955915228298E-16,2446,2446,  3.0960000000000015E-03
2,1,1,  1.0000000000000000E-03,  9.0000000000000002E-01,  4.2536982468500897E+00,  3.6606461661138283E+00,  4.1897218976599390E+01, -5.9305208073626403E-01,  1.5358194279280024E+01, -4.1455727739503345E-16,2746,2746,  3.4909999999999941E-03
2,1,1,  1.0000000000000000E-03,  1.0000000000000000E+00,  4.7090899642811470E+00,  4.0821946088632659E+00,  4.1863375701917768E+01, -6.2689535541788644E-01,  1.5526696768096148E+01,  1.8546275626363241E-16,3046,3046,  3.8819999999999966E-03
2,1,1,  5.0000000000000001E-04,  1.0000000000000001E-01,  4.9949923837802002E-01,  3.8413467725466277E-01,  4.2374906496212297E+01, -1.1536456112335713E-01,  1.2574247031242479E+01, -1.1008693956426897E-15,639,639,  7.7499999999999791E-04
2,1,1,  5.0000000000000001E-04,  2.0000000000000001E-01,  9.8594217989898203E-01,  7.7862340066899582E-01,  4.2282952278105668E+01, -2.0731877922998621E-01,  1.3141191222992983E+01,  1.0758061108617767E-16,1239,1239,  1.5399999999999997E-03
2,1,1,  5.0000000000000001E-04,  2.9999999999999999E-01,  1.4651501388148407E+00,  1.1794107127704823E+00,  4.2204531631291296E+01, -2.8573942604435842E-01,  1.3581889726652566E+01,  6.5458749531899229E-16,1839,1839,  2.2900000000000004E-03
2,1,1,  5.0000000000000001E-04,  4.0000000000000002E-01,  1.9388450389203085E+00,  1.5850002476756471E+00,  4.2136426266090993E+01, -3.5384479124466139E-01,  1.4021132511537779E+01, -2.8108071425947403E-16,2439,2439,  3.0599999999999933E-03
2,1,1,  5.0000000000000001E-04,  5.0000000000000000E-01,  2.4080829949625686E+00,  1.9944728784986749E+00,  4.2076660940871761E+01, -4.1361011646389301E-01,  1.4382181246312754E+01,  2.1824209106569016E-16,3039,3039,  3.8239999999999941E-03
2,1,1,  5.0000000000000001E-04,  5.9999999999999998E-01,  2.8736180245681555E+00,  2.4071720584673835E+00,  4.2023825091234883E+01, -4.6644596610077116E-01,  1.4685158133817556E+01, -7.4645845060672405E-16,3639,3639,  4.6059999999999990E-03
2,1,1,  5.0000000000000001E-04,  7.0000000000000007E-01,  3.3360228691901801E+00,  2.8225989564843470E+00,  4.1976847144629822E+01, -5.1342391270583221E-01,  1.4943090011602472E+01,  1.3750112159982563E-16,4239,4239,  5.3599999999999898E-03
2,1,1,  5.0000000000000001E-04,  8.0000000000000004E-01,  3.7957481472384895E+00,  3.2403610409328794E+00,  4.1934883951030045E+01, -5.5538710630560928E-01,  1.5165089897218103E+01, -6.1770033532582144E-16,4839,4839,  6.1220000000000024E-03
2,1,1,  5.0000000000000001E-04,  9.0000000000000002E-01,  4.2531570074944929E+00,  3.6601419371870425E+00,  4.1897255987028203E+01, -5.9301507030745171E-01,  1.5357837895213169E+01,  7.6982864527508356E-16,5439,5439,  6.8869999999999904E-03
2,1,1,  5.0000000000000001E-04,  1.0000000000000000E+00,  4.7085474324147096E+00,  4.0816820196046582E+00,  4.1863405644525606E+01, -6.2686541281004793E-01,  1.5526392611319601E+01, -1.0884487755546956E-15,6039,6039,  7.8599999999999920E-03
