soil,wet,mode,dt_day,max_cohorts,packed_bytes
1,0,0,0.000125,0.0,0.0
1,0,0,0.00025,0.0,0.0
1,0,0,0.0005,0.0,0.0
1,0,0,0.001,0.0,0.0
1,0,0,0.002,0.0,0.0
1,0,1,0.000125,0.0,0.0
1,0,1,0.00025,0.0,0.0
1,0,1,0.0005,0.0,0.0
1,0,1,0.001,0.0,0.0
1,0,1,0.002,0.0,0.0
1,0,2,0.000125,0.0,0.0
1,0,2,0.00025,0.0,0.0
1,0,2,0.0005,0.0,0.0
1,0,2,0.001,0.0,0.0
1,0,2,0.002,0.0,0.0
1,0,3,0.000125,0.0,0.0
1,0,3,0.00025,0.0,0.0
1,0,3,0.0005,0.0,0.0
1,0,3,0.001,0.0,0.0
1,0,3,0.002,0.0,0.0
1,0,4,0.000125,0.0,0.0
1,0,4,0.00025,0.0,0.0
1,0,4,0.0005,0.0,0.0
1,0,4,0.001,0.0,0.0
1,0,4,0.002,0.0,0.0
1,0,5,0.000125,0.0,0.0
1,0,5,0.00025,0.0,0.0
1,0,5,0.0005,0.0,0.0
1,0,5,0.001,0.0,0.0
1,0,5,0.002,0.0,0.0
1,0,6,0.000125,0.0,0.0
1,0,6,0.00025,0.0,0.0
1,0,6,0.0005,0.0,0.0
1,0,6,0.001,0.0,0.0
1,0,6,0.002,0.0,0.0
1,0,7,0.000125,0.0,0.0
1,0,7,0.00025,0.0,0.0
1,0,7,0.0005,0.0,0.0
1,0,7,0.001,0.0,0.0
1,0,7,0.002,0.0,0.0
1,0,8,0.000125,0.0,0.0
1,0,8,0.00025,0.0,0.0
1,0,8,0.0005,0.0,0.0
1,0,8,0.001,0.0,0.0
1,0,8,0.002,0.0,0.0
1,0,9,0.000125,0.0,0.0
1,0,9,0.00025,0.0,0.0
1,0,9,0.0005,0.0,0.0
1,0,9,0.001,0.0,0.0
1,0,9,0.002,0.0,0.0
1,1,0,0.000125,0.0,0.0
1,1,0,0.00025,0.0,0.0
1,1,0,0.0005,0.0,0.0
1,1,0,0.001,0.0,0.0
1,1,0,0.002,0.0,0.0
1,1,1,0.000125,0.0,0.0
1,1,1,0.00025,0.0,0.0
1,1,1,0.0005,0.0,0.0
1,1,1,0.001,0.0,0.0
1,1,1,0.002,0.0,0.0
1,1,2,0.000125,0.0,0.0
1,1,2,0.00025,0.0,0.0
1,1,2,0.0005,0.0,0.0
1,1,2,0.001,0.0,0.0
1,1,2,0.002,0.0,0.0
1,1,3,0.000125,0.0,0.0
1,1,3,0.00025,0.0,0.0
1,1,3,0.0005,0.0,0.0
1,1,3,0.001,0.0,0.0
1,1,3,0.002,0.0,0.0
1,1,4,0.000125,0.0,0.0
1,1,4,0.00025,0.0,0.0
1,1,4,0.0005,0.0,0.0
1,1,4,0.001,0.0,0.0
1,1,4,0.002,0.0,0.0
1,1,5,0.000125,0.0,0.0
1,1,5,0.00025,0.0,0.0
1,1,5,0.0005,0.0,0.0
1,1,5,0.001,0.0,0.0
1,1,5,0.002,0.0,0.0
1,1,6,0.000125,0.0,0.0
1,1,6,0.00025,0.0,0.0
1,1,6,0.0005,0.0,0.0
1,1,6,0.001,0.0,0.0
1,1,6,0.002,0.0,0.0
1,1,7,0.000125,8002.0,256064.0
1,1,7,0.00025,4002.0,128064.0
1,1,7,0.0005,2002.0,64064.0
1,1,7,0.001,1002.0,32064.0
1,1,7,0.002,502.0,16064.0
1,1,8,0.000125,32.0,1024.0
1,1,8,0.00025,32.0,1024.0
1,1,8,0.0005,32.0,1024.0
1,1,8,0.001,32.0,1024.0
1,1,8,0.002,32.0,1024.0
1,1,9,0.000125,64.0,2048.0
1,1,9,0.00025,64.0,2048.0
1,1,9,0.0005,64.0,2048.0
1,1,9,0.001,64.0,2048.0
1,1,9,0.002,64.0,2048.0
1,2,0,0.000125,0.0,0.0
1,2,0,0.00025,0.0,0.0
1,2,0,0.0005,0.0,0.0
1,2,0,0.001,0.0,0.0
1,2,0,0.002,0.0,0.0
1,2,1,0.000125,0.0,0.0
1,2,1,0.00025,0.0,0.0
1,2,1,0.0005,0.0,0.0
1,2,1,0.001,0.0,0.0
1,2,1,0.002,0.0,0.0
1,2,2,0.000125,0.0,0.0
1,2,2,0.00025,0.0,0.0
1,2,2,0.0005,0.0,0.0
1,2,2,0.001,0.0,0.0
1,2,2,0.002,0.0,0.0
1,2,3,0.000125,0.0,0.0
1,2,3,0.00025,0.0,0.0
1,2,3,0.0005,0.0,0.0
1,2,3,0.001,0.0,0.0
1,2,3,0.002,0.0,0.0
1,2,4,0.000125,0.0,0.0
1,2,4,0.00025,0.0,0.0
1,2,4,0.0005,0.0,0.0
1,2,4,0.001,0.0,0.0
1,2,4,0.002,0.0,0.0
1,2,5,0.000125,0.0,0.0
1,2,5,0.00025,0.0,0.0
1,2,5,0.0005,0.0,0.0
1,2,5,0.001,0.0,0.0
1,2,5,0.002,0.0,0.0
1,2,6,0.000125,0.0,0.0
1,2,6,0.00025,0.0,0.0
1,2,6,0.0005,0.0,0.0
1,2,6,0.001,0.0,0.0
1,2,6,0.002,0.0,0.0
1,2,7,0.000125,9.0,288.0
1,2,7,0.00025,9.0,288.0
1,2,7,0.0005,9.0,288.0
1,2,7,0.001,9.0,288.0
1,2,7,0.002,9.0,288.0
1,2,8,0.000125,9.0,288.0
1,2,8,0.00025,9.0,288.0
1,2,8,0.0005,9.0,288.0
1,2,8,0.001,9.0,288.0
1,2,8,0.002,9.0,288.0
1,2,9,0.000125,9.0,288.0
1,2,9,0.00025,9.0,288.0
1,2,9,0.0005,9.0,288.0
1,2,9,0.001,9.0,288.0
1,2,9,0.002,9.0,288.0
1,3,0,0.000125,0.0,0.0
1,3,0,0.00025,0.0,0.0
1,3,0,0.0005,0.0,0.0
1,3,0,0.001,0.0,0.0
1,3,0,0.002,0.0,0.0
1,3,1,0.000125,0.0,0.0
1,3,1,0.00025,0.0,0.0
1,3,1,0.0005,0.0,0.0
1,3,1,0.001,0.0,0.0
1,3,1,0.002,0.0,0.0
1,3,2,0.000125,0.0,0.0
1,3,2,0.00025,0.0,0.0
1,3,2,0.0005,0.0,0.0
1,3,2,0.001,0.0,0.0
1,3,2,0.002,0.0,0.0
1,3,3,0.000125,0.0,0.0
1,3,3,0.00025,0.0,0.0
1,3,3,0.0005,0.0,0.0
1,3,3,0.001,0.0,0.0
1,3,3,0.002,0.0,0.0
1,3,4,0.000125,0.0,0.0
1,3,4,0.00025,0.0,0.0
1,3,4,0.0005,0.0,0.0
1,3,4,0.001,0.0,0.0
1,3,4,0.002,0.0,0.0
1,3,5,0.000125,0.0,0.0
1,3,5,0.00025,0.0,0.0
1,3,5,0.0005,0.0,0.0
1,3,5,0.001,0.0,0.0
1,3,5,0.002,0.0,0.0
1,3,6,0.000125,0.0,0.0
1,3,6,0.00025,0.0,0.0
1,3,6,0.0005,0.0,0.0
1,3,6,0.001,0.0,0.0
1,3,6,0.002,0.0,0.0
1,3,7,0.000125,8.0,256.0
1,3,7,0.00025,8.0,256.0
1,3,7,0.0005,8.0,256.0
1,3,7,0.001,8.0,256.0
1,3,7,0.002,8.0,256.0
1,3,8,0.000125,8.0,256.0
1,3,8,0.00025,8.0,256.0
1,3,8,0.0005,8.0,256.0
1,3,8,0.001,8.0,256.0
1,3,8,0.002,8.0,256.0
1,3,9,0.000125,8.0,256.0
1,3,9,0.00025,8.0,256.0
1,3,9,0.0005,8.0,256.0
1,3,9,0.001,8.0,256.0
1,3,9,0.002,8.0,256.0
1,4,0,0.000125,0.0,0.0
1,4,0,0.00025,0.0,0.0
1,4,0,0.0005,0.0,0.0
1,4,0,0.001,0.0,0.0
1,4,0,0.002,0.0,0.0
1,4,1,0.000125,0.0,0.0
1,4,1,0.00025,0.0,0.0
1,4,1,0.0005,0.0,0.0
1,4,1,0.001,0.0,0.0
1,4,1,0.002,0.0,0.0
1,4,2,0.000125,0.0,0.0
1,4,2,0.00025,0.0,0.0
1,4,2,0.0005,0.0,0.0
1,4,2,0.001,0.0,0.0
1,4,2,0.002,0.0,0.0
1,4,3,0.000125,0.0,0.0
1,4,3,0.00025,0.0,0.0
1,4,3,0.0005,0.0,0.0
1,4,3,0.001,0.0,0.0
1,4,3,0.002,0.0,0.0
1,4,4,0.000125,0.0,0.0
1,4,4,0.00025,0.0,0.0
1,4,4,0.0005,0.0,0.0
1,4,4,0.001,0.0,0.0
1,4,4,0.002,0.0,0.0
1,4,5,0.000125,0.0,0.0
1,4,5,0.00025,0.0,0.0
1,4,5,0.0005,0.0,0.0
1,4,5,0.001,0.0,0.0
1,4,5,0.002,0.0,0.0
1,4,6,0.000125,0.0,0.0
1,4,6,0.00025,0.0,0.0
1,4,6,0.0005,0.0,0.0
1,4,6,0.001,0.0,0.0
1,4,6,0.002,0.0,0.0
1,4,7,0.000125,8000.0,256000.0
1,4,7,0.00025,4000.0,128000.0
1,4,7,0.0005,2000.0,64000.0
1,4,7,0.001,1000.0,32000.0
1,4,7,0.002,500.0,16000.0
1,4,8,0.000125,8.0,256.0
1,4,8,0.00025,8.0,256.0
1,4,8,0.0005,8.0,256.0
1,4,8,0.001,8.0,256.0
1,4,8,0.002,8.0,256.0
1,4,9,0.000125,16.0,512.0
1,4,9,0.00025,16.0,512.0
1,4,9,0.0005,16.0,512.0
1,4,9,0.001,16.0,512.0
1,4,9,0.002,16.0,512.0
2,0,0,0.000125,0.0,0.0
2,0,0,0.00025,0.0,0.0
2,0,0,0.0005,0.0,0.0
2,0,0,0.001,0.0,0.0
2,0,0,0.002,0.0,0.0
2,0,1,0.000125,0.0,0.0
2,0,1,0.00025,0.0,0.0
2,0,1,0.0005,0.0,0.0
2,0,1,0.001,0.0,0.0
2,0,1,0.002,0.0,0.0
2,0,2,0.000125,0.0,0.0
2,0,2,0.00025,0.0,0.0
2,0,2,0.0005,0.0,0.0
2,0,2,0.001,0.0,0.0
2,0,2,0.002,0.0,0.0
2,0,3,0.000125,0.0,0.0
2,0,3,0.00025,0.0,0.0
2,0,3,0.0005,0.0,0.0
2,0,3,0.001,0.0,0.0
2,0,3,0.002,0.0,0.0
2,0,4,0.000125,0.0,0.0
2,0,4,0.00025,0.0,0.0
2,0,4,0.0005,0.0,0.0
2,0,4,0.001,0.0,0.0
2,0,4,0.002,0.0,0.0
2,0,5,0.000125,0.0,0.0
2,0,5,0.00025,0.0,0.0
2,0,5,0.0005,0.0,0.0
2,0,5,0.001,0.0,0.0
2,0,5,0.002,0.0,0.0
2,0,6,0.000125,0.0,0.0
2,0,6,0.00025,0.0,0.0
2,0,6,0.0005,0.0,0.0
2,0,6,0.001,0.0,0.0
2,0,6,0.002,0.0,0.0
2,0,7,0.000125,0.0,0.0
2,0,7,0.00025,0.0,0.0
2,0,7,0.0005,0.0,0.0
2,0,7,0.001,0.0,0.0
2,0,7,0.002,0.0,0.0
2,0,8,0.000125,0.0,0.0
2,0,8,0.00025,0.0,0.0
2,0,8,0.0005,0.0,0.0
2,0,8,0.001,0.0,0.0
2,0,8,0.002,0.0,0.0
2,0,9,0.000125,0.0,0.0
2,0,9,0.00025,0.0,0.0
2,0,9,0.0005,0.0,0.0
2,0,9,0.001,0.0,0.0
2,0,9,0.002,0.0,0.0
2,1,0,0.000125,0.0,0.0
2,1,0,0.00025,0.0,0.0
2,1,0,0.0005,0.0,0.0
2,1,0,0.001,0.0,0.0
2,1,0,0.002,0.0,0.0
2,1,1,0.000125,0.0,0.0
2,1,1,0.00025,0.0,0.0
2,1,1,0.0005,0.0,0.0
2,1,1,0.001,0.0,0.0
2,1,1,0.002,0.0,0.0
2,1,2,0.000125,0.0,0.0
2,1,2,0.00025,0.0,0.0
2,1,2,0.0005,0.0,0.0
2,1,2,0.001,0.0,0.0
2,1,2,0.002,0.0,0.0
2,1,3,0.000125,0.0,0.0
2,1,3,0.00025,0.0,0.0
2,1,3,0.0005,0.0,0.0
2,1,3,0.001,0.0,0.0
2,1,3,0.002,0.0,0.0
2,1,4,0.000125,0.0,0.0
2,1,4,0.00025,0.0,0.0
2,1,4,0.0005,0.0,0.0
2,1,4,0.001,0.0,0.0
2,1,4,0.002,0.0,0.0
2,1,5,0.000125,0.0,0.0
2,1,5,0.00025,0.0,0.0
2,1,5,0.0005,0.0,0.0
2,1,5,0.001,0.0,0.0
2,1,5,0.002,0.0,0.0
2,1,6,0.000125,0.0,0.0
2,1,6,0.00025,0.0,0.0
2,1,6,0.0005,0.0,0.0
2,1,6,0.001,0.0,0.0
2,1,6,0.002,0.0,0.0
2,1,7,0.000125,3397.0,108704.0
2,1,7,0.00025,1699.0,54368.0
2,1,7,0.0005,851.0,27232.0
2,1,7,0.001,431.0,13792.0
2,1,7,0.002,222.0,7104.0
2,1,8,0.000125,64.0,2048.0
2,1,8,0.00025,64.0,2048.0
2,1,8,0.0005,64.0,2048.0
2,1,8,0.001,64.0,2048.0
2,1,8,0.002,64.0,2048.0
2,1,9,0.000125,128.0,4096.0
2,1,9,0.00025,128.0,4096.0
2,1,9,0.0005,128.0,4096.0
2,1,9,0.001,128.0,4096.0
2,1,9,0.002,122.0,3904.0
2,2,0,0.000125,0.0,0.0
2,2,0,0.00025,0.0,0.0
2,2,0,0.0005,0.0,0.0
2,2,0,0.001,0.0,0.0
2,2,0,0.002,0.0,0.0
2,2,1,0.000125,0.0,0.0
2,2,1,0.00025,0.0,0.0
2,2,1,0.0005,0.0,0.0
2,2,1,0.001,0.0,0.0
2,2,1,0.002,0.0,0.0
2,2,2,0.000125,0.0,0.0
2,2,2,0.00025,0.0,0.0
2,2,2,0.0005,0.0,0.0
2,2,2,0.001,0.0,0.0
2,2,2,0.002,0.0,0.0
2,2,3,0.000125,0.0,0.0
2,2,3,0.00025,0.0,0.0
2,2,3,0.0005,0.0,0.0
2,2,3,0.001,0.0,0.0
2,2,3,0.002,0.0,0.0
2,2,4,0.000125,0.0,0.0
2,2,4,0.00025,0.0,0.0
2,2,4,0.0005,0.0,0.0
2,2,4,0.001,0.0,0.0
2,2,4,0.002,0.0,0.0
2,2,5,0.000125,0.0,0.0
2,2,5,0.00025,0.0,0.0
2,2,5,0.0005,0.0,0.0
2,2,5,0.001,0.0,0.0
2,2,5,0.002,0.0,0.0
2,2,6,0.000125,0.0,0.0
2,2,6,0.00025,0.0,0.0
2,2,6,0.0005,0.0,0.0
2,2,6,0.001,0.0,0.0
2,2,6,0.002,0.0,0.0
2,2,7,0.000125,9.0,288.0
2,2,7,0.00025,9.0,288.0
2,2,7,0.0005,9.0,288.0
2,2,7,0.001,9.0,288.0
2,2,7,0.002,9.0,288.0
2,2,8,0.000125,9.0,288.0
2,2,8,0.00025,9.0,288.0
2,2,8,0.0005,9.0,288.0
2,2,8,0.001,9.0,288.0
2,2,8,0.002,9.0,288.0
2,2,9,0.000125,9.0,288.0
2,2,9,0.00025,9.0,288.0
2,2,9,0.0005,9.0,288.0
2,2,9,0.001,9.0,288.0
2,2,9,0.002,9.0,288.0
2,3,0,0.000125,0.0,0.0
2,3,0,0.00025,0.0,0.0
2,3,0,0.0005,0.0,0.0
2,3,0,0.001,0.0,0.0
2,3,0,0.002,0.0,0.0
2,3,1,0.000125,0.0,0.0
2,3,1,0.00025,0.0,0.0
2,3,1,0.0005,0.0,0.0
2,3,1,0.001,0.0,0.0
2,3,1,0.002,0.0,0.0
2,3,2,0.000125,0.0,0.0
2,3,2,0.00025,0.0,0.0
2,3,2,0.0005,0.0,0.0
2,3,2,0.001,0.0,0.0
2,3,2,0.002,0.0,0.0
2,3,3,0.000125,0.0,0.0
2,3,3,0.00025,0.0,0.0
2,3,3,0.0005,0.0,0.0
2,3,3,0.001,0.0,0.0
2,3,3,0.002,0.0,0.0
2,3,4,0.000125,0.0,0.0
2,3,4,0.00025,0.0,0.0
2,3,4,0.0005,0.0,0.0
2,3,4,0.001,0.0,0.0
2,3,4,0.002,0.0,0.0
2,3,5,0.000125,0.0,0.0
2,3,5,0.00025,0.0,0.0
2,3,5,0.0005,0.0,0.0
2,3,5,0.001,0.0,0.0
2,3,5,0.002,0.0,0.0
2,3,6,0.000125,0.0,0.0
2,3,6,0.00025,0.0,0.0
2,3,6,0.0005,0.0,0.0
2,3,6,0.001,0.0,0.0
2,3,6,0.002,0.0,0.0
2,3,7,0.000125,8.0,256.0
2,3,7,0.00025,8.0,256.0
2,3,7,0.0005,8.0,256.0
2,3,7,0.001,8.0,256.0
2,3,7,0.002,8.0,256.0
2,3,8,0.000125,8.0,256.0
2,3,8,0.00025,8.0,256.0
2,3,8,0.0005,8.0,256.0
2,3,8,0.001,8.0,256.0
2,3,8,0.002,8.0,256.0
2,3,9,0.000125,8.0,256.0
2,3,9,0.00025,8.0,256.0
2,3,9,0.0005,8.0,256.0
2,3,9,0.001,8.0,256.0
2,3,9,0.002,8.0,256.0
2,4,0,0.000125,0.0,0.0
2,4,0,0.00025,0.0,0.0
2,4,0,0.0005,0.0,0.0
2,4,0,0.001,0.0,0.0
2,4,0,0.002,0.0,0.0
2,4,1,0.000125,0.0,0.0
2,4,1,0.00025,0.0,0.0
2,4,1,0.0005,0.0,0.0
2,4,1,0.001,0.0,0.0
2,4,1,0.002,0.0,0.0
2,4,2,0.000125,0.0,0.0
2,4,2,0.00025,0.0,0.0
2,4,2,0.0005,0.0,0.0
2,4,2,0.001,0.0,0.0
2,4,2,0.002,0.0,0.0
2,4,3,0.000125,0.0,0.0
2,4,3,0.00025,0.0,0.0
2,4,3,0.0005,0.0,0.0
2,4,3,0.001,0.0,0.0
2,4,3,0.002,0.0,0.0
2,4,4,0.000125,0.0,0.0
2,4,4,0.00025,0.0,0.0
2,4,4,0.0005,0.0,0.0
2,4,4,0.001,0.0,0.0
2,4,4,0.002,0.0,0.0
2,4,5,0.000125,0.0,0.0
2,4,5,0.00025,0.0,0.0
2,4,5,0.0005,0.0,0.0
2,4,5,0.001,0.0,0.0
2,4,5,0.002,0.0,0.0
2,4,6,0.000125,0.0,0.0
2,4,6,0.00025,0.0,0.0
2,4,6,0.0005,0.0,0.0
2,4,6,0.001,0.0,0.0
2,4,6,0.002,0.0,0.0
2,4,7,0.000125,8000.0,256000.0
2,4,7,0.00025,4000.0,128000.0
2,4,7,0.0005,2000.0,64000.0
2,4,7,0.001,1000.0,32000.0
2,4,7,0.002,500.0,16000.0
2,4,8,0.000125,8.0,256.0
2,4,8,0.00025,8.0,256.0
2,4,8,0.0005,8.0,256.0
2,4,8,0.001,8.0,256.0
2,4,8,0.002,8.0,256.0
2,4,9,0.000125,16.0,512.0
2,4,9,0.00025,16.0,512.0
2,4,9,0.0005,16.0,512.0
2,4,9,0.001,16.0,512.0
2,4,9,0.002,16.0,512.0
