Ks,dt_day,mode,kappa_dt,max_head_error_cm,max_exchange_error_cm,max_ledger_residual_cm,overshoots,negative_head_steps
0.025,0.0625,backward,0.00275,5.370558750827925e-05,2.685279375405289e-06,2.220446049250313e-16,0,0
0.025,0.0625,exact,0.00275,0.0,0.0,2.220446049250313e-16,0,0
0.025,0.0625,explicit,0.00275,5.390123928483703e-05,2.6950619642536477e-06,6.661338147750939e-16,0,0
0.025,0.0625,one_sided,0.00275,0.04047799636549687,0.002023899818274867,2.220446049250313e-16,0,0
0.025,0.0625,subcycle,0.00275,5.390123928483703e-05,2.695061964275332e-06,2.220446049250313e-16,0,0
0.025,0.125,backward,0.0055,0.00010721672080959976,5.360836040463682e-06,6.661338147750939e-16,0,0
0.025,0.125,exact,0.0055,0.0,0.0,2.220446049250313e-16,0,0
0.025,0.125,explicit,0.0055,0.00010799933845007104,5.39996692251743e-06,0.0,0,0
0.025,0.125,one_sided,0.0055,0.04053209446466166,0.002026604723233099,0.0,0,0
0.025,0.125,subcycle,0.0055,0.00010799933845007104,5.399966922498781e-06,0.0,0,0
0.025,0.25,backward,0.011,0.00021366036314685033,1.0683018157348068e-05,0.0,0,0
0.025,0.25,exact,0.011,0.0,0.0,2.220446049250313e-16,0,0
0.025,0.25,explicit,0.011,0.00021679100220017844,1.0839550110009963e-05,2.220446049250313e-16,0,0
0.025,0.25,one_sided,0.011,0.04064088612841177,0.002032044306420599,2.220446049250313e-16,0,0
0.025,0.25,subcycle,0.011,0.00021679100220017844,1.0839550110011698e-05,2.220446049250313e-16,0,0
0.025,0.5,backward,0.022,0.0004242657492676827,2.1213287463381185e-05,0.0,0,0
0.025,0.5,exact,0.022,0.0,0.0,2.220446049250313e-16,0,0
0.025,0.5,explicit,0.022,0.00043679100220028744,2.1839550110004484e-05,2.220446049250313e-16,0,0
0.025,0.5,one_sided,0.022,0.04086088612841188,0.002043044306420599,2.220446049250313e-16,0,0
0.025,0.5,subcycle,0.022,0.00043679100220028744,2.183955011000622e-05,2.220446049250313e-16,0,0
1.0,0.0625,backward,0.11,0.04007241612082524,0.0020036208060412626,6.661338147750939e-16,0,0
1.0,0.0625,exact,0.11,0.0,0.0,2.220446049250313e-16,0,0
1.0,0.0625,explicit,0.11,0.04576456845724586,0.0022882284228622936,2.220446049250313e-16,0,0
1.0,0.0625,one_sided,0.11,1.7251275634357812,0.08625637817178906,2.220446049250313e-16,0,0
1.0,0.0625,subcycle,0.11,0.022094267987793792,0.0011047133993897264,2.220446049250313e-16,0,0
1.0,0.125,backward,0.22,0.07548378147856294,0.0037741890739282323,2.220446049250313e-16,0,0
1.0,0.125,exact,0.22,0.0,0.0,2.220446049250313e-16,0,0
1.0,0.125,explicit,0.22,0.09860232110622835,0.00493011605531142,2.220446049250313e-16,0,0
1.0,0.125,one_sided,0.22,1.7678699644725229,0.08839349822362619,2.220446049250313e-16,0,0
1.0,0.125,subcycle,0.22,0.029800736349887558,0.0014900368174944056,2.220446049250313e-16,0,0
1.0,0.25,backward,0.44,0.13530395261457429,0.006765197630728734,0.0,0,0
1.0,0.25,exact,0.44,0.0,0.0,2.220446049250313e-16,0,0
1.0,0.25,explicit,0.44,0.23393803552747716,0.011696901776373857,2.220446049250313e-16,0,0
1.0,0.25,one_sided,0.44,1.8706891644725228,0.09353445822362616,2.220446049250313e-16,0,0
1.0,0.25,subcycle,0.44,0.03609617199549575,0.0018048085997748042,6.661338147750939e-16,0,0
1.0,0.5,backward,0.88,0.22431886116785993,0.011215943058393005,2.220446049250313e-16,0,0
1.0,0.5,exact,0.88,0.0,0.0,2.220446049250313e-16,0,0
1.0,0.5,explicit,0.88,0.7853108355274774,0.03926554177637384,2.220446049250313e-16,0,0
1.0,0.5,one_sided,0.88,2.2226891644725226,0.11113445822362616,2.220446049250313e-16,0,0
1.0,0.5,subcycle,0.88,0.040359315350901426,0.0020179657675450796,2.220446049250313e-16,0,0
5.0,0.0625,backward,0.55,0.2878496669627957,0.014392483348139834,6.661338147750939e-16,0,0
5.0,0.0625,exact,0.55,0.0,0.0,2.220446049250313e-16,0,0
5.0,0.0625,explicit,0.55,0.46726527681246477,0.023363263840623177,8.881784197001252e-16,0,0
5.0,0.0625,one_sided,0.55,3.5889355285998112,0.17944677642999063,2.220446049250313e-16,0,0
5.0,0.0625,subcycle,0.55,0.061565962647459394,0.0030782981323728975,1.1102230246251565e-15,0,0
5.0,0.125,backward,1.1,0.48407338858385085,0.024203669429192554,2.220446049250313e-16,0,0
5.0,0.125,exact,1.1,0.0,0.0,2.220446049250313e-16,0,0
5.0,0.125,explicit,1.1,1.5666279926503552,0.07833139963251777,2.220446049250313e-16,8,0
5.0,0.125,one_sided,1.1,3.7738110059435614,0.18869055029717807,2.220446049250313e-16,1,0
5.0,0.125,subcycle,1.1,0.06741355727248166,0.0033706778636241053,6.661338147750939e-16,0,0
5.0,0.25,backward,2.2,0.6804299512506908,0.03402149756253453,0.0,0,0
5.0,0.25,exact,2.2,0.0,0.0,0.0,0,0
5.0,0.25,explicit,2.2,2.595859381994421,0.12979296909972105,2.220446049250313e-16,4,0
5.0,0.25,one_sided,2.2,5.7738110059435614,0.28869055029717805,0.0,1,0
5.0,0.25,subcycle,2.2,0.04408504218399045,0.0022042521091995004,6.661338147750939e-16,0,0
5.0,0.5,backward,4.4,0.5666779469586505,0.028333897347932527,0.0,0,0
5.0,0.5,exact,4.4,0.0,0.0,2.220446049250313e-16,0,0
5.0,0.5,explicit,4.4,33.426188994056446,1.6713094497028222,0.0,2,1
5.0,0.5,one_sided,4.4,9.77381100594356,0.48869055029717806,2.220446049250313e-16,1,2
5.0,0.5,subcycle,4.4,0.00927730589816278,0.0004638652949081473,2.220446049250313e-16,0,0
