code,theta_s,Ks_cm_day,dt_ratio,provider_D_min_cm2_day,provider_D_max_cm2_day,provider_D_ratio,source_Darcy_to_matrix_h0,source_Darcy_to_matrix_h1,source_Darcy_to_matrix_h5,source_Darcy_to_matrix_h9,theta_only_saturated_diffusion_rate,signed_source_algebra_error_cm_day,theta_only_general_route_falsified,provider_K_C_physical_mapping_falsified
B01,0.42749391,31.22501566,1000.0,3122501566.0,3122501566000.0,1000.0,15.612507830000002,12.490006264,0.0,-12.490006264,0.0,0.0,1,1
B02,0.43387803,83.24163508,1000.0,8324163507.999999,8324163508000.0,1000.0000000000001,41.62081754,33.296654032,0.0,-33.296654032,0.0,0.0,1,1
B03,0.44279037,19.07723673,1000.0,1907723672.9999998,1907723673000.0,1000.0000000000001,9.538618365,7.630894692000001,0.0,-7.630894692000001,0.0,8.881784197001252e-16,1,1
B04,0.46192638,34.88427629,1000.0,3488427629.0,3488427629000.0005,1000.0000000000001,17.442138145,13.953710516000001,0.0,-13.953710516000001,0.0,0.0,1,1
B05,0.38088059,63.6504027,1000.0,6365040270.0,6365040270000.0,1000.0,31.82520135,25.46016108,0.0,-25.46016108,0.0,3.552713678800501e-15,1,1
B06,0.38481561,104.10300497,1000.0,10410300497.0,10410300497000.0,1000.0,52.05150248500001,41.641201988,0.0,-41.641201988,0.0,7.105427357601002e-15,1,1
B07,0.40058182,14.58232666,1000.0,1458232666.0,1458232666000.0,1000.0,7.29116333,5.832930664,0.0,-5.832930664,0.0,8.881784197001252e-16,1,1
B08,0.43265125,3.00274059,1000.0,300274059.0,300274059000.00006,1000.0000000000002,1.501370295,1.2010962360000002,0.0,-1.2010962360000002,0.0,0.0,1,1
B09,0.42953862,1.74758567,1000.0,174758567.0,174758567000.00003,1000.0000000000002,0.8737928350000002,0.699034268,0.0,-0.699034268,0.0,1.1102230246251565e-16,1,1
B10,0.44811194,3.83228337,1000.0,383228337.0,383228337000.0,1000.0,1.9161416850000001,1.5329133480000001,0.0,-1.5329133480000001,0.0,2.220446049250313e-16,1,1
B11,0.59128611,6.30532049,1000.0,630532049.0,630532049000.0,1000.0,3.152660245,2.5221281959999997,0.0,-2.5221281959999997,0.0,0.0,1,1
B12,0.52974855,2.24589475,1000.0,224589475.0,224589475000.00003,1000.0000000000001,1.122947375,0.8983579,0.0,-0.8983579,0.0,0.0,1,1
B13,0.41608364,29.83240784,1000.0,2983240784.0,2983240784000.0,1000.0,14.91620392,11.932963136,0.0,-11.932963136,0.0,1.7763568394002505e-15,1,1
B14,0.41677442,0.89502313,1000.0,89502313.0,89502313000.0,1000.0,0.447511565,0.358009252,0.0,-0.358009252,0.0,0.0,1,1
B15,0.52845807,87.45078892,1000.0,8745078892.0,8745078892000.0,1000.0,43.72539445999999,34.980315567999995,0.0,-34.980315567999995,0.0,7.105427357601002e-15,1,1
B16,0.78606073,12.35724606,1000.0,1235724606.0,1235724606000.0,1000.0,6.17862303,4.942898424,0.0,-4.942898424,0.0,0.0,1,1
B17,0.71862598,4.48373535,1000.0,448373535.0,448373535000.0,1000.0,2.241867675,1.79349414,0.0,-1.79349414,0.0,0.0,1,1
B18,0.76545233,13.14456155,1000.0,1314456155.0,1314456155000.0002,1000.0000000000002,6.572280775000001,5.25782462,0.0,-5.25782462,0.0,8.881784197001252e-16,1,1
O01,0.36584689,22.32215442,1000.0,2232215442.0,2232215442000.0,1000.0,11.161077210000002,8.928861768,0.0,-8.928861768,0.0,1.7763568394002505e-15,1,1
O02,0.3870639,22.76175599,1000.0,2276175599.0,2276175599000.0,1000.0,11.380877995,9.104702396,0.0,-9.104702396,0.0,0.0,1,1
O03,0.33981025,12.36681012,1000.0,1236681012.0,1236681012000.0,1000.0,6.18340506,4.946724048,0.0,-4.946724048,0.0,0.0,1,1
O04,0.36407401,25.81471467,1000.0,2581471467.0,2581471467000.0,1000.0,12.907357335,10.325885867999999,0.0,-10.325885867999999,0.0,1.7763568394002505e-15,1,1
O05,0.3367005,17.41850374,1000.0,1741850373.9999998,1741850374000.0,1000.0000000000001,8.70925187,6.967401495999999,0.0,-6.967401495999999,0.0,0.0,1,1
O06,0.33343415,32.8338987,1000.0,3283389870.0,3283389870000.0,1000.0,16.41694935,13.133559479999999,0.0,-13.133559479999999,0.0,0.0,1,1
O07,0.51312621,37.55041952,1000.0,3755041951.9999995,3755041952000.0,1000.0000000000001,18.77520976,15.020167808,0.0,-15.020167808,0.0,0.0,1,1
O08,0.45375142,8.64086044,1000.0,864086044.0000001,864086044000.0001,1000.0,4.32043022,3.4563441760000004,0.0,-3.4563441760000004,0.0,0.0,1,1
O09,0.45824566,3.76662698,1000.0,376662698.0,376662698000.0,1000.0,1.88331349,1.5066507919999998,0.0,-1.5066507919999998,0.0,2.220446049250313e-16,1,1
O10,0.47234331,2.30006721,1000.0,230006721.0,230006721000.0,1000.0,1.150033605,0.920026884,0.0,-0.920026884,0.0,0.0,1,1
O11,0.44361666,2.12243578,1000.0,212243578.0,212243578000.0,1000.0,1.06121789,0.848974312,0.0,-0.848974312,0.0,0.0,1,1
O12,0.56070265,1.07972884,1000.0,107972884.0,107972884000.00002,1000.0000000000001,0.53986442,0.431891536,0.0,-0.431891536,0.0,0.0,1,1
O13,0.573268,9.68929074,1000.0,968929074.0,968929074000.0001,1000.0000000000001,4.84464537,3.8757162960000002,0.0,-3.8757162960000002,0.0,0.0,1,1
O14,0.39387829,2.49598427,1000.0,249598427.0,249598427000.00003,1000.0000000000001,1.247992135,0.998393708,0.0,-0.998393708,0.0,0.0,1,1
O15,0.41005808,2.79125069,1000.0,279125069.0,279125069000.0,1000.0,1.395625345,1.116500276,0.0,-1.116500276,0.0,0.0,1,1
O16,0.88924579,1.46262444,1000.0,146262444.0,146262444000.0,1000.0,0.73131222,0.585049776,0.0,-0.585049776,0.0,0.0,1,1
O17,0.84863548,3.40200949,1000.0,340200949.0,340200949000.00006,1000.0000000000002,1.701004745,1.3608037960000001,0.0,-1.3608037960000001,0.0,0.0,1,1
O18,0.58027825,35.95127916,1000.0,3595127916.0,3595127916000.0,1000.0,17.97563958,14.380511664000002,0.0,-14.380511664000002,0.0,1.7763568394002505e-15,1,1
