matrix_head_cm,macro_head_cm,dt_day,standard_matrix_to_macro_cm,rfm_matrix_to_macro_cm,rfm_macro_to_matrix_cm
  2.0000000000000000E+00,  1.0000000000000000E+00,  1.0000000000000000E-02,  1.0000000000000000E-04,  0.0000000000000000E+00,  0.0000000000000000E+00
  2.0000000000000000E+00,  1.0000000000000000E+00,  5.0000000000000001E-03,  5.0000000000000002E-05,  0.0000000000000000E+00,  0.0000000000000000E+00
  2.0000000000000000E+00,  1.0000000000000000E+00,  2.5000000000000001E-03,  2.5000000000000001E-05,  0.0000000000000000E+00,  0.0000000000000000E+00
  5.0000000000000000E+00,  1.0000000000000000E+00,  1.0000000000000000E-02,  4.0000000000000002E-04,  0.0000000000000000E+00,  0.0000000000000000E+00
  5.0000000000000000E+00,  1.0000000000000000E+00,  5.0000000000000001E-03,  2.0000000000000001E-04,  0.0000000000000000E+00,  0.0000000000000000E+00
  5.0000000000000000E+00,  1.0000000000000000E+00,  2.5000000000000001E-03,  1.0000000000000000E-04,  0.0000000000000000E+00,  0.0000000000000000E+00
  1.0000000000000000E+01,  1.0000000000000000E+00,  1.0000000000000000E-02,  8.9999999999999998E-04,  0.0000000000000000E+00,  0.0000000000000000E+00
  1.0000000000000000E+01,  1.0000000000000000E+00,  5.0000000000000001E-03,  4.4999999999999999E-04,  0.0000000000000000E+00,  0.0000000000000000E+00
  1.0000000000000000E+01,  1.0000000000000000E+00,  2.5000000000000001E-03,  2.2499999999999999E-04,  0.0000000000000000E+00,  0.0000000000000000E+00
