TRACE,2,2,1,1,  1.0000000000000000E-02,1,  0.0000000000000000E+00,  2.5000000000000000E-01,  4.1912068663689378E-02,  1.0000000000000000E-02,T,T,T
TRACE,2,2,1,1,  1.0000000000000000E-02,2,  0.0000000000000000E+00,  1.2500000000000000E-01,  7.7486211916694719E-02,  5.0000000000000001E-03,T,T,T
TRACE,2,2,1,1,  1.0000000000000000E-02,3,  0.0000000000000000E+00,  6.2500000000000000E-02,  1.0390894703246073E-01,  2.5000000000000001E-03,T,T,T
TRACE,2,2,1,1,  1.0000000000000000E-02,4,  0.0000000000000000E+00,  3.1250000000000000E-02,  9.9263845461188160E-02,  1.2500000000000000E-03,T,T,T
TRACE,2,2,1,1,  1.0000000000000000E-02,5,  0.0000000000000000E+00,  1.5625000000000000E-02,  7.7664572083006422E-02,  6.2500000000000001E-04,T,T,T
TRACE,2,2,1,1,  1.0000000000000000E-02,6,  0.0000000000000000E+00,  7.8125000000000000E-03,  5.8476188615235125E-02,  3.1250000000000001E-04,T,T,T
TRACE,2,2,1,1,  1.0000000000000000E-02,7,  0.0000000000000000E+00,  3.9062500000000000E-03,  4.7653676080363638E-02,  1.5625000000000000E-04,T,T,T
TRACE,2,2,1,1,  1.0000000000000000E-02,8,  0.0000000000000000E+00,  1.9531250000000000E-03,  4.0611746748491384E-02,  7.8125000000000002E-05,T,T,T
TRACE,2,2,1,1,  1.0000000000000000E-02,9,  0.0000000000000000E+00,  9.7656250000000000E-04,  3.0294045239379730E-02,  3.9062500000000001E-05,T,T,T
TRACE,2,2,1,1,  1.0000000000000000E-02,10,  0.0000000000000000E+00,  4.8828125000000000E-04,  1.7259154757374162E-02,  1.9531250000000000E-05,T,T,T
TRACE,2,2,1,1,  1.0000000000000000E-02,11,  0.0000000000000000E+00,  2.4414062500000000E-04,  9.0534979263416915E-03,  9.7656250000000002E-06,T,T,T
TRACE,2,2,1,1,  1.0000000000000000E-02,12,  0.0000000000000000E+00,  1.2207031250000000E-04,  5.9394540190622624E-03,  4.8828125000000001E-06,T,T,T
TRACE,2,2,1,1,  1.0000000000000000E-02,13,  0.0000000000000000E+00,  6.1035156250000000E-05,  3.7457072916529111E-03,  2.4414062500000001E-06,T,T,T
TRACE,2,2,1,1,  1.0000000000000000E-02,14,  0.0000000000000000E+00,  3.0517578125000000E-05,  1.9411784934791898E-03,  1.2207031250000000E-06,T,T,T
TRACE,2,2,1,1,  1.0000000000000000E-02,15,  0.0000000000000000E+00,  1.5258789062500000E-05,  8.2769428753975971E-04,  6.1035156250000001E-07,T,T,T
TRACE,2,2,1,1,  1.0000000000000000E-02,16,  0.0000000000000000E+00,  7.6293945312500000E-06,  2.9789163025428778E-04,  3.0517578125000001E-07,T,T,T
TRACE,2,2,1,1,  1.0000000000000000E-02,17,  0.0000000000000000E+00,  3.8146972656250000E-06,  9.2715944687127294E-05,  1.5258789062500000E-07,T,T,T
TRACE,2,2,1,1,  2.5000000000000001E-03,1,  0.0000000000000000E+00,  2.5000000000000000E-01,  4.1912068663689378E-02,  2.5000000000000001E-03,T,T,T
TRACE,2,2,1,1,  2.5000000000000001E-03,2,  0.0000000000000000E+00,  1.2500000000000000E-01,  7.7486211916694719E-02,  1.2500000000000000E-03,T,T,T
TRACE,2,2,1,1,  2.5000000000000001E-03,3,  0.0000000000000000E+00,  6.2500000000000000E-02,  1.0390894703246073E-01,  6.2500000000000001E-04,T,T,T
TRACE,2,2,1,1,  2.5000000000000001E-03,4,  0.0000000000000000E+00,  3.1250000000000000E-02,  9.9263845461188160E-02,  3.1250000000000001E-04,T,T,T
TRACE,2,2,1,1,  2.5000000000000001E-03,5,  0.0000000000000000E+00,  1.5625000000000000E-02,  7.7664572083006422E-02,  1.5625000000000000E-04,T,T,T
TRACE,2,2,1,1,  2.5000000000000001E-03,6,  0.0000000000000000E+00,  7.8125000000000000E-03,  5.8476188615235125E-02,  7.8125000000000002E-05,T,T,T
TRACE,2,2,1,1,  2.5000000000000001E-03,7,  0.0000000000000000E+00,  3.9062500000000000E-03,  4.7653676080363638E-02,  3.9062500000000001E-05,T,T,T
TRACE,2,2,1,1,  2.5000000000000001E-03,8,  0.0000000000000000E+00,  1.9531250000000000E-03,  4.0611746748491384E-02,  1.9531250000000000E-05,T,T,T
TRACE,2,2,1,1,  2.5000000000000001E-03,9,  0.0000000000000000E+00,  9.7656250000000000E-04,  3.0294045239379730E-02,  9.7656250000000002E-06,T,T,T
TRACE,2,2,1,1,  2.5000000000000001E-03,10,  0.0000000000000000E+00,  4.8828125000000000E-04,  1.7259154757374162E-02,  4.8828125000000001E-06,T,T,T
TRACE,2,2,1,1,  2.5000000000000001E-03,11,  0.0000000000000000E+00,  2.4414062500000000E-04,  9.0534979263416915E-03,  2.4414062500000001E-06,T,T,T
TRACE,2,2,1,1,  2.5000000000000001E-03,12,  0.0000000000000000E+00,  1.2207031250000000E-04,  5.9394540190622624E-03,  1.2207031250000000E-06,T,T,T
TRACE,2,2,1,1,  2.5000000000000001E-03,13,  0.0000000000000000E+00,  6.1035156250000000E-05,  3.7457072916529111E-03,  6.1035156250000001E-07,T,T,T
TRACE,2,2,1,1,  2.5000000000000001E-03,14,  0.0000000000000000E+00,  3.0517578125000000E-05,  1.9411784934791898E-03,  3.0517578125000001E-07,T,T,T
TRACE,2,2,1,1,  2.5000000000000001E-03,15,  0.0000000000000000E+00,  1.5258789062500000E-05,  8.2769428753975971E-04,  1.5258789062500000E-07,T,T,T
TRACE,2,2,1,1,  2.5000000000000001E-03,16,  0.0000000000000000E+00,  7.6293945312500000E-06,  2.9789163025428778E-04,  7.6293945312500002E-08,T,T,T
TRACE,2,2,1,1,  2.5000000000000001E-03,17,  0.0000000000000000E+00,  3.8146972656250000E-06,  9.2715944687127294E-05,  3.8146972656250001E-08,T,T,T
TRACE,2,2,1,1,  6.2500000000000001E-04,1,  0.0000000000000000E+00,  2.5000000000000000E-01,  4.1912068663689378E-02,  6.2500000000000001E-04,T,T,T
TRACE,2,2,1,1,  6.2500000000000001E-04,2,  0.0000000000000000E+00,  1.2500000000000000E-01,  7.7486211916694719E-02,  3.1250000000000001E-04,T,T,T
TRACE,2,2,1,1,  6.2500000000000001E-04,3,  0.0000000000000000E+00,  6.2500000000000000E-02,  1.0390894703246073E-01,  1.5625000000000000E-04,T,T,T
TRACE,2,2,1,1,  6.2500000000000001E-04,4,  0.0000000000000000E+00,  3.1250000000000000E-02,  9.9263845461188160E-02,  7.8125000000000002E-05,T,T,T
TRACE,2,2,1,1,  6.2500000000000001E-04,5,  0.0000000000000000E+00,  1.5625000000000000E-02,  7.7664572083006422E-02,  3.9062500000000001E-05,T,T,T
TRACE,2,2,1,1,  6.2500000000000001E-04,6,  0.0000000000000000E+00,  7.8125000000000000E-03,  5.8476188615235125E-02,  1.9531250000000000E-05,T,T,T
TRACE,2,2,1,1,  6.2500000000000001E-04,7,  0.0000000000000000E+00,  3.9062500000000000E-03,  4.7653676080363638E-02,  9.7656250000000002E-06,T,T,T
TRACE,2,2,1,1,  6.2500000000000001E-04,8,  0.0000000000000000E+00,  1.9531250000000000E-03,  4.0611746748491384E-02,  4.8828125000000001E-06,T,T,T
TRACE,2,2,1,1,  6.2500000000000001E-04,9,  0.0000000000000000E+00,  9.7656250000000000E-04,  3.0294045239379730E-02,  2.4414062500000001E-06,T,T,T
TRACE,2,2,1,1,  6.2500000000000001E-04,10,  0.0000000000000000E+00,  4.8828125000000000E-04,  1.7259154757374162E-02,  1.2207031250000000E-06,T,T,T
TRACE,2,2,1,1,  6.2500000000000001E-04,11,  0.0000000000000000E+00,  2.4414062500000000E-04,  9.0534979263416915E-03,  6.1035156250000001E-07,T,T,T
TRACE,2,2,1,1,  6.2500000000000001E-04,12,  0.0000000000000000E+00,  1.2207031250000000E-04,  5.9394540190622624E-03,  3.0517578125000001E-07,T,T,T
TRACE,2,2,1,1,  6.2500000000000001E-04,13,  0.0000000000000000E+00,  6.1035156250000000E-05,  3.7457072916529111E-03,  1.5258789062500000E-07,T,T,T
TRACE,2,2,1,1,  6.2500000000000001E-04,14,  0.0000000000000000E+00,  3.0517578125000000E-05,  1.9411784934791898E-03,  7.6293945312500002E-08,T,T,T
TRACE,2,2,1,1,  6.2500000000000001E-04,15,  0.0000000000000000E+00,  1.5258789062500000E-05,  8.2769428753975971E-04,  3.8146972656250001E-08,T,T,T
TRACE,2,2,1,1,  6.2500000000000001E-04,16,  0.0000000000000000E+00,  7.6293945312500000E-06,  2.9789163025428778E-04,  1.9073486328125000E-08,T,T,T
TRACE,2,2,1,1,  6.2500000000000001E-04,17,  0.0000000000000000E+00,  3.8146972656250000E-06,  9.2715944687127294E-05,  9.5367431640625002E-09,T,T,T
TRACE,2,2,1,2,  1.0000000000000000E-02,1,  0.0000000000000000E+00,  2.5000000000000000E-01,  4.1912068663689461E-02,  1.0000000000000000E-02,T,T,T
TRACE,2,2,1,2,  1.0000000000000000E-02,2,  0.0000000000000000E+00,  1.2500000000000000E-01,  7.7486211916694719E-02,  5.0000000000000001E-03,T,T,T
TRACE,2,2,1,2,  1.0000000000000000E-02,3,  0.0000000000000000E+00,  6.2500000000000000E-02,  1.0390894703252973E-01,  2.5000000000000001E-03,T,T,T
TRACE,2,2,1,2,  1.0000000000000000E-02,4,  0.0000000000000000E+00,  3.1250000000000000E-02,  9.9263845461188160E-02,  1.2500000000000000E-03,T,T,T
TRACE,2,2,1,2,  1.0000000000000000E-02,5,  0.0000000000000000E+00,  1.5625000000000000E-02,  7.7664572083006422E-02,  6.2500000000000001E-04,T,T,T
TRACE,2,2,1,2,  1.0000000000000000E-02,6,  0.0000000000000000E+00,  7.8125000000000000E-03,  5.8476188615235125E-02,  3.1250000000000001E-04,T,T,T
TRACE,2,2,1,2,  1.0000000000000000E-02,7,  0.0000000000000000E+00,  3.9062500000000000E-03,  4.7653676080363638E-02,  1.5625000000000000E-04,T,T,T
TRACE,2,2,1,2,  1.0000000000000000E-02,8,  0.0000000000000000E+00,  1.9531250000000000E-03,  4.0611746748491384E-02,  7.8125000000000002E-05,T,T,T
TRACE,2,2,1,2,  1.0000000000000000E-02,9,  0.0000000000000000E+00,  9.7656250000000000E-04,  3.0294045239379730E-02,  3.9062500000000001E-05,T,T,T
TRACE,2,2,1,2,  1.0000000000000000E-02,10,  0.0000000000000000E+00,  4.8828125000000000E-04,  1.7259154757374162E-02,  1.9531250000000000E-05,T,T,T
TRACE,2,2,1,2,  1.0000000000000000E-02,11,  0.0000000000000000E+00,  2.4414062500000000E-04,  9.0534979263469095E-03,  9.7656250000000002E-06,T,T,T
TRACE,2,2,1,2,  1.0000000000000000E-02,12,  0.0000000000000000E+00,  1.2207031250000000E-04,  5.9394540190622624E-03,  4.8828125000000001E-06,T,T,T
TRACE,2,2,1,2,  1.0000000000000000E-02,13,  0.0000000000000000E+00,  6.1035156250000000E-05,  3.7457072916529111E-03,  2.4414062500000001E-06,T,T,T
TRACE,2,2,1,2,  1.0000000000000000E-02,14,  0.0000000000000000E+00,  3.0517578125000000E-05,  1.9411784934791898E-03,  1.2207031250000000E-06,T,T,T
TRACE,2,2,1,2,  1.0000000000000000E-02,15,  0.0000000000000000E+00,  1.5258789062500000E-05,  8.2769428753975971E-04,  6.1035156250000001E-07,T,T,T
TRACE,2,2,1,2,  1.0000000000000000E-02,16,  0.0000000000000000E+00,  7.6293945312500000E-06,  2.9789163025428778E-04,  3.0517578125000001E-07,T,T,T
TRACE,2,2,1,2,  1.0000000000000000E-02,17,  0.0000000000000000E+00,  3.8146972656250000E-06,  9.2715944687127294E-05,  1.5258789062500000E-07,T,T,T
TRACE,2,2,1,2,  2.5000000000000001E-03,1,  0.0000000000000000E+00,  2.5000000000000000E-01,  4.1912068663689461E-02,  2.5000000000000001E-03,T,T,T
TRACE,2,2,1,2,  2.5000000000000001E-03,2,  0.0000000000000000E+00,  1.2500000000000000E-01,  7.7486211916694719E-02,  1.2500000000000000E-03,T,T,T
TRACE,2,2,1,2,  2.5000000000000001E-03,3,  0.0000000000000000E+00,  6.2500000000000000E-02,  1.0390894703252973E-01,  6.2500000000000001E-04,T,T,T
TRACE,2,2,1,2,  2.5000000000000001E-03,4,  0.0000000000000000E+00,  3.1250000000000000E-02,  9.9263845461188160E-02,  3.1250000000000001E-04,T,T,T
TRACE,2,2,1,2,  2.5000000000000001E-03,5,  0.0000000000000000E+00,  1.5625000000000000E-02,  7.7664572083006422E-02,  1.5625000000000000E-04,T,T,T
TRACE,2,2,1,2,  2.5000000000000001E-03,6,  0.0000000000000000E+00,  7.8125000000000000E-03,  5.8476188615235125E-02,  7.8125000000000002E-05,T,T,T
TRACE,2,2,1,2,  2.5000000000000001E-03,7,  0.0000000000000000E+00,  3.9062500000000000E-03,  4.7653676080363638E-02,  3.9062500000000001E-05,T,T,T
TRACE,2,2,1,2,  2.5000000000000001E-03,8,  0.0000000000000000E+00,  1.9531250000000000E-03,  4.0611746748491384E-02,  1.9531250000000000E-05,T,T,T
TRACE,2,2,1,2,  2.5000000000000001E-03,9,  0.0000000000000000E+00,  9.7656250000000000E-04,  3.0294045239379730E-02,  9.7656250000000002E-06,T,T,T
TRACE,2,2,1,2,  2.5000000000000001E-03,10,  0.0000000000000000E+00,  4.8828125000000000E-04,  1.7259154757374162E-02,  4.8828125000000001E-06,T,T,T
TRACE,2,2,1,2,  2.5000000000000001E-03,11,  0.0000000000000000E+00,  2.4414062500000000E-04,  9.0534979263469095E-03,  2.4414062500000001E-06,T,T,T
TRACE,2,2,1,2,  2.5000000000000001E-03,12,  0.0000000000000000E+00,  1.2207031250000000E-04,  5.9394540190622624E-03,  1.2207031250000000E-06,T,T,T
TRACE,2,2,1,2,  2.5000000000000001E-03,13,  0.0000000000000000E+00,  6.1035156250000000E-05,  3.7457072916529111E-03,  6.1035156250000001E-07,T,T,T
TRACE,2,2,1,2,  2.5000000000000001E-03,14,  0.0000000000000000E+00,  3.0517578125000000E-05,  1.9411784934791898E-03,  3.0517578125000001E-07,T,T,T
TRACE,2,2,1,2,  2.5000000000000001E-03,15,  0.0000000000000000E+00,  1.5258789062500000E-05,  8.2769428753975971E-04,  1.5258789062500000E-07,T,T,T
TRACE,2,2,1,2,  2.5000000000000001E-03,16,  0.0000000000000000E+00,  7.6293945312500000E-06,  2.9789163025428778E-04,  7.6293945312500002E-08,T,T,T
TRACE,2,2,1,2,  2.5000000000000001E-03,17,  0.0000000000000000E+00,  3.8146972656250000E-06,  9.2715944687127294E-05,  3.8146972656250001E-08,T,T,T
TRACE,2,2,1,2,  6.2500000000000001E-04,1,  0.0000000000000000E+00,  2.5000000000000000E-01,  4.1912068663689461E-02,  6.2500000000000001E-04,T,T,T
TRACE,2,2,1,2,  6.2500000000000001E-04,2,  0.0000000000000000E+00,  1.2500000000000000E-01,  7.7486211916694719E-02,  3.1250000000000001E-04,T,T,T
TRACE,2,2,1,2,  6.2500000000000001E-04,3,  0.0000000000000000E+00,  6.2500000000000000E-02,  1.0390894703252973E-01,  1.5625000000000000E-04,T,T,T
TRACE,2,2,1,2,  6.2500000000000001E-04,4,  0.0000000000000000E+00,  3.1250000000000000E-02,  9.9263845461188160E-02,  7.8125000000000002E-05,T,T,T
TRACE,2,2,1,2,  6.2500000000000001E-04,5,  0.0000000000000000E+00,  1.5625000000000000E-02,  7.7664572083006422E-02,  3.9062500000000001E-05,T,T,T
TRACE,2,2,1,2,  6.2500000000000001E-04,6,  0.0000000000000000E+00,  7.8125000000000000E-03,  5.8476188615235125E-02,  1.9531250000000000E-05,T,T,T
TRACE,2,2,1,2,  6.2500000000000001E-04,7,  0.0000000000000000E+00,  3.9062500000000000E-03,  4.7653676080363638E-02,  9.7656250000000002E-06,T,T,T
TRACE,2,2,1,2,  6.2500000000000001E-04,8,  0.0000000000000000E+00,  1.9531250000000000E-03,  4.0611746748491384E-02,  4.8828125000000001E-06,T,T,T
TRACE,2,2,1,2,  6.2500000000000001E-04,9,  0.0000000000000000E+00,  9.7656250000000000E-04,  3.0294045239379730E-02,  2.4414062500000001E-06,T,T,T
TRACE,2,2,1,2,  6.2500000000000001E-04,10,  0.0000000000000000E+00,  4.8828125000000000E-04,  1.7259154757374162E-02,  1.2207031250000000E-06,T,T,T
TRACE,2,2,1,2,  6.2500000000000001E-04,11,  0.0000000000000000E+00,  2.4414062500000000E-04,  9.0534979263469095E-03,  6.1035156250000001E-07,T,T,T
TRACE,2,2,1,2,  6.2500000000000001E-04,12,  0.0000000000000000E+00,  1.2207031250000000E-04,  5.9394540190622624E-03,  3.0517578125000001E-07,T,T,T
TRACE,2,2,1,2,  6.2500000000000001E-04,13,  0.0000000000000000E+00,  6.1035156250000000E-05,  3.7457072916529111E-03,  1.5258789062500000E-07,T,T,T
TRACE,2,2,1,2,  6.2500000000000001E-04,14,  0.0000000000000000E+00,  3.0517578125000000E-05,  1.9411784934791898E-03,  7.6293945312500002E-08,T,T,T
TRACE,2,2,1,2,  6.2500000000000001E-04,15,  0.0000000000000000E+00,  1.5258789062500000E-05,  8.2769428753975971E-04,  3.8146972656250001E-08,T,T,T
TRACE,2,2,1,2,  6.2500000000000001E-04,16,  0.0000000000000000E+00,  7.6293945312500000E-06,  2.9789163025428778E-04,  1.9073486328125000E-08,T,T,T
TRACE,2,2,1,2,  6.2500000000000001E-04,17,  0.0000000000000000E+00,  3.8146972656250000E-06,  9.2715944687127294E-05,  9.5367431640625002E-09,T,T,T
TRACE,2,2,2,1,  1.0000000000000000E-02,1,  0.0000000000000000E+00,  2.5000000000000000E-01,  0.0000000000000000E+00,  1.0000000000000000E-02,T,T,T
TRACE,2,2,2,1,  2.5000000000000001E-03,1,  0.0000000000000000E+00,  2.5000000000000000E-01,  0.0000000000000000E+00,  2.5000000000000001E-03,T,T,T
TRACE,2,2,2,1,  6.2500000000000001E-04,1,  0.0000000000000000E+00,  2.5000000000000000E-01,  0.0000000000000000E+00,  6.2500000000000001E-04,T,T,T
TRACE,2,2,2,2,  1.0000000000000000E-02,1,  0.0000000000000000E+00,  2.5000000000000000E-01,  0.0000000000000000E+00,  1.0000000000000000E-02,T,T,T
TRACE,2,2,2,2,  2.5000000000000001E-03,1,  0.0000000000000000E+00,  2.5000000000000000E-01,  0.0000000000000000E+00,  2.5000000000000001E-03,T,T,T
TRACE,2,2,2,2,  6.2500000000000001E-04,1,  0.0000000000000000E+00,  2.5000000000000000E-01,  0.0000000000000000E+00,  6.2500000000000001E-04,T,T,T
TRACE,2,5,1,1,  1.0000000000000000E-02,1,  0.0000000000000000E+00,  2.5000000000000000E-01,  8.9195482929991604E-02,  1.0000000000000000E-02,T,T,T
TRACE,2,5,1,1,  1.0000000000000000E-02,2,  0.0000000000000000E+00,  1.2500000000000000E-01,  8.9607205314551103E-02,  5.0000000000000001E-03,T,T,T
TRACE,2,5,1,1,  1.0000000000000000E-02,3,  0.0000000000000000E+00,  6.2500000000000000E-02,  8.8947876470879400E-02,  2.5000000000000001E-03,T,T,T
TRACE,2,5,1,1,  1.0000000000000000E-02,4,  0.0000000000000000E+00,  3.1250000000000000E-02,  8.4163015067282576E-02,  1.2500000000000000E-03,T,T,T
TRACE,2,5,1,1,  1.0000000000000000E-02,5,  0.0000000000000000E+00,  1.5625000000000000E-02,  7.2045686756128879E-02,  6.2500000000000001E-04,T,T,T
TRACE,2,5,1,1,  1.0000000000000000E-02,6,  0.0000000000000000E+00,  7.8125000000000000E-03,  5.7517585445494512E-02,  3.1250000000000001E-04,T,T,T
TRACE,2,5,1,1,  1.0000000000000000E-02,7,  0.0000000000000000E+00,  3.9062500000000000E-03,  4.7609014265990457E-02,  1.5625000000000000E-04,T,T,T
TRACE,2,5,1,1,  1.0000000000000000E-02,8,  0.0000000000000000E+00,  1.9531250000000000E-03,  4.0621979535500174E-02,  7.8125000000000002E-05,T,T,T
TRACE,2,5,1,1,  1.0000000000000000E-02,9,  0.0000000000000000E+00,  9.7656250000000000E-04,  3.0296328684387142E-02,  3.9062500000000001E-05,T,T,T
TRACE,2,5,1,1,  1.0000000000000000E-02,10,  0.0000000000000000E+00,  4.8828125000000000E-04,  1.7259461638926499E-02,  1.9531250000000000E-05,T,T,T
TRACE,2,5,1,1,  1.0000000000000000E-02,11,  0.0000000000000000E+00,  2.4414062500000000E-04,  9.0535333341912327E-03,  9.7656250000000002E-06,T,T,T
TRACE,2,5,1,1,  1.0000000000000000E-02,12,  0.0000000000000000E+00,  1.2207031250000000E-04,  5.9394510844288373E-03,  4.8828125000000001E-06,T,T,T
TRACE,2,5,1,1,  1.0000000000000000E-02,13,  0.0000000000000000E+00,  6.1035156250000000E-05,  3.7457071023072053E-03,  2.4414062500000001E-06,T,T,T
TRACE,2,5,1,1,  1.0000000000000000E-02,14,  0.0000000000000000E+00,  3.0517578125000000E-05,  1.9411784838117008E-03,  1.2207031250000000E-06,T,T,T
TRACE,2,5,1,1,  1.0000000000000000E-02,15,  0.0000000000000000E+00,  1.5258789062500000E-05,  8.2769428711554349E-04,  6.1035156250000001E-07,T,T,T
TRACE,2,5,1,1,  1.0000000000000000E-02,16,  0.0000000000000000E+00,  7.6293945312500000E-06,  2.9789163023785648E-04,  3.0517578125000001E-07,T,T,T
TRACE,2,5,1,1,  1.0000000000000000E-02,17,  0.0000000000000000E+00,  3.8146972656250000E-06,  9.2715944686350138E-05,  1.5258789062500000E-07,T,T,T
TRACE,2,5,1,1,  2.5000000000000001E-03,1,  0.0000000000000000E+00,  2.5000000000000000E-01,  8.9195482929991604E-02,  2.5000000000000001E-03,T,T,T
TRACE,2,5,1,1,  2.5000000000000001E-03,2,  0.0000000000000000E+00,  1.2500000000000000E-01,  8.9607205314551103E-02,  1.2500000000000000E-03,T,T,T
TRACE,2,5,1,1,  2.5000000000000001E-03,3,  0.0000000000000000E+00,  6.2500000000000000E-02,  8.8947876470879400E-02,  6.2500000000000001E-04,T,T,T
TRACE,2,5,1,1,  2.5000000000000001E-03,4,  0.0000000000000000E+00,  3.1250000000000000E-02,  8.4163015067282576E-02,  3.1250000000000001E-04,T,T,T
TRACE,2,5,1,1,  2.5000000000000001E-03,5,  0.0000000000000000E+00,  1.5625000000000000E-02,  7.2045686756128879E-02,  1.5625000000000000E-04,T,T,T
TRACE,2,5,1,1,  2.5000000000000001E-03,6,  0.0000000000000000E+00,  7.8125000000000000E-03,  5.7517585445494512E-02,  7.8125000000000002E-05,T,T,T
TRACE,2,5,1,1,  2.5000000000000001E-03,7,  0.0000000000000000E+00,  3.9062500000000000E-03,  4.7609014265990457E-02,  3.9062500000000001E-05,T,T,T
TRACE,2,5,1,1,  2.5000000000000001E-03,8,  0.0000000000000000E+00,  1.9531250000000000E-03,  4.0621979535500174E-02,  1.9531250000000000E-05,T,T,T
TRACE,2,5,1,1,  2.5000000000000001E-03,9,  0.0000000000000000E+00,  9.7656250000000000E-04,  3.0296328684387142E-02,  9.7656250000000002E-06,T,T,T
TRACE,2,5,1,1,  2.5000000000000001E-03,10,  0.0000000000000000E+00,  4.8828125000000000E-04,  1.7259461638926499E-02,  4.8828125000000001E-06,T,T,T
TRACE,2,5,1,1,  2.5000000000000001E-03,11,  0.0000000000000000E+00,  2.4414062500000000E-04,  9.0535333341912327E-03,  2.4414062500000001E-06,T,T,T
TRACE,2,5,1,1,  2.5000000000000001E-03,12,  0.0000000000000000E+00,  1.2207031250000000E-04,  5.9394510844288373E-03,  1.2207031250000000E-06,T,T,T
TRACE,2,5,1,1,  2.5000000000000001E-03,13,  0.0000000000000000E+00,  6.1035156250000000E-05,  3.7457071023072053E-03,  6.1035156250000001E-07,T,T,T
TRACE,2,5,1,1,  2.5000000000000001E-03,14,  0.0000000000000000E+00,  3.0517578125000000E-05,  1.9411784838117008E-03,  3.0517578125000001E-07,T,T,T
TRACE,2,5,1,1,  2.5000000000000001E-03,15,  0.0000000000000000E+00,  1.5258789062500000E-05,  8.2769428711554349E-04,  1.5258789062500000E-07,T,T,T
TRACE,2,5,1,1,  2.5000000000000001E-03,16,  0.0000000000000000E+00,  7.6293945312500000E-06,  2.9789163023785648E-04,  7.6293945312500002E-08,T,T,T
TRACE,2,5,1,1,  2.5000000000000001E-03,17,  0.0000000000000000E+00,  3.8146972656250000E-06,  9.2715944686350138E-05,  3.8146972656250001E-08,T,T,T
TRACE,2,5,1,1,  6.2500000000000001E-04,1,  0.0000000000000000E+00,  2.5000000000000000E-01,  8.9195482929991604E-02,  6.2500000000000001E-04,T,T,T
TRACE,2,5,1,1,  6.2500000000000001E-04,2,  0.0000000000000000E+00,  1.2500000000000000E-01,  8.9607205314551103E-02,  3.1250000000000001E-04,T,T,T
TRACE,2,5,1,1,  6.2500000000000001E-04,3,  0.0000000000000000E+00,  6.2500000000000000E-02,  8.8947876470879400E-02,  1.5625000000000000E-04,T,T,T
TRACE,2,5,1,1,  6.2500000000000001E-04,4,  0.0000000000000000E+00,  3.1250000000000000E-02,  8.4163015067282576E-02,  7.8125000000000002E-05,T,T,T
TRACE,2,5,1,1,  6.2500000000000001E-04,5,  0.0000000000000000E+00,  1.5625000000000000E-02,  7.2045686756128879E-02,  3.9062500000000001E-05,T,T,T
TRACE,2,5,1,1,  6.2500000000000001E-04,6,  0.0000000000000000E+00,  7.8125000000000000E-03,  5.7517585445494512E-02,  1.9531250000000000E-05,T,T,T
TRACE,2,5,1,1,  6.2500000000000001E-04,7,  0.0000000000000000E+00,  3.9062500000000000E-03,  4.7609014265990457E-02,  9.7656250000000002E-06,T,T,T
TRACE,2,5,1,1,  6.2500000000000001E-04,8,  0.0000000000000000E+00,  1.9531250000000000E-03,  4.0621979535500174E-02,  4.8828125000000001E-06,T,T,T
TRACE,2,5,1,1,  6.2500000000000001E-04,9,  0.0000000000000000E+00,  9.7656250000000000E-04,  3.0296328684387142E-02,  2.4414062500000001E-06,T,T,T
TRACE,2,5,1,1,  6.2500000000000001E-04,10,  0.0000000000000000E+00,  4.8828125000000000E-04,  1.7259461638926499E-02,  1.2207031250000000E-06,T,T,T
TRACE,2,5,1,1,  6.2500000000000001E-04,11,  0.0000000000000000E+00,  2.4414062500000000E-04,  9.0535333341912327E-03,  6.1035156250000001E-07,T,T,T
TRACE,2,5,1,1,  6.2500000000000001E-04,12,  0.0000000000000000E+00,  1.2207031250000000E-04,  5.9394510844288373E-03,  3.0517578125000001E-07,T,T,T
TRACE,2,5,1,1,  6.2500000000000001E-04,13,  0.0000000000000000E+00,  6.1035156250000000E-05,  3.7457071023072053E-03,  1.5258789062500000E-07,T,T,T
TRACE,2,5,1,1,  6.2500000000000001E-04,14,  0.0000000000000000E+00,  3.0517578125000000E-05,  1.9411784838117008E-03,  7.6293945312500002E-08,T,T,T
TRACE,2,5,1,1,  6.2500000000000001E-04,15,  0.0000000000000000E+00,  1.5258789062500000E-05,  8.2769428711554349E-04,  3.8146972656250001E-08,T,T,T
TRACE,2,5,1,1,  6.2500000000000001E-04,16,  0.0000000000000000E+00,  7.6293945312500000E-06,  2.9789163023785648E-04,  1.9073486328125000E-08,T,T,T
TRACE,2,5,1,1,  6.2500000000000001E-04,17,  0.0000000000000000E+00,  3.8146972656250000E-06,  9.2715944686350138E-05,  9.5367431640625002E-09,T,T,T
TRACE,2,5,1,2,  1.0000000000000000E-02,1,  0.0000000000000000E+00,  2.5000000000000000E-01,  8.4894549853302870E-01,  1.0000000000000000E-02,T,T,T
TRACE,2,5,1,2,  1.0000000000000000E-02,2,  0.0000000000000000E+00,  1.2500000000000000E-01,  4.0783950123633994E-01,  5.0000000000000001E-03,T,T,T
TRACE,2,5,1,2,  1.0000000000000000E-02,3,  0.0000000000000000E+00,  6.2500000000000000E-02,  2.0656326109567591E-01,  2.5000000000000001E-03,T,T,T
TRACE,2,5,1,2,  1.0000000000000000E-02,4,  0.0000000000000000E+00,  3.1250000000000000E-02,  1.2006138871001387E-01,  1.2500000000000000E-03,T,T,T
TRACE,2,5,1,2,  1.0000000000000000E-02,5,  0.0000000000000000E+00,  1.5625000000000000E-02,  8.0088042738404974E-02,  6.2500000000000001E-04,T,T,T
TRACE,2,5,1,2,  1.0000000000000000E-02,6,  0.0000000000000000E+00,  7.8125000000000000E-03,  5.8521497778825135E-02,  3.1250000000000001E-04,T,T,T
TRACE,2,5,1,2,  1.0000000000000000E-02,7,  0.0000000000000000E+00,  3.9062500000000000E-03,  4.7609014265990457E-02,  1.5625000000000000E-04,T,T,T
TRACE,2,5,1,2,  1.0000000000000000E-02,8,  0.0000000000000000E+00,  1.9531250000000000E-03,  4.0621979535500174E-02,  7.8125000000000002E-05,T,T,T
TRACE,2,5,1,2,  1.0000000000000000E-02,9,  0.0000000000000000E+00,  9.7656250000000000E-04,  3.0296328684387142E-02,  3.9062500000000001E-05,T,T,T
TRACE,2,5,1,2,  1.0000000000000000E-02,10,  0.0000000000000000E+00,  4.8828125000000000E-04,  1.7259461638926499E-02,  1.9531250000000000E-05,T,T,T
TRACE,2,5,1,2,  1.0000000000000000E-02,11,  0.0000000000000000E+00,  2.4414062500000000E-04,  9.0535333341912327E-03,  9.7656250000000002E-06,T,T,T
TRACE,2,5,1,2,  1.0000000000000000E-02,12,  0.0000000000000000E+00,  1.2207031250000000E-04,  5.9394510844288373E-03,  4.8828125000000001E-06,T,T,T
TRACE,2,5,1,2,  1.0000000000000000E-02,13,  0.0000000000000000E+00,  6.1035156250000000E-05,  3.7457071023072053E-03,  2.4414062500000001E-06,T,T,T
TRACE,2,5,1,2,  1.0000000000000000E-02,14,  0.0000000000000000E+00,  3.0517578125000000E-05,  1.9411784838117008E-03,  1.2207031250000000E-06,T,T,T
TRACE,2,5,1,2,  1.0000000000000000E-02,15,  0.0000000000000000E+00,  1.5258789062500000E-05,  8.2769428711554349E-04,  6.1035156250000001E-07,T,T,T
TRACE,2,5,1,2,  1.0000000000000000E-02,16,  0.0000000000000000E+00,  7.6293945312500000E-06,  2.9789163023785648E-04,  3.0517578125000001E-07,T,T,T
TRACE,2,5,1,2,  1.0000000000000000E-02,17,  0.0000000000000000E+00,  3.8146972656250000E-06,  9.2715944686350138E-05,  1.5258789062500000E-07,T,T,T
TRACE,2,5,1,2,  2.5000000000000001E-03,1,  0.0000000000000000E+00,  2.5000000000000000E-01,  8.4894549853302870E-01,  2.5000000000000001E-03,T,T,T
TRACE,2,5,1,2,  2.5000000000000001E-03,2,  0.0000000000000000E+00,  1.2500000000000000E-01,  4.0783950123633994E-01,  1.2500000000000000E-03,T,T,T
TRACE,2,5,1,2,  2.5000000000000001E-03,3,  0.0000000000000000E+00,  6.2500000000000000E-02,  2.0656326109567591E-01,  6.2500000000000001E-04,T,T,T
TRACE,2,5,1,2,  2.5000000000000001E-03,4,  0.0000000000000000E+00,  3.1250000000000000E-02,  1.2006138871001387E-01,  3.1250000000000001E-04,T,T,T
TRACE,2,5,1,2,  2.5000000000000001E-03,5,  0.0000000000000000E+00,  1.5625000000000000E-02,  8.0088042738404974E-02,  1.5625000000000000E-04,T,T,T
TRACE,2,5,1,2,  2.5000000000000001E-03,6,  0.0000000000000000E+00,  7.8125000000000000E-03,  5.8521497778825135E-02,  7.8125000000000002E-05,T,T,T
TRACE,2,5,1,2,  2.5000000000000001E-03,7,  0.0000000000000000E+00,  3.9062500000000000E-03,  4.7609014265990457E-02,  3.9062500000000001E-05,T,T,T
TRACE,2,5,1,2,  2.5000000000000001E-03,8,  0.0000000000000000E+00,  1.9531250000000000E-03,  4.0621979535500174E-02,  1.9531250000000000E-05,T,T,T
TRACE,2,5,1,2,  2.5000000000000001E-03,9,  0.0000000000000000E+00,  9.7656250000000000E-04,  3.0296328684387142E-02,  9.7656250000000002E-06,T,T,T
TRACE,2,5,1,2,  2.5000000000000001E-03,10,  0.0000000000000000E+00,  4.8828125000000000E-04,  1.7259461638926499E-02,  4.8828125000000001E-06,T,T,T
TRACE,2,5,1,2,  2.5000000000000001E-03,11,  0.0000000000000000E+00,  2.4414062500000000E-04,  9.0535333341912327E-03,  2.4414062500000001E-06,T,T,T
TRACE,2,5,1,2,  2.5000000000000001E-03,12,  0.0000000000000000E+00,  1.2207031250000000E-04,  5.9394510844288373E-03,  1.2207031250000000E-06,T,T,T
TRACE,2,5,1,2,  2.5000000000000001E-03,13,  0.0000000000000000E+00,  6.1035156250000000E-05,  3.7457071023072053E-03,  6.1035156250000001E-07,T,T,T
TRACE,2,5,1,2,  2.5000000000000001E-03,14,  0.0000000000000000E+00,  3.0517578125000000E-05,  1.9411784838117008E-03,  3.0517578125000001E-07,T,T,T
TRACE,2,5,1,2,  2.5000000000000001E-03,15,  0.0000000000000000E+00,  1.5258789062500000E-05,  8.2769428711554349E-04,  1.5258789062500000E-07,T,T,T
TRACE,2,5,1,2,  2.5000000000000001E-03,16,  0.0000000000000000E+00,  7.6293945312500000E-06,  2.9789163023785648E-04,  7.6293945312500002E-08,T,T,T
TRACE,2,5,1,2,  2.5000000000000001E-03,17,  0.0000000000000000E+00,  3.8146972656250000E-06,  9.2715944686350138E-05,  3.8146972656250001E-08,T,T,T
TRACE,2,5,1,2,  6.2500000000000001E-04,1,  0.0000000000000000E+00,  2.5000000000000000E-01,  8.4894549853302870E-01,  6.2500000000000001E-04,T,T,T
TRACE,2,5,1,2,  6.2500000000000001E-04,2,  0.0000000000000000E+00,  1.2500000000000000E-01,  4.0783950123633994E-01,  3.1250000000000001E-04,T,T,T
TRACE,2,5,1,2,  6.2500000000000001E-04,3,  0.0000000000000000E+00,  6.2500000000000000E-02,  2.0656326109567591E-01,  1.5625000000000000E-04,T,T,T
TRACE,2,5,1,2,  6.2500000000000001E-04,4,  0.0000000000000000E+00,  3.1250000000000000E-02,  1.2006138871001387E-01,  7.8125000000000002E-05,T,T,T
TRACE,2,5,1,2,  6.2500000000000001E-04,5,  0.0000000000000000E+00,  1.5625000000000000E-02,  8.0088042738404974E-02,  3.9062500000000001E-05,T,T,T
TRACE,2,5,1,2,  6.2500000000000001E-04,6,  0.0000000000000000E+00,  7.8125000000000000E-03,  5.8521497778825135E-02,  1.9531250000000000E-05,T,T,T
TRACE,2,5,1,2,  6.2500000000000001E-04,7,  0.0000000000000000E+00,  3.9062500000000000E-03,  4.7609014265990457E-02,  9.7656250000000002E-06,T,T,T
TRACE,2,5,1,2,  6.2500000000000001E-04,8,  0.0000000000000000E+00,  1.9531250000000000E-03,  4.0621979535500174E-02,  4.8828125000000001E-06,T,T,T
TRACE,2,5,1,2,  6.2500000000000001E-04,9,  0.0000000000000000E+00,  9.7656250000000000E-04,  3.0296328684387142E-02,  2.4414062500000001E-06,T,T,T
TRACE,2,5,1,2,  6.2500000000000001E-04,10,  0.0000000000000000E+00,  4.8828125000000000E-04,  1.7259461638926499E-02,  1.2207031250000000E-06,T,T,T
TRACE,2,5,1,2,  6.2500000000000001E-04,11,  0.0000000000000000E+00,  2.4414062500000000E-04,  9.0535333341912327E-03,  6.1035156250000001E-07,T,T,T
TRACE,2,5,1,2,  6.2500000000000001E-04,12,  0.0000000000000000E+00,  1.2207031250000000E-04,  5.9394510844288373E-03,  3.0517578125000001E-07,T,T,T
TRACE,2,5,1,2,  6.2500000000000001E-04,13,  0.0000000000000000E+00,  6.1035156250000000E-05,  3.7457071023072053E-03,  1.5258789062500000E-07,T,T,T
TRACE,2,5,1,2,  6.2500000000000001E-04,14,  0.0000000000000000E+00,  3.0517578125000000E-05,  1.9411784838117008E-03,  7.6293945312500002E-08,T,T,T
TRACE,2,5,1,2,  6.2500000000000001E-04,15,  0.0000000000000000E+00,  1.5258789062500000E-05,  8.2769428711554349E-04,  3.8146972656250001E-08,T,T,T
TRACE,2,5,1,2,  6.2500000000000001E-04,16,  0.0000000000000000E+00,  7.6293945312500000E-06,  2.9789163023785648E-04,  1.9073486328125000E-08,T,T,T
TRACE,2,5,1,2,  6.2500000000000001E-04,17,  0.0000000000000000E+00,  3.8146972656250000E-06,  9.2715944686350138E-05,  9.5367431640625002E-09,T,T,T
TRACE,2,5,2,1,  1.0000000000000000E-02,1,  0.0000000000000000E+00,  2.5000000000000000E-01,  1.2877003353853889E-03,  1.0000000000000000E-02,T,T,T
TRACE,2,5,2,1,  2.5000000000000001E-03,1,  0.0000000000000000E+00,  2.5000000000000000E-01,  1.2877003353853889E-03,  2.5000000000000001E-03,T,T,T
TRACE,2,5,2,1,  6.2500000000000001E-04,1,  0.0000000000000000E+00,  2.5000000000000000E-01,  1.2877003353853889E-03,  6.2500000000000001E-04,T,T,T
TRACE,2,5,2,1,  6.2500000000000001E-04,2,  0.0000000000000000E+00,  1.2500000000000000E-01,  1.2954483346159229E-03,  3.1250000000000001E-04,T,T,T
TRACE,2,5,2,1,  6.2500000000000001E-04,3,  0.0000000000000000E+00,  6.2500000000000000E-02,  1.3106717778538779E-03,  1.5625000000000000E-04,T,T,T
TRACE,2,5,2,1,  6.2500000000000001E-04,4,  0.0000000000000000E+00,  3.1250000000000000E-02,  1.3400378456297490E-03,  7.8125000000000002E-05,T,T,T
TRACE,2,5,2,1,  6.2500000000000001E-04,5,  0.0000000000000000E+00,  1.5625000000000000E-02,  1.3945382103908721E-03,  3.9062500000000001E-05,T,T,T
TRACE,2,5,2,1,  6.2500000000000001E-04,6,  0.0000000000000000E+00,  7.8125000000000000E-03,  1.4875080005644636E-03,  1.9531250000000000E-05,T,T,T
TRACE,2,5,2,1,  6.2500000000000001E-04,7,  0.0000000000000000E+00,  3.9062500000000000E-03,  1.6174845318394637E-03,  9.7656250000000002E-06,T,T,T
TRACE,2,5,2,1,  6.2500000000000001E-04,8,  0.0000000000000000E+00,  1.9531250000000000E-03,  1.7163413416284579E-03,  4.8828125000000001E-06,T,T,T
TRACE,2,5,2,1,  6.2500000000000001E-04,9,  0.0000000000000000E+00,  9.7656250000000000E-04,  1.6275334795057272E-03,  2.4414062500000001E-06,T,T,T
TRACE,2,5,2,1,  6.2500000000000001E-04,10,  0.0000000000000000E+00,  4.8828125000000000E-04,  1.2416742965648542E-03,  1.2207031250000000E-06,T,T,T
TRACE,2,5,2,1,  6.2500000000000001E-04,11,  0.0000000000000000E+00,  2.4414062500000000E-04,  7.8964309334228489E-04,  6.1035156250000001E-07,T,T,T
TRACE,2,5,2,1,  6.2500000000000001E-04,12,  0.0000000000000000E+00,  1.2207031250000000E-04,  5.1031585476085661E-04,  3.0517578125000001E-07,T,T,T
TRACE,2,5,2,1,  6.2500000000000001E-04,13,  0.0000000000000000E+00,  6.1035156250000000E-05,  3.6620425157768421E-04,  1.5258789062500000E-07,T,T,T
TRACE,2,5,2,1,  6.2500000000000001E-04,14,  0.0000000000000000E+00,  3.0517578125000000E-05,  2.1937065829369384E-04,  7.6293945312500002E-08,T,T,T
TRACE,2,5,2,1,  6.2500000000000001E-04,15,  0.0000000000000000E+00,  1.5258789062500000E-05,  1.1820607622153867E-04,  3.8146972656250001E-08,T,T,T
TRACE,2,5,2,1,  6.2500000000000001E-04,16,  0.0000000000000000E+00,  7.6293945312500000E-06,  4.6842077286224360E-05,  1.9073486328125000E-08,T,T,T
TRACE,2,5,2,1,  6.2500000000000001E-04,17,  0.0000000000000000E+00,  3.8146972656250000E-06,  1.4808985494774163E-05,  9.5367431640625002E-09,T,T,T
TRACE,2,5,2,2,  1.0000000000000000E-02,1,  0.0000000000000000E+00,  2.5000000000000000E-01,  3.8674386272463446E-01,  1.0000000000000000E-02,T,T,T
TRACE,2,5,2,2,  1.0000000000000000E-02,2,  0.0000000000000000E+00,  1.2500000000000000E-01,  1.9292895029360413E-01,  5.0000000000000001E-03,T,T,T
TRACE,2,5,2,2,  1.0000000000000000E-02,3,  0.0000000000000000E+00,  6.2500000000000000E-02,  9.6039241929715358E-02,  2.5000000000000001E-03,T,T,T
TRACE,2,5,2,2,  1.0000000000000000E-02,4,  0.0000000000000000E+00,  3.1250000000000000E-02,  4.7628679874002600E-02,  1.2500000000000000E-03,T,T,T
TRACE,2,5,2,2,  1.0000000000000000E-02,5,  0.0000000000000000E+00,  1.5625000000000000E-02,  2.3487464196596919E-02,  6.2500000000000001E-04,T,T,T
TRACE,2,5,2,2,  1.0000000000000000E-02,6,  0.0000000000000000E+00,  7.8125000000000000E-03,  1.1528878706922083E-02,  3.1250000000000001E-04,T,T,T
TRACE,2,5,2,2,  1.0000000000000000E-02,7,  0.0000000000000000E+00,  3.9062500000000000E-03,  5.7212396667877807E-03,  1.5625000000000000E-04,T,T,T
TRACE,2,5,2,2,  1.0000000000000000E-02,8,  0.0000000000000000E+00,  1.9531250000000000E-03,  3.0172280107934671E-03,  7.8125000000000002E-05,T,T,T
TRACE,2,5,2,2,  1.0000000000000000E-02,9,  0.0000000000000000E+00,  9.7656250000000000E-04,  1.7848586294583035E-03,  3.9062500000000001E-05,T,T,T
TRACE,2,5,2,2,  1.0000000000000000E-02,10,  0.0000000000000000E+00,  4.8828125000000000E-04,  1.2416742965648542E-03,  1.9531250000000000E-05,T,T,T
TRACE,2,5,2,2,  1.0000000000000000E-02,11,  0.0000000000000000E+00,  2.4414062500000000E-04,  7.8964309334228489E-04,  9.7656250000000002E-06,T,T,T
TRACE,2,5,2,2,  1.0000000000000000E-02,12,  0.0000000000000000E+00,  1.2207031250000000E-04,  5.1031585476085661E-04,  4.8828125000000001E-06,T,T,T
TRACE,2,5,2,2,  1.0000000000000000E-02,13,  0.0000000000000000E+00,  6.1035156250000000E-05,  3.6620425157768421E-04,  2.4414062500000001E-06,T,T,T
TRACE,2,5,2,2,  1.0000000000000000E-02,14,  0.0000000000000000E+00,  3.0517578125000000E-05,  2.1937065829369384E-04,  1.2207031250000000E-06,T,T,T
TRACE,2,5,2,2,  1.0000000000000000E-02,15,  0.0000000000000000E+00,  1.5258789062500000E-05,  1.1820607622153867E-04,  6.1035156250000001E-07,T,T,T
TRACE,2,5,2,2,  1.0000000000000000E-02,16,  0.0000000000000000E+00,  7.6293945312500000E-06,  4.6842077286224360E-05,  3.0517578125000001E-07,T,T,T
TRACE,2,5,2,2,  1.0000000000000000E-02,17,  0.0000000000000000E+00,  3.8146972656250000E-06,  1.4808985494774163E-05,  1.5258789062500000E-07,T,T,T
TRACE,2,5,2,2,  2.5000000000000001E-03,1,  0.0000000000000000E+00,  2.5000000000000000E-01,  3.8674386272463446E-01,  2.5000000000000001E-03,T,T,T
TRACE,2,5,2,2,  2.5000000000000001E-03,2,  0.0000000000000000E+00,  1.2500000000000000E-01,  1.9292895029360413E-01,  1.2500000000000000E-03,T,T,T
TRACE,2,5,2,2,  2.5000000000000001E-03,3,  0.0000000000000000E+00,  6.2500000000000000E-02,  9.6039241929715358E-02,  6.2500000000000001E-04,T,T,T
TRACE,2,5,2,2,  2.5000000000000001E-03,4,  0.0000000000000000E+00,  3.1250000000000000E-02,  4.7628679874002600E-02,  3.1250000000000001E-04,T,T,T
TRACE,2,5,2,2,  2.5000000000000001E-03,5,  0.0000000000000000E+00,  1.5625000000000000E-02,  2.3487464196596919E-02,  1.5625000000000000E-04,T,T,T
TRACE,2,5,2,2,  2.5000000000000001E-03,6,  0.0000000000000000E+00,  7.8125000000000000E-03,  1.1528878706922083E-02,  7.8125000000000002E-05,T,T,T
TRACE,2,5,2,2,  2.5000000000000001E-03,7,  0.0000000000000000E+00,  3.9062500000000000E-03,  5.7212396667877807E-03,  3.9062500000000001E-05,T,T,T
TRACE,2,5,2,2,  2.5000000000000001E-03,8,  0.0000000000000000E+00,  1.9531250000000000E-03,  3.0172280107934671E-03,  1.9531250000000000E-05,T,T,T
TRACE,2,5,2,2,  2.5000000000000001E-03,9,  0.0000000000000000E+00,  9.7656250000000000E-04,  1.7848586294583035E-03,  9.7656250000000002E-06,T,T,T
TRACE,2,5,2,2,  2.5000000000000001E-03,10,  0.0000000000000000E+00,  4.8828125000000000E-04,  1.2416742965648542E-03,  4.8828125000000001E-06,T,T,T
TRACE,2,5,2,2,  2.5000000000000001E-03,11,  0.0000000000000000E+00,  2.4414062500000000E-04,  7.8964309334228489E-04,  2.4414062500000001E-06,T,T,T
TRACE,2,5,2,2,  2.5000000000000001E-03,12,  0.0000000000000000E+00,  1.2207031250000000E-04,  5.1031585476085661E-04,  1.2207031250000000E-06,T,T,T
TRACE,2,5,2,2,  2.5000000000000001E-03,13,  0.0000000000000000E+00,  6.1035156250000000E-05,  3.6620425157768421E-04,  6.1035156250000001E-07,T,T,T
TRACE,2,5,2,2,  2.5000000000000001E-03,14,  0.0000000000000000E+00,  3.0517578125000000E-05,  2.1937065829369384E-04,  3.0517578125000001E-07,T,T,T
TRACE,2,5,2,2,  2.5000000000000001E-03,15,  0.0000000000000000E+00,  1.5258789062500000E-05,  1.1820607622153867E-04,  1.5258789062500000E-07,T,T,T
TRACE,2,5,2,2,  2.5000000000000001E-03,16,  0.0000000000000000E+00,  7.6293945312500000E-06,  4.6842077286224360E-05,  7.6293945312500002E-08,T,T,T
TRACE,2,5,2,2,  2.5000000000000001E-03,17,  0.0000000000000000E+00,  3.8146972656250000E-06,  1.4808985494774163E-05,  3.8146972656250001E-08,T,T,T
TRACE,2,5,2,2,  6.2500000000000001E-04,1,  0.0000000000000000E+00,  2.5000000000000000E-01,  3.8674386272463446E-01,  6.2500000000000001E-04,T,T,T
TRACE,2,5,2,2,  6.2500000000000001E-04,2,  0.0000000000000000E+00,  1.2500000000000000E-01,  1.9292895029360413E-01,  3.1250000000000001E-04,T,T,T
TRACE,2,5,2,2,  6.2500000000000001E-04,3,  0.0000000000000000E+00,  6.2500000000000000E-02,  9.6039241929715358E-02,  1.5625000000000000E-04,T,T,T
TRACE,2,5,2,2,  6.2500000000000001E-04,4,  0.0000000000000000E+00,  3.1250000000000000E-02,  4.7628679874002600E-02,  7.8125000000000002E-05,T,T,T
TRACE,2,5,2,2,  6.2500000000000001E-04,5,  0.0000000000000000E+00,  1.5625000000000000E-02,  2.3487464196596919E-02,  3.9062500000000001E-05,T,T,T
TRACE,2,5,2,2,  6.2500000000000001E-04,6,  0.0000000000000000E+00,  7.8125000000000000E-03,  1.1528878706922083E-02,  1.9531250000000000E-05,T,T,T
TRACE,2,5,2,2,  6.2500000000000001E-04,7,  0.0000000000000000E+00,  3.9062500000000000E-03,  5.7212396667877807E-03,  9.7656250000000002E-06,T,T,T
TRACE,2,5,2,2,  6.2500000000000001E-04,8,  0.0000000000000000E+00,  1.9531250000000000E-03,  3.0172280107934671E-03,  4.8828125000000001E-06,T,T,T
TRACE,2,5,2,2,  6.2500000000000001E-04,9,  0.0000000000000000E+00,  9.7656250000000000E-04,  1.7848586294583035E-03,  2.4414062500000001E-06,T,T,T
TRACE,2,5,2,2,  6.2500000000000001E-04,10,  0.0000000000000000E+00,  4.8828125000000000E-04,  1.2416742965648542E-03,  1.2207031250000000E-06,T,T,T
TRACE,2,5,2,2,  6.2500000000000001E-04,11,  0.0000000000000000E+00,  2.4414062500000000E-04,  7.8964309334228489E-04,  6.1035156250000001E-07,T,T,T
TRACE,2,5,2,2,  6.2500000000000001E-04,12,  0.0000000000000000E+00,  1.2207031250000000E-04,  5.1031585476085661E-04,  3.0517578125000001E-07,T,T,T
TRACE,2,5,2,2,  6.2500000000000001E-04,13,  0.0000000000000000E+00,  6.1035156250000000E-05,  3.6620425157768421E-04,  1.5258789062500000E-07,T,T,T
TRACE,2,5,2,2,  6.2500000000000001E-04,14,  0.0000000000000000E+00,  3.0517578125000000E-05,  2.1937065829369384E-04,  7.6293945312500002E-08,T,T,T
TRACE,2,5,2,2,  6.2500000000000001E-04,15,  0.0000000000000000E+00,  1.5258789062500000E-05,  1.1820607622153867E-04,  3.8146972656250001E-08,T,T,T
TRACE,2,5,2,2,  6.2500000000000001E-04,16,  0.0000000000000000E+00,  7.6293945312500000E-06,  4.6842077286224360E-05,  1.9073486328125000E-08,T,T,T
TRACE,2,5,2,2,  6.2500000000000001E-04,17,  0.0000000000000000E+00,  3.8146972656250000E-06,  1.4808985494774163E-05,  9.5367431640625002E-09,T,T,T
TRACE,2,7,1,1,  1.0000000000000000E-02,1,  0.0000000000000000E+00,  2.5000000000000000E-01,  6.3623455748930163E-02,  1.0000000000000000E-02,T,T,T
TRACE,2,7,1,1,  1.0000000000000000E-02,2,  0.0000000000000000E+00,  1.2500000000000000E-01,  8.3743618318052326E-02,  5.0000000000000001E-03,T,T,T
TRACE,2,7,1,1,  1.0000000000000000E-02,3,  0.0000000000000000E+00,  6.2500000000000000E-02,  1.0210563146887494E-01,  2.5000000000000001E-03,T,T,T
TRACE,2,7,1,1,  1.0000000000000000E-02,4,  0.0000000000000000E+00,  3.1250000000000000E-02,  9.8366823794726554E-02,  1.2500000000000000E-03,T,T,T
TRACE,2,7,1,1,  1.0000000000000000E-02,5,  0.0000000000000000E+00,  1.5625000000000000E-02,  7.7542853834272785E-02,  6.2500000000000001E-04,T,T,T
TRACE,2,7,1,1,  1.0000000000000000E-02,6,  0.0000000000000000E+00,  7.8125000000000000E-03,  5.8469749013737360E-02,  3.1250000000000001E-04,T,T,T
TRACE,2,7,1,1,  1.0000000000000000E-02,7,  0.0000000000000000E+00,  3.9062500000000000E-03,  4.7654561419022523E-02,  1.5625000000000000E-04,T,T,T
TRACE,2,7,1,1,  1.0000000000000000E-02,8,  0.0000000000000000E+00,  1.9531250000000000E-03,  4.0611998093872503E-02,  7.8125000000000002E-05,T,T,T
TRACE,2,7,1,1,  1.0000000000000000E-02,9,  0.0000000000000000E+00,  9.7656250000000000E-04,  3.0294077774134398E-02,  3.9062500000000001E-05,T,T,T
TRACE,2,7,1,1,  1.0000000000000000E-02,10,  0.0000000000000000E+00,  4.8828125000000000E-04,  1.7259158253238593E-02,  1.9531250000000000E-05,T,T,T
TRACE,2,7,1,1,  1.0000000000000000E-02,11,  0.0000000000000000E+00,  2.4414062500000000E-04,  9.0534982908065942E-03,  9.7656250000000002E-06,T,T,T
TRACE,2,7,1,1,  1.0000000000000000E-02,12,  0.0000000000000000E+00,  1.2207031250000000E-04,  5.9394539899432219E-03,  4.8828125000000001E-06,T,T,T
TRACE,2,7,1,1,  1.0000000000000000E-02,13,  0.0000000000000000E+00,  6.1035156250000000E-05,  3.7457072898007815E-03,  2.4414062500000001E-06,T,T,T
TRACE,2,7,1,1,  1.0000000000000000E-02,14,  0.0000000000000000E+00,  3.0517578125000000E-05,  1.9411784933848764E-03,  1.2207031250000000E-06,T,T,T
TRACE,2,7,1,1,  1.0000000000000000E-02,15,  0.0000000000000000E+00,  1.5258789062500000E-05,  8.2769428753565188E-04,  6.1035156250000001E-07,T,T,T
TRACE,2,7,1,1,  1.0000000000000000E-02,16,  0.0000000000000000E+00,  7.6293945312500000E-06,  2.9789163025439880E-04,  3.0517578125000001E-07,T,T,T
TRACE,2,7,1,1,  1.0000000000000000E-02,17,  0.0000000000000000E+00,  3.8146972656250000E-06,  9.2715944687016272E-05,  1.5258789062500000E-07,T,T,T
TRACE,2,7,1,1,  2.5000000000000001E-03,1,  0.0000000000000000E+00,  2.5000000000000000E-01,  6.3623455748930163E-02,  2.5000000000000001E-03,T,T,T
TRACE,2,7,1,1,  2.5000000000000001E-03,2,  0.0000000000000000E+00,  1.2500000000000000E-01,  8.3743618318052326E-02,  1.2500000000000000E-03,T,T,T
TRACE,2,7,1,1,  2.5000000000000001E-03,3,  0.0000000000000000E+00,  6.2500000000000000E-02,  1.0210563146887494E-01,  6.2500000000000001E-04,T,T,T
TRACE,2,7,1,1,  2.5000000000000001E-03,4,  0.0000000000000000E+00,  3.1250000000000000E-02,  9.8366823794726554E-02,  3.1250000000000001E-04,T,T,T
TRACE,2,7,1,1,  2.5000000000000001E-03,5,  0.0000000000000000E+00,  1.5625000000000000E-02,  7.7542853834272785E-02,  1.5625000000000000E-04,T,T,T
TRACE,2,7,1,1,  2.5000000000000001E-03,6,  0.0000000000000000E+00,  7.8125000000000000E-03,  5.8469749013737360E-02,  7.8125000000000002E-05,T,T,T
TRACE,2,7,1,1,  2.5000000000000001E-03,7,  0.0000000000000000E+00,  3.9062500000000000E-03,  4.7654561419022523E-02,  3.9062500000000001E-05,T,T,T
TRACE,2,7,1,1,  2.5000000000000001E-03,8,  0.0000000000000000E+00,  1.9531250000000000E-03,  4.0611998093872503E-02,  1.9531250000000000E-05,T,T,T
TRACE,2,7,1,1,  2.5000000000000001E-03,9,  0.0000000000000000E+00,  9.7656250000000000E-04,  3.0294077774134398E-02,  9.7656250000000002E-06,T,T,T
TRACE,2,7,1,1,  2.5000000000000001E-03,10,  0.0000000000000000E+00,  4.8828125000000000E-04,  1.7259158253238593E-02,  4.8828125000000001E-06,T,T,T
TRACE,2,7,1,1,  2.5000000000000001E-03,11,  0.0000000000000000E+00,  2.4414062500000000E-04,  9.0534982908065942E-03,  2.4414062500000001E-06,T,T,T
TRACE,2,7,1,1,  2.5000000000000001E-03,12,  0.0000000000000000E+00,  1.2207031250000000E-04,  5.9394539899432219E-03,  1.2207031250000000E-06,T,T,T
TRACE,2,7,1,1,  2.5000000000000001E-03,13,  0.0000000000000000E+00,  6.1035156250000000E-05,  3.7457072898007815E-03,  6.1035156250000001E-07,T,T,T
TRACE,2,7,1,1,  2.5000000000000001E-03,14,  0.0000000000000000E+00,  3.0517578125000000E-05,  1.9411784933848764E-03,  3.0517578125000001E-07,T,T,T
TRACE,2,7,1,1,  2.5000000000000001E-03,15,  0.0000000000000000E+00,  1.5258789062500000E-05,  8.2769428753565188E-04,  1.5258789062500000E-07,T,T,T
TRACE,2,7,1,1,  2.5000000000000001E-03,16,  0.0000000000000000E+00,  7.6293945312500000E-06,  2.9789163025439880E-04,  7.6293945312500002E-08,T,T,T
TRACE,2,7,1,1,  2.5000000000000001E-03,17,  0.0000000000000000E+00,  3.8146972656250000E-06,  9.2715944687016272E-05,  3.8146972656250001E-08,T,T,T
TRACE,2,7,1,1,  6.2500000000000001E-04,1,  0.0000000000000000E+00,  2.5000000000000000E-01,  6.3623455748930163E-02,  6.2500000000000001E-04,T,T,T
TRACE,2,7,1,1,  6.2500000000000001E-04,2,  0.0000000000000000E+00,  1.2500000000000000E-01,  8.3743618318052326E-02,  3.1250000000000001E-04,T,T,T
TRACE,2,7,1,1,  6.2500000000000001E-04,3,  0.0000000000000000E+00,  6.2500000000000000E-02,  1.0210563146887494E-01,  1.5625000000000000E-04,T,T,T
TRACE,2,7,1,1,  6.2500000000000001E-04,4,  0.0000000000000000E+00,  3.1250000000000000E-02,  9.8366823794726554E-02,  7.8125000000000002E-05,T,T,T
TRACE,2,7,1,1,  6.2500000000000001E-04,5,  0.0000000000000000E+00,  1.5625000000000000E-02,  7.7542853834272785E-02,  3.9062500000000001E-05,T,T,T
TRACE,2,7,1,1,  6.2500000000000001E-04,6,  0.0000000000000000E+00,  7.8125000000000000E-03,  5.8469749013737360E-02,  1.9531250000000000E-05,T,T,T
TRACE,2,7,1,1,  6.2500000000000001E-04,7,  0.0000000000000000E+00,  3.9062500000000000E-03,  4.7654561419022523E-02,  9.7656250000000002E-06,T,T,T
TRACE,2,7,1,1,  6.2500000000000001E-04,8,  0.0000000000000000E+00,  1.9531250000000000E-03,  4.0611998093872503E-02,  4.8828125000000001E-06,T,T,T
TRACE,2,7,1,1,  6.2500000000000001E-04,9,  0.0000000000000000E+00,  9.7656250000000000E-04,  3.0294077774134398E-02,  2.4414062500000001E-06,T,T,T
TRACE,2,7,1,1,  6.2500000000000001E-04,10,  0.0000000000000000E+00,  4.8828125000000000E-04,  1.7259158253238593E-02,  1.2207031250000000E-06,T,T,T
TRACE,2,7,1,1,  6.2500000000000001E-04,11,  0.0000000000000000E+00,  2.4414062500000000E-04,  9.0534982908065942E-03,  6.1035156250000001E-07,T,T,T
TRACE,2,7,1,1,  6.2500000000000001E-04,12,  0.0000000000000000E+00,  1.2207031250000000E-04,  5.9394539899432219E-03,  3.0517578125000001E-07,T,T,T
TRACE,2,7,1,1,  6.2500000000000001E-04,13,  0.0000000000000000E+00,  6.1035156250000000E-05,  3.7457072898007815E-03,  1.5258789062500000E-07,T,T,T
TRACE,2,7,1,1,  6.2500000000000001E-04,14,  0.0000000000000000E+00,  3.0517578125000000E-05,  1.9411784933848764E-03,  7.6293945312500002E-08,T,T,T
TRACE,2,7,1,1,  6.2500000000000001E-04,15,  0.0000000000000000E+00,  1.5258789062500000E-05,  8.2769428753565188E-04,  3.8146972656250001E-08,T,T,T
TRACE,2,7,1,1,  6.2500000000000001E-04,16,  0.0000000000000000E+00,  7.6293945312500000E-06,  2.9789163025439880E-04,  1.9073486328125000E-08,T,T,T
TRACE,2,7,1,1,  6.2500000000000001E-04,17,  0.0000000000000000E+00,  3.8146972656250000E-06,  9.2715944687016272E-05,  9.5367431640625002E-09,T,T,T
TRACE,2,7,1,2,  1.0000000000000000E-02,1,  0.0000000000000000E+00,  2.5000000000000000E-01,  2.5616139864222126E-01,  1.0000000000000000E-02,T,T,T
TRACE,2,7,1,2,  1.0000000000000000E-02,2,  0.0000000000000000E+00,  1.2500000000000000E-01,  1.5189109854796440E-01,  5.0000000000000001E-03,T,T,T
TRACE,2,7,1,2,  1.0000000000000000E-02,3,  0.0000000000000000E+00,  6.2500000000000000E-02,  1.1829538510066023E-01,  2.5000000000000001E-03,T,T,T
TRACE,2,7,1,2,  1.0000000000000000E-02,4,  0.0000000000000000E+00,  3.1250000000000000E-02,  1.0047662921620276E-01,  1.2500000000000000E-03,T,T,T
TRACE,2,7,1,2,  1.0000000000000000E-02,5,  0.0000000000000000E+00,  1.5625000000000000E-02,  7.7663182080196569E-02,  6.2500000000000001E-04,T,T,T
TRACE,2,7,1,2,  1.0000000000000000E-02,6,  0.0000000000000000E+00,  7.8125000000000000E-03,  5.8469749013737360E-02,  3.1250000000000001E-04,T,T,T
TRACE,2,7,1,2,  1.0000000000000000E-02,7,  0.0000000000000000E+00,  3.9062500000000000E-03,  4.7654561419022523E-02,  1.5625000000000000E-04,T,T,T
TRACE,2,7,1,2,  1.0000000000000000E-02,8,  0.0000000000000000E+00,  1.9531250000000000E-03,  4.0611998093872503E-02,  7.8125000000000002E-05,T,T,T
TRACE,2,7,1,2,  1.0000000000000000E-02,9,  0.0000000000000000E+00,  9.7656250000000000E-04,  3.0294077774134398E-02,  3.9062500000000001E-05,T,T,T
TRACE,2,7,1,2,  1.0000000000000000E-02,10,  0.0000000000000000E+00,  4.8828125000000000E-04,  1.7259158253238593E-02,  1.9531250000000000E-05,T,T,T
TRACE,2,7,1,2,  1.0000000000000000E-02,11,  0.0000000000000000E+00,  2.4414062500000000E-04,  9.0534982908065942E-03,  9.7656250000000002E-06,T,T,T
TRACE,2,7,1,2,  1.0000000000000000E-02,12,  0.0000000000000000E+00,  1.2207031250000000E-04,  5.9394539899432219E-03,  4.8828125000000001E-06,T,T,T
TRACE,2,7,1,2,  1.0000000000000000E-02,13,  0.0000000000000000E+00,  6.1035156250000000E-05,  3.7457072898007815E-03,  2.4414062500000001E-06,T,T,T
TRACE,2,7,1,2,  1.0000000000000000E-02,14,  0.0000000000000000E+00,  3.0517578125000000E-05,  1.9411784933848764E-03,  1.2207031250000000E-06,T,T,T
TRACE,2,7,1,2,  1.0000000000000000E-02,15,  0.0000000000000000E+00,  1.5258789062500000E-05,  8.2769428753565188E-04,  6.1035156250000001E-07,T,T,T
TRACE,2,7,1,2,  1.0000000000000000E-02,16,  0.0000000000000000E+00,  7.6293945312500000E-06,  2.9789163025439880E-04,  3.0517578125000001E-07,T,T,T
TRACE,2,7,1,2,  1.0000000000000000E-02,17,  0.0000000000000000E+00,  3.8146972656250000E-06,  9.2715944687016272E-05,  1.5258789062500000E-07,T,T,T
TRACE,2,7,1,2,  2.5000000000000001E-03,1,  0.0000000000000000E+00,  2.5000000000000000E-01,  2.5616139864222126E-01,  2.5000000000000001E-03,T,T,T
TRACE,2,7,1,2,  2.5000000000000001E-03,2,  0.0000000000000000E+00,  1.2500000000000000E-01,  1.5189109854796440E-01,  1.2500000000000000E-03,T,T,T
TRACE,2,7,1,2,  2.5000000000000001E-03,3,  0.0000000000000000E+00,  6.2500000000000000E-02,  1.1829538510066023E-01,  6.2500000000000001E-04,T,T,T
TRACE,2,7,1,2,  2.5000000000000001E-03,4,  0.0000000000000000E+00,  3.1250000000000000E-02,  1.0047662921620276E-01,  3.1250000000000001E-04,T,T,T
TRACE,2,7,1,2,  2.5000000000000001E-03,5,  0.0000000000000000E+00,  1.5625000000000000E-02,  7.7663182080196569E-02,  1.5625000000000000E-04,T,T,T
TRACE,2,7,1,2,  2.5000000000000001E-03,6,  0.0000000000000000E+00,  7.8125000000000000E-03,  5.8469749013737360E-02,  7.8125000000000002E-05,T,T,T
TRACE,2,7,1,2,  2.5000000000000001E-03,7,  0.0000000000000000E+00,  3.9062500000000000E-03,  4.7654561419022523E-02,  3.9062500000000001E-05,T,T,T
TRACE,2,7,1,2,  2.5000000000000001E-03,8,  0.0000000000000000E+00,  1.9531250000000000E-03,  4.0611998093872503E-02,  1.9531250000000000E-05,T,T,T
TRACE,2,7,1,2,  2.5000000000000001E-03,9,  0.0000000000000000E+00,  9.7656250000000000E-04,  3.0294077774134398E-02,  9.7656250000000002E-06,T,T,T
TRACE,2,7,1,2,  2.5000000000000001E-03,10,  0.0000000000000000E+00,  4.8828125000000000E-04,  1.7259158253238593E-02,  4.8828125000000001E-06,T,T,T
TRACE,2,7,1,2,  2.5000000000000001E-03,11,  0.0000000000000000E+00,  2.4414062500000000E-04,  9.0534982908065942E-03,  2.4414062500000001E-06,T,T,T
TRACE,2,7,1,2,  2.5000000000000001E-03,12,  0.0000000000000000E+00,  1.2207031250000000E-04,  5.9394539899432219E-03,  1.2207031250000000E-06,T,T,T
TRACE,2,7,1,2,  2.5000000000000001E-03,13,  0.0000000000000000E+00,  6.1035156250000000E-05,  3.7457072898007815E-03,  6.1035156250000001E-07,T,T,T
TRACE,2,7,1,2,  2.5000000000000001E-03,14,  0.0000000000000000E+00,  3.0517578125000000E-05,  1.9411784933848764E-03,  3.0517578125000001E-07,T,T,T
TRACE,2,7,1,2,  2.5000000000000001E-03,15,  0.0000000000000000E+00,  1.5258789062500000E-05,  8.2769428753565188E-04,  1.5258789062500000E-07,T,T,T
TRACE,2,7,1,2,  2.5000000000000001E-03,16,  0.0000000000000000E+00,  7.6293945312500000E-06,  2.9789163025439880E-04,  7.6293945312500002E-08,T,T,T
TRACE,2,7,1,2,  2.5000000000000001E-03,17,  0.0000000000000000E+00,  3.8146972656250000E-06,  9.2715944687016272E-05,  3.8146972656250001E-08,T,T,T
TRACE,2,7,1,2,  6.2500000000000001E-04,1,  0.0000000000000000E+00,  2.5000000000000000E-01,  2.5616139864222126E-01,  6.2500000000000001E-04,T,T,T
TRACE,2,7,1,2,  6.2500000000000001E-04,2,  0.0000000000000000E+00,  1.2500000000000000E-01,  1.5189109854796440E-01,  3.1250000000000001E-04,T,T,T
TRACE,2,7,1,2,  6.2500000000000001E-04,3,  0.0000000000000000E+00,  6.2500000000000000E-02,  1.1829538510066023E-01,  1.5625000000000000E-04,T,T,T
TRACE,2,7,1,2,  6.2500000000000001E-04,4,  0.0000000000000000E+00,  3.1250000000000000E-02,  1.0047662921620276E-01,  7.8125000000000002E-05,T,T,T
TRACE,2,7,1,2,  6.2500000000000001E-04,5,  0.0000000000000000E+00,  1.5625000000000000E-02,  7.7663182080196569E-02,  3.9062500000000001E-05,T,T,T
TRACE,2,7,1,2,  6.2500000000000001E-04,6,  0.0000000000000000E+00,  7.8125000000000000E-03,  5.8469749013737360E-02,  1.9531250000000000E-05,T,T,T
TRACE,2,7,1,2,  6.2500000000000001E-04,7,  0.0000000000000000E+00,  3.9062500000000000E-03,  4.7654561419022523E-02,  9.7656250000000002E-06,T,T,T
TRACE,2,7,1,2,  6.2500000000000001E-04,8,  0.0000000000000000E+00,  1.9531250000000000E-03,  4.0611998093872503E-02,  4.8828125000000001E-06,T,T,T
TRACE,2,7,1,2,  6.2500000000000001E-04,9,  0.0000000000000000E+00,  9.7656250000000000E-04,  3.0294077774134398E-02,  2.4414062500000001E-06,T,T,T
TRACE,2,7,1,2,  6.2500000000000001E-04,10,  0.0000000000000000E+00,  4.8828125000000000E-04,  1.7259158253238593E-02,  1.2207031250000000E-06,T,T,T
TRACE,2,7,1,2,  6.2500000000000001E-04,11,  0.0000000000000000E+00,  2.4414062500000000E-04,  9.0534982908065942E-03,  6.1035156250000001E-07,T,T,T
TRACE,2,7,1,2,  6.2500000000000001E-04,12,  0.0000000000000000E+00,  1.2207031250000000E-04,  5.9394539899432219E-03,  3.0517578125000001E-07,T,T,T
TRACE,2,7,1,2,  6.2500000000000001E-04,13,  0.0000000000000000E+00,  6.1035156250000000E-05,  3.7457072898007815E-03,  1.5258789062500000E-07,T,T,T
TRACE,2,7,1,2,  6.2500000000000001E-04,14,  0.0000000000000000E+00,  3.0517578125000000E-05,  1.9411784933848764E-03,  7.6293945312500002E-08,T,T,T
TRACE,2,7,1,2,  6.2500000000000001E-04,15,  0.0000000000000000E+00,  1.5258789062500000E-05,  8.2769428753565188E-04,  3.8146972656250001E-08,T,T,T
TRACE,2,7,1,2,  6.2500000000000001E-04,16,  0.0000000000000000E+00,  7.6293945312500000E-06,  2.9789163025439880E-04,  1.9073486328125000E-08,T,T,T
TRACE,2,7,1,2,  6.2500000000000001E-04,17,  0.0000000000000000E+00,  3.8146972656250000E-06,  9.2715944687016272E-05,  9.5367431640625002E-09,T,T,T
TRACE,2,7,2,1,  1.0000000000000000E-02,1,  0.0000000000000000E+00,  2.5000000000000000E-01,  1.7976931348623157+308,  1.0000000000000000E-02,T,T,F
TRACE,2,7,2,1,  1.0000000000000000E-02,2,  0.0000000000000000E+00,  1.2500000000000000E-01,  1.7976931348623157+308,  5.0000000000000001E-03,T,T,F
TRACE,2,7,2,1,  1.0000000000000000E-02,3,  0.0000000000000000E+00,  6.2500000000000000E-02,  1.7976931348623157+308,  2.5000000000000001E-03,T,T,F
TRACE,2,7,2,1,  1.0000000000000000E-02,4,  0.0000000000000000E+00,  3.1250000000000000E-02,  1.7976931348623157+308,  1.2500000000000000E-03,T,T,F
TRACE,2,7,2,1,  1.0000000000000000E-02,5,  0.0000000000000000E+00,  1.5625000000000000E-02,  1.1875460067722610E-03,  6.2500000000000001E-04,T,T,T
TRACE,2,7,2,1,  1.0000000000000000E-02,6,  0.0000000000000000E+00,  7.8125000000000000E-03,  1.6023295490062983E-03,  3.1250000000000001E-04,T,T,T
TRACE,2,7,2,1,  1.0000000000000000E-02,7,  0.0000000000000000E+00,  3.9062500000000000E-03,  2.2142253876027973E-03,  1.5625000000000000E-04,T,T,T
TRACE,2,7,2,1,  1.0000000000000000E-02,8,  0.0000000000000000E+00,  1.9531250000000000E-03,  2.4581752420620440E-03,  7.8125000000000002E-05,T,T,T
TRACE,2,7,2,1,  1.0000000000000000E-02,9,  0.0000000000000000E+00,  9.7656250000000000E-04,  1.9124946131207077E-03,  3.9062500000000001E-05,T,T,T
TRACE,2,7,2,1,  1.0000000000000000E-02,10,  0.0000000000000000E+00,  4.8828125000000000E-04,  1.2001279217752625E-03,  1.9531250000000000E-05,T,T,T
TRACE,2,7,2,1,  1.0000000000000000E-02,11,  0.0000000000000000E+00,  2.4414062500000000E-04,  7.6494053512193849E-04,  9.7656250000000002E-06,T,T,T
TRACE,2,7,2,1,  1.0000000000000000E-02,12,  0.0000000000000000E+00,  1.2207031250000000E-04,  5.1946539183916896E-04,  4.8828125000000001E-06,T,T,T
TRACE,2,7,2,1,  1.0000000000000000E-02,13,  0.0000000000000000E+00,  6.1035156250000000E-05,  3.6841217587363362E-04,  2.4414062500000001E-06,T,T,T
TRACE,2,7,2,1,  1.0000000000000000E-02,14,  0.0000000000000000E+00,  3.0517578125000000E-05,  2.1956506268394627E-04,  1.2207031250000000E-06,T,T,T
TRACE,2,7,2,1,  1.0000000000000000E-02,15,  0.0000000000000000E+00,  1.5258789062500000E-05,  1.1821756903290792E-04,  6.1035156250000001E-07,T,T,T
TRACE,2,7,2,1,  1.0000000000000000E-02,16,  0.0000000000000000E+00,  7.6293945312500000E-06,  4.6842591736706574E-05,  3.0517578125000001E-07,T,T,T
TRACE,2,7,2,1,  1.0000000000000000E-02,17,  0.0000000000000000E+00,  3.8146972656250000E-06,  1.4809005005111953E-05,  1.5258789062500000E-07,T,T,T
TRACE,2,7,2,1,  2.5000000000000001E-03,1,  0.0000000000000000E+00,  2.5000000000000000E-01,  1.7976931348623157+308,  2.5000000000000001E-03,T,T,F
TRACE,2,7,2,1,  2.5000000000000001E-03,2,  0.0000000000000000E+00,  1.2500000000000000E-01,  1.7976931348623157+308,  1.2500000000000000E-03,T,T,F
TRACE,2,7,2,1,  2.5000000000000001E-03,3,  0.0000000000000000E+00,  6.2500000000000000E-02,  1.7976931348623157+308,  6.2500000000000001E-04,T,T,F
TRACE,2,7,2,1,  2.5000000000000001E-03,4,  0.0000000000000000E+00,  3.1250000000000000E-02,  1.7976931348623157+308,  3.1250000000000001E-04,T,T,F
TRACE,2,7,2,1,  2.5000000000000001E-03,5,  0.0000000000000000E+00,  1.5625000000000000E-02,  1.1875460067722610E-03,  1.5625000000000000E-04,T,T,T
TRACE,2,7,2,1,  2.5000000000000001E-03,6,  0.0000000000000000E+00,  7.8125000000000000E-03,  1.6023295490062983E-03,  7.8125000000000002E-05,T,T,T
TRACE,2,7,2,1,  2.5000000000000001E-03,7,  0.0000000000000000E+00,  3.9062500000000000E-03,  2.2142253876027973E-03,  3.9062500000000001E-05,T,T,T
TRACE,2,7,2,1,  2.5000000000000001E-03,8,  0.0000000000000000E+00,  1.9531250000000000E-03,  2.4581752420620440E-03,  1.9531250000000000E-05,T,T,T
TRACE,2,7,2,1,  2.5000000000000001E-03,9,  0.0000000000000000E+00,  9.7656250000000000E-04,  1.9124946131207077E-03,  9.7656250000000002E-06,T,T,T
TRACE,2,7,2,1,  2.5000000000000001E-03,10,  0.0000000000000000E+00,  4.8828125000000000E-04,  1.2001279217752625E-03,  4.8828125000000001E-06,T,T,T
TRACE,2,7,2,1,  2.5000000000000001E-03,11,  0.0000000000000000E+00,  2.4414062500000000E-04,  7.6494053512193849E-04,  2.4414062500000001E-06,T,T,T
TRACE,2,7,2,1,  2.5000000000000001E-03,12,  0.0000000000000000E+00,  1.2207031250000000E-04,  5.1946539183916896E-04,  1.2207031250000000E-06,T,T,T
TRACE,2,7,2,1,  2.5000000000000001E-03,13,  0.0000000000000000E+00,  6.1035156250000000E-05,  3.6841217587363362E-04,  6.1035156250000001E-07,T,T,T
TRACE,2,7,2,1,  2.5000000000000001E-03,14,  0.0000000000000000E+00,  3.0517578125000000E-05,  2.1956506268394627E-04,  3.0517578125000001E-07,T,T,T
TRACE,2,7,2,1,  2.5000000000000001E-03,15,  0.0000000000000000E+00,  1.5258789062500000E-05,  1.1821756903290792E-04,  1.5258789062500000E-07,T,T,T
TRACE,2,7,2,1,  2.5000000000000001E-03,16,  0.0000000000000000E+00,  7.6293945312500000E-06,  4.6842591736706574E-05,  7.6293945312500002E-08,T,T,T
TRACE,2,7,2,1,  2.5000000000000001E-03,17,  0.0000000000000000E+00,  3.8146972656250000E-06,  1.4809005005111953E-05,  3.8146972656250001E-08,T,T,T
TRACE,2,7,2,1,  6.2500000000000001E-04,1,  0.0000000000000000E+00,  2.5000000000000000E-01,  1.7976931348623157+308,  6.2500000000000001E-04,T,T,F
TRACE,2,7,2,1,  6.2500000000000001E-04,2,  0.0000000000000000E+00,  1.2500000000000000E-01,  1.7976931348623157+308,  3.1250000000000001E-04,T,T,F
TRACE,2,7,2,1,  6.2500000000000001E-04,3,  0.0000000000000000E+00,  6.2500000000000000E-02,  1.7976931348623157+308,  1.5625000000000000E-04,T,T,F
TRACE,2,7,2,1,  6.2500000000000001E-04,4,  0.0000000000000000E+00,  3.1250000000000000E-02,  1.7976931348623157+308,  7.8125000000000002E-05,T,T,F
TRACE,2,7,2,1,  6.2500000000000001E-04,5,  0.0000000000000000E+00,  1.5625000000000000E-02,  1.1875460067722610E-03,  3.9062500000000001E-05,T,T,T
TRACE,2,7,2,1,  6.2500000000000001E-04,6,  0.0000000000000000E+00,  7.8125000000000000E-03,  1.6023295490062983E-03,  1.9531250000000000E-05,T,T,T
TRACE,2,7,2,1,  6.2500000000000001E-04,7,  0.0000000000000000E+00,  3.9062500000000000E-03,  2.2142253876027973E-03,  9.7656250000000002E-06,T,T,T
TRACE,2,7,2,1,  6.2500000000000001E-04,8,  0.0000000000000000E+00,  1.9531250000000000E-03,  2.4581752420620440E-03,  4.8828125000000001E-06,T,T,T
TRACE,2,7,2,1,  6.2500000000000001E-04,9,  0.0000000000000000E+00,  9.7656250000000000E-04,  1.9124946131207077E-03,  2.4414062500000001E-06,T,T,T
TRACE,2,7,2,1,  6.2500000000000001E-04,10,  0.0000000000000000E+00,  4.8828125000000000E-04,  1.2001279217752625E-03,  1.2207031250000000E-06,T,T,T
TRACE,2,7,2,1,  6.2500000000000001E-04,11,  0.0000000000000000E+00,  2.4414062500000000E-04,  7.6494053512193849E-04,  6.1035156250000001E-07,T,T,T
TRACE,2,7,2,1,  6.2500000000000001E-04,12,  0.0000000000000000E+00,  1.2207031250000000E-04,  5.1946539183916896E-04,  3.0517578125000001E-07,T,T,T
TRACE,2,7,2,1,  6.2500000000000001E-04,13,  0.0000000000000000E+00,  6.1035156250000000E-05,  3.6841217587363362E-04,  1.5258789062500000E-07,T,T,T
TRACE,2,7,2,1,  6.2500000000000001E-04,14,  0.0000000000000000E+00,  3.0517578125000000E-05,  2.1956506268394627E-04,  7.6293945312500002E-08,T,T,T
TRACE,2,7,2,1,  6.2500000000000001E-04,15,  0.0000000000000000E+00,  1.5258789062500000E-05,  1.1821756903290792E-04,  3.8146972656250001E-08,T,T,T
TRACE,2,7,2,1,  6.2500000000000001E-04,16,  0.0000000000000000E+00,  7.6293945312500000E-06,  4.6842591736706574E-05,  1.9073486328125000E-08,T,T,T
TRACE,2,7,2,1,  6.2500000000000001E-04,17,  0.0000000000000000E+00,  3.8146972656250000E-06,  1.4809005005111953E-05,  9.5367431640625002E-09,T,T,T
TRACE,2,7,2,2,  1.0000000000000000E-02,1,  0.0000000000000000E+00,  2.5000000000000000E-01,  1.7976931348623157+308,  1.0000000000000000E-02,T,T,F
TRACE,2,7,2,2,  1.0000000000000000E-02,2,  0.0000000000000000E+00,  1.2500000000000000E-01,  1.7976931348623157+308,  5.0000000000000001E-03,T,T,F
TRACE,2,7,2,2,  1.0000000000000000E-02,3,  0.0000000000000000E+00,  6.2500000000000000E-02,  1.7976931348623157+308,  2.5000000000000001E-03,T,T,F
TRACE,2,7,2,2,  1.0000000000000000E-02,4,  0.0000000000000000E+00,  3.1250000000000000E-02,  1.7976931348623157+308,  1.2500000000000000E-03,T,T,F
TRACE,2,7,2,2,  1.0000000000000000E-02,5,  0.0000000000000000E+00,  1.5625000000000000E-02,  6.9341306490992710E-03,  6.2500000000000001E-04,T,T,T
TRACE,2,7,2,2,  1.0000000000000000E-02,6,  0.0000000000000000E+00,  7.8125000000000000E-03,  3.8230737600115014E-03,  3.1250000000000001E-04,T,T,T
TRACE,2,7,2,2,  1.0000000000000000E-02,7,  0.0000000000000000E+00,  3.9062500000000000E-03,  2.8644728917819710E-03,  1.5625000000000000E-04,T,T,T
TRACE,2,7,2,2,  1.0000000000000000E-02,8,  0.0000000000000000E+00,  1.9531250000000000E-03,  2.5314705156864355E-03,  7.8125000000000002E-05,T,T,T
TRACE,2,7,2,2,  1.0000000000000000E-02,9,  0.0000000000000000E+00,  9.7656250000000000E-04,  1.9124946131207077E-03,  3.9062500000000001E-05,T,T,T
TRACE,2,7,2,2,  1.0000000000000000E-02,10,  0.0000000000000000E+00,  4.8828125000000000E-04,  1.2001279217752625E-03,  1.9531250000000000E-05,T,T,T
TRACE,2,7,2,2,  1.0000000000000000E-02,11,  0.0000000000000000E+00,  2.4414062500000000E-04,  7.6494053512193849E-04,  9.7656250000000002E-06,T,T,T
TRACE,2,7,2,2,  1.0000000000000000E-02,12,  0.0000000000000000E+00,  1.2207031250000000E-04,  5.1946539183916896E-04,  4.8828125000000001E-06,T,T,T
TRACE,2,7,2,2,  1.0000000000000000E-02,13,  0.0000000000000000E+00,  6.1035156250000000E-05,  3.6841217587363362E-04,  2.4414062500000001E-06,T,T,T
TRACE,2,7,2,2,  1.0000000000000000E-02,14,  0.0000000000000000E+00,  3.0517578125000000E-05,  2.1956506268394627E-04,  1.2207031250000000E-06,T,T,T
TRACE,2,7,2,2,  1.0000000000000000E-02,15,  0.0000000000000000E+00,  1.5258789062500000E-05,  1.1821756903290792E-04,  6.1035156250000001E-07,T,T,T
TRACE,2,7,2,2,  1.0000000000000000E-02,16,  0.0000000000000000E+00,  7.6293945312500000E-06,  4.6842591736706574E-05,  3.0517578125000001E-07,T,T,T
TRACE,2,7,2,2,  1.0000000000000000E-02,17,  0.0000000000000000E+00,  3.8146972656250000E-06,  1.4809005005111953E-05,  1.5258789062500000E-07,T,T,T
TRACE,2,7,2,2,  2.5000000000000001E-03,1,  0.0000000000000000E+00,  2.5000000000000000E-01,  1.7976931348623157+308,  2.5000000000000001E-03,T,T,F
TRACE,2,7,2,2,  2.5000000000000001E-03,2,  0.0000000000000000E+00,  1.2500000000000000E-01,  1.7976931348623157+308,  1.2500000000000000E-03,T,T,F
TRACE,2,7,2,2,  2.5000000000000001E-03,3,  0.0000000000000000E+00,  6.2500000000000000E-02,  1.7976931348623157+308,  6.2500000000000001E-04,T,T,F
TRACE,2,7,2,2,  2.5000000000000001E-03,4,  0.0000000000000000E+00,  3.1250000000000000E-02,  1.7976931348623157+308,  3.1250000000000001E-04,T,T,F
TRACE,2,7,2,2,  2.5000000000000001E-03,5,  0.0000000000000000E+00,  1.5625000000000000E-02,  6.9341306490992710E-03,  1.5625000000000000E-04,T,T,T
TRACE,2,7,2,2,  2.5000000000000001E-03,6,  0.0000000000000000E+00,  7.8125000000000000E-03,  3.8230737600115014E-03,  7.8125000000000002E-05,T,T,T
TRACE,2,7,2,2,  2.5000000000000001E-03,7,  0.0000000000000000E+00,  3.9062500000000000E-03,  2.8644728917819710E-03,  3.9062500000000001E-05,T,T,T
TRACE,2,7,2,2,  2.5000000000000001E-03,8,  0.0000000000000000E+00,  1.9531250000000000E-03,  2.5314705156864355E-03,  1.9531250000000000E-05,T,T,T
TRACE,2,7,2,2,  2.5000000000000001E-03,9,  0.0000000000000000E+00,  9.7656250000000000E-04,  1.9124946131207077E-03,  9.7656250000000002E-06,T,T,T
TRACE,2,7,2,2,  2.5000000000000001E-03,10,  0.0000000000000000E+00,  4.8828125000000000E-04,  1.2001279217752625E-03,  4.8828125000000001E-06,T,T,T
TRACE,2,7,2,2,  2.5000000000000001E-03,11,  0.0000000000000000E+00,  2.4414062500000000E-04,  7.6494053512193849E-04,  2.4414062500000001E-06,T,T,T
TRACE,2,7,2,2,  2.5000000000000001E-03,12,  0.0000000000000000E+00,  1.2207031250000000E-04,  5.1946539183916896E-04,  1.2207031250000000E-06,T,T,T
TRACE,2,7,2,2,  2.5000000000000001E-03,13,  0.0000000000000000E+00,  6.1035156250000000E-05,  3.6841217587363362E-04,  6.1035156250000001E-07,T,T,T
TRACE,2,7,2,2,  2.5000000000000001E-03,14,  0.0000000000000000E+00,  3.0517578125000000E-05,  2.1956506268394627E-04,  3.0517578125000001E-07,T,T,T
TRACE,2,7,2,2,  2.5000000000000001E-03,15,  0.0000000000000000E+00,  1.5258789062500000E-05,  1.1821756903290792E-04,  1.5258789062500000E-07,T,T,T
TRACE,2,7,2,2,  2.5000000000000001E-03,16,  0.0000000000000000E+00,  7.6293945312500000E-06,  4.6842591736706574E-05,  7.6293945312500002E-08,T,T,T
TRACE,2,7,2,2,  2.5000000000000001E-03,17,  0.0000000000000000E+00,  3.8146972656250000E-06,  1.4809005005111953E-05,  3.8146972656250001E-08,T,T,T
TRACE,2,7,2,2,  6.2500000000000001E-04,1,  0.0000000000000000E+00,  2.5000000000000000E-01,  1.7976931348623157+308,  6.2500000000000001E-04,T,T,F
TRACE,2,7,2,2,  6.2500000000000001E-04,2,  0.0000000000000000E+00,  1.2500000000000000E-01,  1.7976931348623157+308,  3.1250000000000001E-04,T,T,F
TRACE,2,7,2,2,  6.2500000000000001E-04,3,  0.0000000000000000E+00,  6.2500000000000000E-02,  1.7976931348623157+308,  1.5625000000000000E-04,T,T,F
TRACE,2,7,2,2,  6.2500000000000001E-04,4,  0.0000000000000000E+00,  3.1250000000000000E-02,  1.7976931348623157+308,  7.8125000000000002E-05,T,T,F
TRACE,2,7,2,2,  6.2500000000000001E-04,5,  0.0000000000000000E+00,  1.5625000000000000E-02,  6.9341306490992710E-03,  3.9062500000000001E-05,T,T,T
TRACE,2,7,2,2,  6.2500000000000001E-04,6,  0.0000000000000000E+00,  7.8125000000000000E-03,  3.8230737600115014E-03,  1.9531250000000000E-05,T,T,T
TRACE,2,7,2,2,  6.2500000000000001E-04,7,  0.0000000000000000E+00,  3.9062500000000000E-03,  2.8644728917819710E-03,  9.7656250000000002E-06,T,T,T
TRACE,2,7,2,2,  6.2500000000000001E-04,8,  0.0000000000000000E+00,  1.9531250000000000E-03,  2.5314705156864355E-03,  4.8828125000000001E-06,T,T,T
TRACE,2,7,2,2,  6.2500000000000001E-04,9,  0.0000000000000000E+00,  9.7656250000000000E-04,  1.9124946131207077E-03,  2.4414062500000001E-06,T,T,T
TRACE,2,7,2,2,  6.2500000000000001E-04,10,  0.0000000000000000E+00,  4.8828125000000000E-04,  1.2001279217752625E-03,  1.2207031250000000E-06,T,T,T
TRACE,2,7,2,2,  6.2500000000000001E-04,11,  0.0000000000000000E+00,  2.4414062500000000E-04,  7.6494053512193849E-04,  6.1035156250000001E-07,T,T,T
TRACE,2,7,2,2,  6.2500000000000001E-04,12,  0.0000000000000000E+00,  1.2207031250000000E-04,  5.1946539183916896E-04,  3.0517578125000001E-07,T,T,T
TRACE,2,7,2,2,  6.2500000000000001E-04,13,  0.0000000000000000E+00,  6.1035156250000000E-05,  3.6841217587363362E-04,  1.5258789062500000E-07,T,T,T
TRACE,2,7,2,2,  6.2500000000000001E-04,14,  0.0000000000000000E+00,  3.0517578125000000E-05,  2.1956506268394627E-04,  7.6293945312500002E-08,T,T,T
TRACE,2,7,2,2,  6.2500000000000001E-04,15,  0.0000000000000000E+00,  1.5258789062500000E-05,  1.1821756903290792E-04,  3.8146972656250001E-08,T,T,T
TRACE,2,7,2,2,  6.2500000000000001E-04,16,  0.0000000000000000E+00,  7.6293945312500000E-06,  4.6842591736706574E-05,  1.9073486328125000E-08,T,T,T
TRACE,2,7,2,2,  6.2500000000000001E-04,17,  0.0000000000000000E+00,  3.8146972656250000E-06,  1.4809005005111953E-05,  9.5367431640625002E-09,T,T,T
