geometry,bottom_mode,profile,policy,budget_cm,stop_code,accepted,rejected,trials,iterations,top_cm,bottom_cm,storage_cm,ledger_cm,cpu_seconds,time_days,pond_cm,theta1,theta2,theta3,theta4,build
2,2,1,0,  1.0000000000000000E-02,0,2048,0,2048,2744, -3.6264364031788704E-01, -1.3814059840924282E-02,  3.4882958047696522E-01,  2.4598378889351125E-15,  1.4462999999999998E-02,  2.5000000000000000E-01,  2.0000000000000000E-02,  4.2299999999999999E-01,  4.2299999999999999E-01,  4.2299999999999999E-01,  4.2299999999999999E-01,O0
2,2,1,0,  2.5000000000000001E-03,0,4096,0,4096,5369, -3.6264364031799456E-01, -1.3814059840924689E-02,  3.4882958047696522E-01, -1.0465760202915675E-13,  2.4641999999999997E-02,  2.5000000000000000E-01,  2.0000000000000000E-02,  4.2299999999999999E-01,  4.2299999999999999E-01,  4.2299999999999999E-01,  4.2299999999999999E-01,O0
2,2,1,1,  1.0000000000000000E-02,3,0,17,17,528,  0.0000000000000000E+00,  0.0000000000000000E+00,  0.0000000000000000E+00,  0.0000000000000000E+00,  1.4040000000000025E-03,  0.0000000000000000E+00,  2.0000000000000000E-02,  3.0672347317434490E-01,  3.0672347317434490E-01,  3.0672347317434490E-01,  3.0672347317434490E-01,O0
2,2,1,1,  2.5000000000000001E-03,3,0,17,17,528,  0.0000000000000000E+00,  0.0000000000000000E+00,  0.0000000000000000E+00,  0.0000000000000000E+00,  1.3530000000000000E-03,  0.0000000000000000E+00,  2.0000000000000000E-02,  3.0672347317434490E-01,  3.0672347317434490E-01,  3.0672347317434490E-01,  3.0672347317434490E-01,O0
2,2,1,1,  6.2500000000000001E-04,3,0,17,17,528,  0.0000000000000000E+00,  0.0000000000000000E+00,  0.0000000000000000E+00,  0.0000000000000000E+00,  1.3939999999999994E-03,  0.0000000000000000E+00,  2.0000000000000000E-02,  3.0672347317434490E-01,  3.0672347317434490E-01,  3.0672347317434490E-01,  3.0672347317434490E-01,O0
2,2,1,2,  1.0000000000000000E-02,3,0,17,17,528,  0.0000000000000000E+00,  0.0000000000000000E+00,  0.0000000000000000E+00,  0.0000000000000000E+00,  1.3029999999999986E-03,  0.0000000000000000E+00,  2.0000000000000000E-02,  3.0672347317434490E-01,  3.0672347317434490E-01,  3.0672347317434490E-01,  3.0672347317434490E-01,O0
2,2,1,2,  2.5000000000000001E-03,3,0,17,17,528,  0.0000000000000000E+00,  0.0000000000000000E+00,  0.0000000000000000E+00,  0.0000000000000000E+00,  1.3890000000000013E-03,  0.0000000000000000E+00,  2.0000000000000000E-02,  3.0672347317434490E-01,  3.0672347317434490E-01,  3.0672347317434490E-01,  3.0672347317434490E-01,O0
2,2,1,2,  6.2500000000000001E-04,3,0,17,17,528,  0.0000000000000000E+00,  0.0000000000000000E+00,  0.0000000000000000E+00,  0.0000000000000000E+00,  1.2640000000000012E-03,  0.0000000000000000E+00,  2.0000000000000000E-02,  3.0672347317434490E-01,  3.0672347317434490E-01,  3.0672347317434490E-01,  3.0672347317434490E-01,O0
2,2,2,0,  1.0000000000000000E-02,0,2048,0,2048,2177, -4.5058613767877082E-01, -4.3135658157336620E-01,  1.9229556105403001E-02, -1.6098233857064770E-15,  1.1160000000000003E-02,  2.5000000000000000E-01,  2.0000000000000000E-02,  4.2299999999999999E-01,  4.2299999999999999E-01,  4.2299999999999999E-01,  4.2299999999999999E-01,O0
2,2,2,0,  2.5000000000000001E-03,0,4096,0,4096,4334, -4.5058613767871919E-01, -4.3135658157331941E-01,  1.9229556105403001E-02,  3.2196467714129540E-15,  2.9196999999999994E-02,  2.5000000000000000E-01,  2.0000000000000000E-02,  4.2299999999999999E-01,  4.2299999999999999E-01,  4.2299999999999999E-01,  4.2299999999999999E-01,O0
2,2,2,1,  1.0000000000000000E-02,0,1,0,1,12, -4.5058613767875921E-01, -4.3135658157335610E-01,  1.9229556105403001E-02, -1.1102230246251565E-16,  5.6000000000000494E-05,  2.5000000000000000E-01,  2.0000000000000000E-02,  4.2299999999999999E-01,  4.2299999999999999E-01,  4.2299999999999999E-01,  4.2299999999999999E-01,O0
2,2,2,1,  2.5000000000000001E-03,0,1,0,1,12, -4.5058613767875921E-01, -4.3135658157335610E-01,  1.9229556105403001E-02, -1.1102230246251565E-16,  4.8000000000006371E-05,  2.5000000000000000E-01,  2.0000000000000000E-02,  4.2299999999999999E-01,  4.2299999999999999E-01,  4.2299999999999999E-01,  4.2299999999999999E-01,O0
2,2,2,1,  6.2500000000000001E-04,0,1,0,1,12, -4.5058613767875921E-01, -4.3135658157335610E-01,  1.9229556105403001E-02, -1.1102230246251565E-16,  4.6000000000004371E-05,  2.5000000000000000E-01,  2.0000000000000000E-02,  4.2299999999999999E-01,  4.2299999999999999E-01,  4.2299999999999999E-01,  4.2299999999999999E-01,O0
2,2,2,2,  1.0000000000000000E-02,0,1,0,1,12, -4.5058613767875921E-01, -4.3135658157335610E-01,  1.9229556105403001E-02, -1.1102230246251565E-16,  4.8000000000006371E-05,  2.5000000000000000E-01,  2.0000000000000000E-02,  4.2299999999999999E-01,  4.2299999999999999E-01,  4.2299999999999999E-01,  4.2299999999999999E-01,O0
2,2,2,2,  2.5000000000000001E-03,0,1,0,1,12, -4.5058613767875921E-01, -4.3135658157335610E-01,  1.9229556105403001E-02, -1.1102230246251565E-16,  5.0999999999995493E-05,  2.5000000000000000E-01,  2.0000000000000000E-02,  4.2299999999999999E-01,  4.2299999999999999E-01,  4.2299999999999999E-01,  4.2299999999999999E-01,O0
2,2,2,2,  6.2500000000000001E-04,0,1,0,1,12, -4.5058613767875921E-01, -4.3135658157335610E-01,  1.9229556105403001E-02, -1.1102230246251565E-16,  5.3999999999998494E-05,  2.5000000000000000E-01,  2.0000000000000000E-02,  4.2299999999999999E-01,  4.2299999999999999E-01,  4.2299999999999999E-01,  4.2299999999999999E-01,O0
2,5,1,0,  1.0000000000000000E-02,0,2048,0,2048,3335, -7.3883751887758145E+00, -7.1207804333688003E+00,  2.6759475540701527E-01,  8.8817841970012523E-16,  2.2314000000000001E-02,  2.5000000000000000E-01,  2.0000000000000000E-02,  4.2256522245341865E-01,  4.1960546405105070E-01,  4.0747373157596167E-01,  3.5920610010185361E-01,O0
2,5,1,0,  2.5000000000000001E-03,0,4096,0,4096,6430, -7.3928568162629169E+00, -7.1252620608558352E+00,  2.6759475540701527E-01, -6.6613381477509392E-14,  3.2667999999999989E-02,  2.5000000000000000E-01,  2.0000000000000000E-02,  4.2256522245341865E-01,  4.1960546405105070E-01,  4.0747373157596167E-01,  3.5920610010185361E-01,O0
2,5,1,1,  1.0000000000000000E-02,3,0,17,17,549,  0.0000000000000000E+00,  0.0000000000000000E+00,  0.0000000000000000E+00,  0.0000000000000000E+00,  1.3319999999999999E-03,  0.0000000000000000E+00,  2.0000000000000000E-02,  3.0672347317434490E-01,  3.0672347317434490E-01,  3.0672347317434490E-01,  3.0672347317434490E-01,O0
2,5,1,1,  2.5000000000000001E-03,3,0,17,17,549,  0.0000000000000000E+00,  0.0000000000000000E+00,  0.0000000000000000E+00,  0.0000000000000000E+00,  1.3910000000000033E-03,  0.0000000000000000E+00,  2.0000000000000000E-02,  3.0672347317434490E-01,  3.0672347317434490E-01,  3.0672347317434490E-01,  3.0672347317434490E-01,O0
2,5,1,1,  6.2500000000000001E-04,3,0,17,17,549,  0.0000000000000000E+00,  0.0000000000000000E+00,  0.0000000000000000E+00,  0.0000000000000000E+00,  1.3240000000000196E-03,  0.0000000000000000E+00,  2.0000000000000000E-02,  3.0672347317434490E-01,  3.0672347317434490E-01,  3.0672347317434490E-01,  3.0672347317434490E-01,O0
2,5,1,2,  1.0000000000000000E-02,3,0,17,17,549,  0.0000000000000000E+00,  0.0000000000000000E+00,  0.0000000000000000E+00,  0.0000000000000000E+00,  1.3389999999999791E-03,  0.0000000000000000E+00,  2.0000000000000000E-02,  3.0672347317434490E-01,  3.0672347317434490E-01,  3.0672347317434490E-01,  3.0672347317434490E-01,O0
2,5,1,2,  2.5000000000000001E-03,3,0,17,17,549,  0.0000000000000000E+00,  0.0000000000000000E+00,  0.0000000000000000E+00,  0.0000000000000000E+00,  1.3660000000000061E-03,  0.0000000000000000E+00,  2.0000000000000000E-02,  3.0672347317434490E-01,  3.0672347317434490E-01,  3.0672347317434490E-01,  3.0672347317434490E-01,O0
2,5,1,2,  6.2500000000000001E-04,3,0,17,17,549,  0.0000000000000000E+00,  0.0000000000000000E+00,  0.0000000000000000E+00,  0.0000000000000000E+00,  1.3210000000000166E-03,  0.0000000000000000E+00,  2.0000000000000000E-02,  3.0672347317434490E-01,  3.0672347317434490E-01,  3.0672347317434490E-01,  3.0672347317434490E-01,O0
2,5,2,0,  1.0000000000000000E-02,0,2048,0,2048,2391, -2.8812709290718392E+00, -2.8681593043146383E+00,  1.3111624757200069E-02, -8.8817841970012523E-16,  1.3763000000000025E-02,  2.5000000000000000E-01,  2.0000000000000000E-02,  4.2294009300795055E-01,  4.2258428262357317E-01,  4.2147904558297655E-01,  4.1864083525305873E-01,O0
2,5,2,0,  2.5000000000000001E-03,0,4096,0,4096,4684, -2.8815972437161399E+00, -2.8684856189589429E+00,  1.3111624757200069E-02,  3.1086244689504383E-15,  2.6883999999999991E-02,  2.5000000000000000E-01,  2.0000000000000000E-02,  4.2294009300795055E-01,  4.2258428262357317E-01,  4.2147904558297655E-01,  4.1864083525305873E-01,O0
2,5,2,1,  1.0000000000000000E-02,0,1,0,1,35, -2.3674801587183563E+00, -2.3543287768871890E+00,  1.3151381831167264E-02,  0.0000000000000000E+00,  8.5000000000001741E-05,  2.5000000000000000E-01,  2.0000000000000000E-02,  4.2294698365845418E-01,  4.2263087884665385E-01,  4.2151191800450527E-01,  4.1862097646870478E-01,O0
2,5,2,1,  2.5000000000000001E-03,0,1,0,1,35, -2.3674801587183563E+00, -2.3543287768871890E+00,  1.3151381831167264E-02,  0.0000000000000000E+00,  8.0999999999997740E-05,  2.5000000000000000E-01,  2.0000000000000000E-02,  4.2294698365845418E-01,  4.2263087884665385E-01,  4.2151191800450527E-01,  4.1862097646870478E-01,O0
2,5,2,1,  6.2500000000000001E-04,3,0,17,17,573,  0.0000000000000000E+00,  0.0000000000000000E+00,  0.0000000000000000E+00,  0.0000000000000000E+00,  1.9619999999999915E-03,  0.0000000000000000E+00,  2.0000000000000000E-02,  4.1659014796486560E-01,  4.1659014796486560E-01,  4.1659014796486560E-01,  4.1659014796486560E-01,O0
2,5,2,2,  1.0000000000000000E-02,3,0,17,17,573,  0.0000000000000000E+00,  0.0000000000000000E+00,  0.0000000000000000E+00,  0.0000000000000000E+00,  2.2520000000000040E-03,  0.0000000000000000E+00,  2.0000000000000000E-02,  4.1659014796486560E-01,  4.1659014796486560E-01,  4.1659014796486560E-01,  4.1659014796486560E-01,O0
2,5,2,2,  2.5000000000000001E-03,3,0,17,17,573,  0.0000000000000000E+00,  0.0000000000000000E+00,  0.0000000000000000E+00,  0.0000000000000000E+00,  2.3399999999999810E-03,  0.0000000000000000E+00,  2.0000000000000000E-02,  4.1659014796486560E-01,  4.1659014796486560E-01,  4.1659014796486560E-01,  4.1659014796486560E-01,O0
2,5,2,2,  6.2500000000000001E-04,3,0,17,17,573,  0.0000000000000000E+00,  0.0000000000000000E+00,  0.0000000000000000E+00,  0.0000000000000000E+00,  2.3350000000000037E-03,  0.0000000000000000E+00,  2.0000000000000000E-02,  4.1659014796486560E-01,  4.1659014796486560E-01,  4.1659014796486560E-01,  4.1659014796486560E-01,O0
2,7,1,0,  1.0000000000000000E-02,1,77,0,78,999, -3.5697869807732185E-01, -8.1582669313530649E-03,  3.4882043114595795E-01, -1.0835082830951137E-14,  3.0690000000000162E-03,  9.3994140625000000E-03,  2.0000000000000000E-02,  4.2299999999999999E-01,  4.2299999999999999E-01,  4.2299975818099367E-01,  4.2299109248799893E-01,O0
2,7,1,0,  2.5000000000000001E-03,1,148,0,149,1665, -3.5630170508723857E-01, -7.4796739182632086E-03,  3.4882203116896804E-01, -7.3266046007880448E-15,  5.0320000000000087E-03,  9.0332031250000000E-03,  2.0000000000000000E-02,  4.2299999999999999E-01,  4.2299999999999999E-01,  4.2299993077760534E-01,  4.2299251991439735E-01,O0
2,7,1,1,  1.0000000000000000E-02,3,0,17,17,712,  0.0000000000000000E+00,  0.0000000000000000E+00,  0.0000000000000000E+00,  0.0000000000000000E+00,  1.9780000000000075E-03,  0.0000000000000000E+00,  2.0000000000000000E-02,  3.0672347317434490E-01,  3.0672347317434490E-01,  3.0672347317434490E-01,  3.0672347317434490E-01,O0
2,7,1,1,  2.5000000000000001E-03,3,0,17,17,712,  0.0000000000000000E+00,  0.0000000000000000E+00,  0.0000000000000000E+00,  0.0000000000000000E+00,  1.7089999999999883E-03,  0.0000000000000000E+00,  2.0000000000000000E-02,  3.0672347317434490E-01,  3.0672347317434490E-01,  3.0672347317434490E-01,  3.0672347317434490E-01,O0
2,7,1,1,  6.2500000000000001E-04,3,0,17,17,712,  0.0000000000000000E+00,  0.0000000000000000E+00,  0.0000000000000000E+00,  0.0000000000000000E+00,  1.6909999999999981E-03,  0.0000000000000000E+00,  2.0000000000000000E-02,  3.0672347317434490E-01,  3.0672347317434490E-01,  3.0672347317434490E-01,  3.0672347317434490E-01,O0
2,7,1,2,  1.0000000000000000E-02,3,0,17,17,712,  0.0000000000000000E+00,  0.0000000000000000E+00,  0.0000000000000000E+00,  0.0000000000000000E+00,  1.6349999999999976E-03,  0.0000000000000000E+00,  2.0000000000000000E-02,  3.0672347317434490E-01,  3.0672347317434490E-01,  3.0672347317434490E-01,  3.0672347317434490E-01,O0
2,7,1,2,  2.5000000000000001E-03,3,0,17,17,712,  0.0000000000000000E+00,  0.0000000000000000E+00,  0.0000000000000000E+00,  0.0000000000000000E+00,  1.7230000000000023E-03,  0.0000000000000000E+00,  2.0000000000000000E-02,  3.0672347317434490E-01,  3.0672347317434490E-01,  3.0672347317434490E-01,  3.0672347317434490E-01,O0
2,7,1,2,  6.2500000000000001E-04,3,0,17,17,712,  0.0000000000000000E+00,  0.0000000000000000E+00,  0.0000000000000000E+00,  0.0000000000000000E+00,  1.6489999999999838E-03,  0.0000000000000000E+00,  2.0000000000000000E-02,  3.0672347317434490E-01,  3.0672347317434490E-01,  3.0672347317434490E-01,  3.0672347317434490E-01,O0
2,7,2,0,  1.0000000000000000E-02,1,17,0,18,303, -2.4767481324997669E-02, -5.5592165524150213E-03,  1.9208264772581085E-02, -1.5621184901171148E-15,  6.4200000000000368E-04,  2.0751953125000000E-03,  2.0000000000000000E-02,  4.2299999999999999E-01,  4.2299999999999999E-01,  4.2299683341456495E-01,  4.2298187525261299E-01,O0
2,7,2,0,  2.5000000000000001E-03,1,31,0,32,427, -2.4130098492316190E-02, -4.9265599410432924E-03,  1.9203538551272104E-02, -7.9450335199737765E-16,  9.7700000000000564E-04,  1.8920898437500000E-03,  2.0000000000000000E-02,  4.2299999999999999E-01,  4.2299999999999999E-01,  4.2299492023778040E-01,  4.2297906220808867E-01,O0
2,7,2,1,  1.0000000000000000E-02,3,0,17,17,1208,  0.0000000000000000E+00,  0.0000000000000000E+00,  0.0000000000000000E+00,  0.0000000000000000E+00,  2.4919999999999942E-03,  0.0000000000000000E+00,  2.0000000000000000E-02,  4.1659014796486560E-01,  4.1659014796486560E-01,  4.1659014796486560E-01,  4.1659014796486560E-01,O0
2,7,2,1,  2.5000000000000001E-03,3,0,17,17,1208,  0.0000000000000000E+00,  0.0000000000000000E+00,  0.0000000000000000E+00,  0.0000000000000000E+00,  2.5310000000000055E-03,  0.0000000000000000E+00,  2.0000000000000000E-02,  4.1659014796486560E-01,  4.1659014796486560E-01,  4.1659014796486560E-01,  4.1659014796486560E-01,O0
2,7,2,1,  6.2500000000000001E-04,3,0,17,17,1208,  0.0000000000000000E+00,  0.0000000000000000E+00,  0.0000000000000000E+00,  0.0000000000000000E+00,  2.6159999999999795E-03,  0.0000000000000000E+00,  2.0000000000000000E-02,  4.1659014796486560E-01,  4.1659014796486560E-01,  4.1659014796486560E-01,  4.1659014796486560E-01,O0
2,7,2,2,  1.0000000000000000E-02,3,0,17,17,1208,  0.0000000000000000E+00,  0.0000000000000000E+00,  0.0000000000000000E+00,  0.0000000000000000E+00,  2.4850000000000150E-03,  0.0000000000000000E+00,  2.0000000000000000E-02,  4.1659014796486560E-01,  4.1659014796486560E-01,  4.1659014796486560E-01,  4.1659014796486560E-01,O0
2,7,2,2,  2.5000000000000001E-03,3,0,17,17,1208,  0.0000000000000000E+00,  0.0000000000000000E+00,  0.0000000000000000E+00,  0.0000000000000000E+00,  2.6450000000000085E-03,  0.0000000000000000E+00,  2.0000000000000000E-02,  4.1659014796486560E-01,  4.1659014796486560E-01,  4.1659014796486560E-01,  4.1659014796486560E-01,O0
2,7,2,2,  6.2500000000000001E-04,3,0,17,17,1208,  0.0000000000000000E+00,  0.0000000000000000E+00,  0.0000000000000000E+00,  0.0000000000000000E+00,  2.4769999999999792E-03,  0.0000000000000000E+00,  2.0000000000000000E-02,  4.1659014796486560E-01,  4.1659014796486560E-01,  4.1659014796486560E-01,  4.1659014796486560E-01,O0
