STOP,2,7,1,1,4,4,80,  6.4782056490315654E-03,  6.8826261571465852E-01,  6.2499999999999997E-09,  4.5931390890036273E-05
STOP,2,7,1,1,8,5,80,  3.5710138927695034E-02,  9.0757686876884555E-02,  3.1249999999999999E-09,  4.5922773691779201E-05
STOP,2,7,1,1,32,7,80,  4.0872118517935263E-02,  5.9897290033353312E-02,  7.8124999999999996E-10,  7.8124999999999996E-10
STOP,2,7,1,1,64,7,80,  2.9100298439210803E-04,  1.2137079840482512E+00,  3.9062499999999998E-10,  1.5033882742077583E-04
STOP,2,7,1,1,128,11,80,  3.1048334370895603E-03,  4.3271641396714411E-02,  1.9531249999999999E-10,  4.5873361596785696E-05
STOP,2,7,1,1,2048,78,80,  7.0948954936117303E-02,  9.3570774047746455E-02,  1.2207031249999999E-11,  4.6284495822247144E-05
STOP,2,7,1,1,4096,149,80,  3.0876780463036546E-02,  8.1772032303329967E-02,  6.1035156249999997E-12,  4.5931152931189743E-05
STOP,2,7,1,1,4,4,80,  6.4782056490315654E-03,  6.8826261571465852E-01,  6.2499999999999997E-09,  4.5931390890036273E-05
STOP,2,7,1,1,8,5,80,  3.5710138927695034E-02,  9.0757686876884555E-02,  3.1249999999999999E-09,  4.5922773691779201E-05
STOP,2,7,1,1,32,7,80,  4.0872118517935263E-02,  5.9897290033353312E-02,  7.8124999999999996E-10,  7.8124999999999996E-10
STOP,2,7,1,1,64,7,80,  2.9100298439210803E-04,  1.2137079840482512E+00,  3.9062499999999998E-10,  1.5033882742077583E-04
STOP,2,7,1,1,128,11,80,  3.1048334370895603E-03,  4.3271641396714411E-02,  1.9531249999999999E-10,  4.5873361596785696E-05
STOP,2,7,1,1,2048,78,80,  7.0948954936117303E-02,  9.3570774047746455E-02,  1.2207031249999999E-11,  4.6284495822247144E-05
STOP,2,7,1,1,4096,149,80,  3.0876780463036546E-02,  8.1772032303329967E-02,  6.1035156249999997E-12,  4.5931152931189743E-05
STOP,2,7,1,1,4,4,80,  6.4782056490315654E-03,  6.8826261571465852E-01,  6.2499999999999997E-09,  4.5931390890036273E-05
STOP,2,7,1,1,8,5,80,  3.5710138927695034E-02,  9.0757686876884555E-02,  3.1249999999999999E-09,  4.5922773691779201E-05
STOP,2,7,1,1,32,7,80,  4.0872118517935263E-02,  5.9897290033353312E-02,  7.8124999999999996E-10,  7.8124999999999996E-10
STOP,2,7,1,1,64,7,80,  2.9100298439210803E-04,  1.2137079840482512E+00,  3.9062499999999998E-10,  1.5033882742077583E-04
STOP,2,7,1,1,128,11,80,  3.1048334370895603E-03,  4.3271641396714411E-02,  1.9531249999999999E-10,  4.5873361596785696E-05
STOP,2,7,1,1,2048,86,80,  1.1050310502455396E-01,  9.4114399380166885E-02,  1.2207031249999999E-11,  4.5931042606611352E-05
STOP,2,7,1,1,4096,165,80,  2.9839400876303657E-02,  8.2201570527111995E-02,  6.1035156249999997E-12,  4.5931546967093476E-05
STOP,2,7,2,1,2,2,80,  4.5153334937708678E-07,  1.6287899968057316E+00,  1.2499999999999999E-08,  1.7190205578391835E-04
STOP,2,7,2,1,4,2,80,  5.2325629162908172E-08,  1.6909350430975030E+00,  6.2499999999999997E-09,  1.7636906609610486E-04
STOP,2,7,2,1,8,2,80,  8.2760553965499639E-10,  1.8143871012813013E+00,  3.1249999999999999E-09,  1.8506466691073633E-04
STOP,2,7,2,1,16,2,80,  1.2498446722020162E-11,  2.0558419235502692E+00,  1.5624999999999999E-09,  2.0184150817141602E-04
STOP,2,7,2,1,64,4,80,  3.1846223003682894E-02,  7.8754794889047894E-02,  3.9062499999999998E-10,  4.5931034780523667E-05
STOP,2,7,2,1,2048,19,80,  1.9837893243111360E-02,  3.2790208766222809E-02,  1.2207031249999999E-11,  2.8639150134734948E-05
STOP,2,7,2,1,4096,33,80,  7.5996679918138632E-02,  6.2657174983168001E-02,  6.1035156249999997E-12,  4.5979108028259455E-05
STOP,2,7,2,1,2,2,80,  4.5153334937708678E-07,  1.6287899968057316E+00,  1.2499999999999999E-08,  1.7190205578391835E-04
STOP,2,7,2,1,4,2,80,  5.2325629162908172E-08,  1.6909350430975030E+00,  6.2499999999999997E-09,  1.7636906609610486E-04
STOP,2,7,2,1,8,2,80,  8.2760553965499639E-10,  1.8143871012813013E+00,  3.1249999999999999E-09,  1.8506466691073633E-04
STOP,2,7,2,1,16,2,80,  1.2498446722020162E-11,  2.0558419235502692E+00,  1.5624999999999999E-09,  2.0184150817141602E-04
STOP,2,7,2,1,64,4,80,  3.1846223003682894E-02,  7.8754794889047894E-02,  3.9062499999999998E-10,  4.5931034780523667E-05
STOP,2,7,2,1,2048,19,80,  1.9837893243111360E-02,  3.2790208766222809E-02,  1.2207031249999999E-11,  2.8639150134734948E-05
STOP,2,7,2,1,4096,33,80,  7.5996679918138632E-02,  6.2657174983168001E-02,  6.1035156249999997E-12,  4.5979108028259455E-05
STOP,2,7,2,1,2,2,80,  4.5153334937708678E-07,  1.6287899968057316E+00,  1.2499999999999999E-08,  1.7190205578391835E-04
STOP,2,7,2,1,4,2,80,  5.2325629162908172E-08,  1.6909350430975030E+00,  6.2499999999999997E-09,  1.7636906609610486E-04
STOP,2,7,2,1,8,2,80,  8.2760553965499639E-10,  1.8143871012813013E+00,  3.1249999999999999E-09,  1.8506466691073633E-04
STOP,2,7,2,1,16,2,80,  1.2498446722020162E-11,  2.0558419235502692E+00,  1.5624999999999999E-09,  2.0184150817141602E-04
STOP,2,7,2,1,64,4,80,  3.1846223003682894E-02,  7.8754794889047894E-02,  3.9062499999999998E-10,  4.5931034780523667E-05
STOP,2,7,2,1,256,7,80,  7.8235725354022456E-02,  8.8561659310540719E-02,  9.7656249999999996E-11,  9.7656249999999996E-11
STOP,2,7,2,1,512,10,80,  7.7793627121662823E-03,  3.3114630914694118E-02,  4.8828124999999998E-11,  4.5929063486670429E-05
STOP,2,7,2,1,2048,26,80,  1.4400004477721495E-07,  1.8732887710946072E-01,  1.2207031249999999E-11,  1.0920688943377920E-04
STOP,2,7,2,1,4096,50,80,  8.7246269662907494E-02,  5.7517429989297209E-02,  6.1035156249999997E-12,  4.5937814162759140E-05
STOP,2,7,3,1,256,5,80,  7.0519823987957864E-03,  3.9220305850735535E-02,  9.7656249999999996E-11,  4.5929223762889877E-05
STOP,2,7,3,1,1024,9,80,  9.4998304086413299E-04,  2.5665563846209316E-01,  2.4414062499999999E-11,  1.1588761622364913E-04
STOP,2,7,3,1,2048,16,80,  3.2471064636743208E-03,  1.7220361350817676E-01,  1.2207031249999999E-11,  1.0037070207097467E-04
STOP,2,7,3,1,4096,30,80,  5.6474336746425990E-04,  1.0163045552046937E-01,  6.1035156249999997E-12,  8.5641133329205914E-05
