geometry,bottom_mode,profile,history,steps,step,iteration,backtrack,dt,factor,old_norm,new_norm,Fmax,head_change,delta_max,old_top,new_top,old_bottom,new_bottom,qtop,qbot,Kbottom_frozen,Cbottom,jacdiag,bottom_residual,hmin,hmax,Kface,cp_tol,total_tol,head_metric,residual_sum
2.0,7.0,1.0,1.0,4.0,4.0,73.0,3.0,0.0625,0.1111111111111111,9.360401631211711e-05,2.2902836786825624e-05,0.006767988886933196,0.0008404679996082375,0.007564211996474138,0.028930167836349004,0.029010148326545467,-0.013261239652483109,-0.012420771652874871,-4.578807181795637,-4.5698274789417255,3.6786874660243893,4.7380272038316126e-05,4.215101817364808,-0.006767988886933196,-0.012420771652874871,0.07406088996497329,4.75,1.6e-11,1.6e-11,0.0008404679996082375,-0.006767989010715958
2.0,7.0,1.0,1.0,4.0,4.0,74.0,6.0,0.0625,0.004115226337448559,2.2902836786825624e-05,2.204118567240407e-05,0.00663945565124191,1.539785270544998e-05,0.0037416782074242197,0.029010148326545467,0.029011613614713928,-0.012420771652874871,-0.012405373800169421,-4.578779341320436,-4.569928160374495,3.6786874660243893,4.5989592297139364e-05,4.215079566488948,-0.00663945565124191,-0.012405373800169421,0.07406968169401457,4.75,1.6e-11,1.6e-11,1.539785270544998e-05,-0.006639455775687253
2.0,7.0,1.0,1.0,4.0,4.0,75.0,6.0,0.0625,0.004115226337448559,2.204118567240407e-05,2.121151310822183e-05,0.006513296109992517,1.5105430188930985e-05,0.0036706195359100437,0.029011613614713928,0.029013051075414707,-0.012405373800169421,-0.01239026836998049,-4.578752029567121,-4.570026997056058,3.6786874660243893,4.596364312706423e-05,4.215079151302228,-0.006513296109992517,-0.01239026836998049,0.07407830645824862,4.75,1.6e-11,1.6e-11,1.5105430188930985e-05,-0.00651329623507646
2.0,7.0,1.0,1.0,4.0,4.0,76.0,8.0,0.0625,0.0004572473708276177,2.121151310822183e-05,2.1122014732181707e-05,0.006499540711801366,1.6464897634287101e-06,0.003600873112618028,0.029013051075414707,0.029013207758428704,-0.01239026836998049,-0.012388621880217061,-4.578749052589854,-4.5700377742667655,3.6786874660243893,4.593816969761733e-05,4.215078743727356,-0.006499540711801366,-0.012388621880217061,0.07407924655633574,4.75,1.6e-11,1.6e-11,1.6464897634287101e-06,-0.0064995408369519225
2.0,7.0,1.0,1.0,4.0,4.0,77.0,8.0,0.0625,0.0004572473708276177,2.1122014732181707e-05,2.1032888780509104e-05,0.0064858135619996204,1.6430125901606418e-06,0.003593268534682301,0.029013207758428704,0.02901336411054846,-0.012388621880217061,-0.0123869788676269,-4.578746081899579,-4.570048529518701,3.6786874660243893,4.5935392074606925e-05,4.215078699285388,-0.0064858135619996204,-0.0123869788676269,0.0740801846690574,4.75,1.6e-11,1.6e-11,1.6430125901606418e-06,-0.006485813687218567
2.0,7.0,1.0,1.0,4.0,4.0,78.0,9.0,0.0625,0.00015241579027587258,2.1032888780509104e-05,2.1003283512656845e-05,0.0064812473356070655,5.46514185842048e-07,0.003585679573304537,0.02901336411054846,0.029013416117850136,-0.0123869788676269,-0.012386432353441059,-4.578745093760848,-4.570052107204698,3.6786874660243893,4.593262011700727e-05,4.215078654934066,-0.0064812473356070655,-0.012386432353441059,0.0740804967128685,4.75,1.6e-11,1.6e-11,5.46514185842048e-07,-0.006481247460848216
2.0,7.0,1.0,1.0,4.0,4.0,79.0,10.0,0.0625,5.0805263425290864e-05,2.1003283512656845e-05,2.0993426605572357e-05,0.006479726322241142,1.8204314210408523e-07,0.003583155166026588,0.029013416117850136,0.02901343344141255,-0.012386432353441059,-0.012386250310298955,-4.578744764613162,-4.570053298936587,3.6786874660243893,4.593169803817981e-05,4.215078640180805,-0.006479726322241142,-0.012386250310298955,0.07408060065424334,4.75,1.6e-11,1.6e-11,1.8204314210408523e-07,-0.006479726447490286
2.0,7.0,1.0,1.0,4.0,4.0,80.0,10.0,0.0625,5.0805263425290864e-05,2.0993426605572357e-05,2.0983574215572246e-05,0.006478205649031565,1.8200042087648804e-07,0.003582314284098959,0.02901343344141255,0.029013450760909536,-0.012386250310298955,-0.012386068309878078,-4.578744435542719,-4.570054490405594,3.6786874660243893,4.593139089003627e-05,4.215078635266435,-0.006478205649031565,-0.012386068309878078,0.07408070457122559,4.75,1.6e-11,1.6e-11,1.8200042087648804e-07,-0.006478205774287815
2.0,7.0,1.0,1.0,8.0,5.0,73.0,2.0,0.03125,0.3333333333333333,0.003507924760009652,0.0015589970042620641,0.05583900078371862,0.014997128381590796,0.04499138514477239,0.02439407257888351,0.022924587338114713,0.013419181495480801,-0.0015779468861099946,-4.69443284057582,-4.75,4.285353231748524,3.125e-09,4.517676715874262,0.05583900078371862,-0.0015779468861099946,0.03754752401590642,4.75,3.2e-11,3.2e-11,0.014997128381590796,0.055839001061268156
2.0,7.0,1.0,1.0,8.0,5.0,74.0,2.0,0.03125,0.3333333333333333,0.0015589970042620641,0.0006928604623768138,0.03722527266191111,0.009992908412435275,0.029978725237305826,0.022924587338114713,0.021945437783298997,-0.0015779468861099946,-0.01157085529854527,-4.713036682117319,-4.75,4.285353231748524,2.8639150134734948e-05,4.518593068678573,0.03722527266191111,-0.01157085529854527,0.031672626655198786,4.75,3.2e-11,3.2e-11,0.009992908412435275,0.03722527363026362
2.0,7.0,1.0,1.0,8.0,5.0,75.0,4.0,0.03125,0.037037037037037035,0.0006928604623768138,0.0006424873473242969,0.03584654369180651,0.0007399989474324957,0.019979971580677384,0.021945437783298997,0.02187292939858913,-0.01157085529854527,-0.012310854245977765,-4.7144143414268065,-4.75,4.285353231748524,4.453007447636491e-05,4.519101578257505,0.03584654369180651,-0.012310854245977765,0.031237576345919903,4.75,3.2e-11,3.2e-11,0.0007399989474324957,0.03584654468230042
2.0,7.0,1.0,1.0,8.0,5.0,76.0,7.0,0.03125,0.0013717421124828531,0.0006424873473242969,0.0006407259017003934,0.035797371459379335,2.6391692117292906e-05,0.01923954355350625,0.02187292939858913,0.02187034342333421,-0.012310854245977765,-0.012337245938095058,-4.71446347495665,-4.75,4.285353231748524,4.5803968406778774e-05,4.519142342863279,0.035797371459379335,-0.012337245938095058,0.031222060494357672,4.75,3.2e-11,3.2e-11,2.6391692117292906e-05,0.0357973724505829
2.0,7.0,1.0,1.0,8.0,5.0,77.0,7.0,0.03125,0.0013717421124828531,0.0006407259017003934,0.0006389692852638022,0.03574826667864617,2.6355469296994102e-05,0.0192131371175086,0.02187034342333421,0.021867760997352086,-0.012337245938095058,-0.012363601407392052,-4.71451254105031,-4.75,4.285353231748524,4.5848619722406203e-05,4.519143771705378,0.03574826667864617,-0.012363601407392052,0.03120656593843242,4.75,3.2e-11,3.2e-11,2.6355469296994102e-05,0.03574826767055672
2.0,7.0,1.0,1.0,8.0,5.0,78.0,8.0,0.03125,0.0004572473708276177,0.0006389692852638022,0.0006383850847307347,0.035731920875618606,8.773098748015087e-06,0.019186766961908946,0.021867760997352086,0.021866901370156837,-0.012363601407392052,-0.012372374506140068,-4.71452887396702,-4.75,4.285353231748524,4.589315783148881e-05,4.519145196924869,0.035731920875618606,-0.012372374506140068,0.031201408175250144,4.75,3.2e-11,3.2e-11,8.773098748015087e-06,0.03573192186776364
2.0,7.0,1.0,1.0,8.0,5.0,79.0,8.0,0.03125,0.0004572473708276177,0.0006383850847307347,0.0006378014183237839,0.03571558254666396,8.769085040103916e-06,0.01917798898270774,0.021866901370156837,0.021866042136242516,-0.012372374506140068,-0.012381143591180171,-4.714545199411392,-4.75,4.285353231748524,4.590797201049916e-05,4.519145670978598,0.03571558254666396,-0.012381143591180171,0.031196252771753447,4.75,3.2e-11,3.2e-11,8.769085040103916e-06,0.035715583539042584
2.0,7.0,1.0,1.0,8.0,5.0,80.0,9.0,0.03125,0.00015241579027587258,0.0006378014183237839,0.0006376070111176404,0.035710138927695034,2.9216910567841925e-06,0.01916921502356097,0.021866042136242516,0.021865755855971346,-0.012381143591180171,-0.012384065282236956,-4.714550638736545,-4.75,4.285353231748524,4.59227736917792e-05,4.519146144632399,0.035710138927695034,-0.012384065282236956,0.03119453509012285,4.75,3.2e-11,3.2e-11,2.9216910567841925e-06,0.03571013992015093
2.0,7.0,1.0,1.0,32.0,7.0,73.0,12.0,0.0078125,5.645029269476763e-06,2.4032367835907126e-06,2.403209650959621e-06,0.002192354739069202,6.5801420891936635e-09,0.001165652430749595,0.02010310702663899,0.02010310637730784,-0.012386027618345447,-0.012386034198487536,-4.748040978831151,-4.75,4.442680547844744,4.593101515476611e-05,4.602219443862182,0.002192354739069202,-0.012386034198487536,0.02061863825026065,4.75,1.28e-10,1.28e-10,6.5801420891936635e-09,0.0021923550340883224
2.0,7.0,1.0,1.0,32.0,7.0,74.0,12.0,0.0078125,5.645029269476763e-06,2.403209650959621e-06,2.403182518666678e-06,0.002192342363166233,6.5801049400904255e-09,0.0011656458497212325,0.02010310637730784,0.020103105727980353,-0.012386034198487536,-0.012386040778592476,-4.748040991168373,-4.75,4.442680547844744,4.593102625711256e-05,4.602219445283283,0.002192342363166233,-0.012386040778592476,0.02061863435429578,4.75,1.28e-10,1.28e-10,6.5801049400904255e-09,0.002192342658184465
2.0,7.0,1.0,1.0,32.0,7.0,75.0,14.0,0.0078125,6.27225474386307e-07,2.403182518666678e-06,2.4031795040067736e-06,0.002192340988079522,7.311186430575267e-10,0.0011656392687377011,0.020103105727980353,0.020103105655833262,-0.012386040778592476,-0.01238604150971112,-4.748040992539168,-4.75,4.442680547844744,4.5931037359393124e-05,4.602219446704375,0.002192340988079522,-0.01238604150971112,0.020618633921413238,4.75,1.28e-10,1.28e-10,7.311186430575267e-10,0.002192341283097754
2.0,7.0,1.0,1.0,32.0,7.0,76.0,14.0,0.0078125,6.27225474386307e-07,2.4031795040067736e-06,2.4031764893214993e-06,0.0021923396129803763,7.311181850905291e-10,0.0011656385375247214,0.020103105655833262,0.020103105583686217,-0.01238604150971112,-0.012386042240829304,-4.748040993909962,-4.75,4.442680547844744,4.593103859297269e-05,4.602219446862273,0.0021923396129803763,-0.012386042240829304,0.02061863348853097,4.75,1.28e-10,1.28e-10,7.311181850905291e-10,0.00219233990799772
2.0,7.0,1.0,1.0,32.0,7.0,77.0,16.0,0.0078125,6.969171937625634e-08,2.4031764893214993e-06,2.4031761543466332e-06,0.0021923394601870427,8.123530320647276e-11,0.0011656378063047115,0.020103105583686217,0.020103105575669883,-0.012386042240829304,-0.012386042322064608,-4.748040994062272,-4.75,4.442680547844744,4.5931039826551444e-05,4.602219447020171,0.0021923394601870427,-0.012386042322064608,0.02061863344043297,4.75,1.28e-10,1.28e-10,8.123530320647276e-11,0.0021923397552043866
2.0,7.0,1.0,1.0,32.0,7.0,78.0,17.0,0.0078125,2.323057312541878e-08,2.4031761543466332e-06,0.015798064625996304,0.17775300068351196,8.123529800230234e-11,0.0011656377250556613,0.020103105575669883,0.02010310556765355,-0.012386042322064608,-0.012386042403299906,-4.748040994214582,-4.57005466000908,4.442680547844744,4.593103996361566e-05,4.602219447037715,-0.17775300068351196,-0.012386042403299906,0.02061863339233497,4.75,1.28e-10,1.28e-10,8.123529800230234e-11,-0.17775300038849462
2.0,7.0,1.0,1.0,32.0,7.0,79.0,2.0,0.0078125,0.3333333333333333,0.015798064625996304,0.0018793462309265288,0.061308176141955606,0.03150296640104254,0.09450889920312763,0.02010310556765355,0.0232118311596981,-0.012386042403299906,0.019116923997742633,-4.688975207965736,-4.75,4.442680547844744,4.5931040100679875e-05,4.602219447055259,0.061308176141955606,0.019116923997742633,0.039270987063663054,4.75,1.28e-10,1.28e-10,0.03150296640104254,0.061308173851653436
2.0,7.0,1.0,1.0,32.0,7.0,80.0,2.0,0.0078125,0.3333333333333333,0.0018793462309265288,0.0008352650360720735,0.04087211851793526,0.010899649996814443,0.03269894999044333,0.0232118311596981,0.02213624926495491,0.019116923997742633,0.00821727400092819,-4.7094112639658565,-4.75,4.442680547844744,7.8125e-10,4.596340373922373,0.04087211851793526,0.00821727400092819,0.03281749562041904,4.75,1.28e-10,1.28e-10,0.010899649996814443,0.04087211785153322
2.0,7.0,1.0,1.0,64.0,7.0,73.0,1.0,0.00390625,1.0,1.4021906203372216e-07,1.2073631734432531e-07,0.0004913986514925028,0.00032493804850652896,0.00032493804850651633,0.044360922469758576,0.04433370839978085,-0.16757233431992444,-0.16789727236843097,-4.287659540404164,-4.173714125785045,3.3248528753429256,0.00015022947899761839,3.613658890409411,-0.0004913986514925028,-0.16789727236843097,0.06907779219133302,4.75,2.56e-10,2.56e-10,0.00032493804850652896,-0.0004913986278740623
2.0,7.0,1.0,1.0,64.0,7.0,74.0,1.0,0.00390625,1.0,1.2073631734432531e-07,1.0394343294166052e-07,0.0004559461216890881,0.0003015136441349153,0.0003015136441349217,0.04433370839978085,0.04435896063924141,-0.16789727236843097,-0.16759575872429605,-4.287179747854413,-4.174170076647109,3.3248528753429256,0.00015036187563420396,3.6136927839483772,0.0004559461216890881,-0.16759575872429605,0.06915622595020286,4.75,2.56e-10,2.56e-10,0.0003015136441349153,0.0004559460997741738
2.0,7.0,1.0,1.0,64.0,7.0,75.0,1.0,0.00390625,1.0,1.0394343294166052e-07,8.949993912483788e-08,0.0004230837721417302,0.00027976598854584367,0.0002797659885458474,0.04435896063924141,0.044335529799963976,-0.16759575872429605,-0.1678755247128419,-4.287624933800684,-4.173746996957629,3.3248528753429256,0.00015023902800339947,3.6136613349548914,-0.0004230837721417302,-0.1678755247128419,0.06908344948216431,4.75,2.56e-10,2.56e-10,0.00027976598854584367,-0.0004230837518068853
2.0,7.0,1.0,1.0,64.0,7.0,76.0,1.0,0.00390625,1.0,8.949993912483788e-08,7.705248680171341e-08,0.0003925620633777882,0.0002595971865084479,0.0002595971865084509,0.044335529799963976,0.04435727147051359,-0.1678755247128419,-0.16761592752633345,-4.287211842060242,-4.174139562535063,3.3248528753429256,0.00015035301888170307,3.613690516619737,0.0003925620633777882,-0.16761592752633345,0.06915097937185902,4.75,2.56e-10,2.56e-10,0.0002595971865084479,0.0003925620445084377
2.0,7.0,1.0,1.0,64.0,7.0,77.0,1.0,0.00390625,1.0,7.705248680171341e-08,6.634495089135947e-08,0.00036426625122665257,0.00024087357403401732,0.00024087357403402838,0.04435727147051359,0.044337097931804716,-0.16761592752633345,-0.16785680110036746,-4.287595139295711,-4.173775299310164,3.3248528753429256,0.00015024724927234924,3.6136634395997422,-0.00036426625122665257,-0.16785680110036746,0.06908832011848398,4.75,2.56e-10,2.56e-10,0.00024087357403401732,-0.0003642662337179914
2.0,7.0,1.0,1.0,64.0,7.0,78.0,1.0,0.00390625,1.0,6.634495089135947e-08,5.711838492105387e-08,0.00033798930433093233,0.00022350799878037564,0.00022350799878036705,0.044337097931804716,0.04435581707641504,-0.16785680110036746,-0.1676332931015871,-4.287239475548114,-4.174113291219486,3.3248528753429256,0.00015034539317151886,3.61368856443793,0.00033798930433093233,-0.1676332931015871,0.06914646200633158,4.75,2.56e-10,2.56e-10,0.00022350799878037564,0.0003379892880843727
2.0,7.0,1.0,1.0,64.0,7.0,79.0,1.0,0.00390625,1.0,5.711838492105387e-08,4.9180540369625115e-08,0.00031362570165605064,0.00020738784716226033,0.0002073878471622568,0.04435581707641504,0.04433844801972518,-0.1676332931015871,-0.16784068094874935,-4.2875694876252215,-4.1737996677611875,3.3248528753429256,0.00015025432744856482,3.613665251612854,-0.00031362570165605064,-0.16784068094874935,0.06909251350777021,4.75,2.56e-10,2.56e-10,0.00020738784716226033,-0.0003136256865818865
2.0,7.0,1.0,1.0,64.0,7.0,80.0,1.0,0.00390625,1.0,4.9180540369625115e-08,4.23413684625568e-08,0.00029100298439210803,0.00019243595859205764,0.00019243595859204805,0.04433844801972518,0.044354564832352776,-0.16784068094874935,-0.1676482449901573,-4.287263268185297,-4.174090672676666,3.3248528753429256,0.00015033882742077583,3.6136868836057396,0.00029100298439210803,-0.1676482449901573,0.06914257252124338,4.75,2.56e-10,2.56e-10,0.00019243595859205764,0.0002910029704050743
2.0,7.0,1.0,1.0,128.0,11.0,73.0,2.0,0.001953125,0.3333333333333333,0.0003736063081838371,0.00016486958335669286,0.018158721505474595,0.0048599566716541216,0.014579870014962366,0.02137850477672767,0.02089894008140428,0.00044490186854257915,-0.004415054803111542,-4.732920138453318,-4.75,4.441843418479791,1.953125e-10,4.595921809239896,0.018158721505474595,-0.004415054803111542,0.025393640465580163,4.75,5.12e-10,5.12e-10,0.0048599566716541216,0.018158722001549776
2.0,7.0,1.0,1.0,128.0,11.0,74.0,2.0,0.001953125,0.3333333333333333,0.00016486958335669286,7.32753703806521e-05,0.012105814336974774,0.0032034075621785747,0.009610222686535724,0.02089894008140428,0.020582838253432222,-0.004415054803111542,-0.007618462365290117,-4.738926073184788,-4.75,4.441843418479791,2.8639150134734948e-05,4.61058495410888,0.012105814336974774,-0.007618462365290117,0.02349702949371719,4.75,5.12e-10,5.12e-10,0.0032034075621785747,0.012105814920571056
2.0,7.0,1.0,1.0,128.0,11.0,75.0,2.0,0.001953125,0.3333333333333333,7.32753703806521e-05,3.256683128038544e-05,0.008070542891328358,0.0021356050640115344,0.006406815192034605,0.020582838253432222,0.020372103697031924,-0.007618462365290117,-0.009754067429301651,-4.742930029756393,-4.75,4.441843418479791,2.8639150134734948e-05,4.61058495410888,0.008070542891328358,-0.009754067429301651,0.02223262215651015,4.75,5.12e-10,5.12e-10,0.0021356050640115344,0.008070543448980949
2.0,7.0,1.0,1.0,128.0,11.0,76.0,2.0,0.001953125,0.3333333333333333,3.256683128038544e-05,1.4428356116490863e-05,0.005371844397688896,0.0014237367243835966,0.004271210173150787,0.020372103697031924,0.020231613989818768,-0.009754067429301651,-0.011177804153685248,-4.745599334193443,-4.75,4.441843418479791,2.8639150134734948e-05,4.61058495410888,0.005371844397688896,-0.011177804153685248,0.021389683916615748,4.75,5.12e-10,5.12e-10,0.0014237367243835966,0.005371844881850052
2.0,7.0,1.0,1.0,128.0,11.0,77.0,2.0,0.001953125,0.3333333333333333,1.4428356116490863e-05,6.411167388304187e-06,0.0035808287834813157,0.0009437690934285588,0.0028313072802856765,0.020231613989818768,0.020138485925651088,-0.011177804153685248,-0.012121573247113807,-4.747368767412629,-4.75,4.441843418479791,4.383534437336504e-05,4.618365405559059,0.0035808287834813157,-0.012121573247113807,0.020830915535610978,4.75,5.12e-10,5.12e-10,0.0009437690934285588,0.0035808291807573056
2.0,7.0,1.0,1.0,128.0,11.0,78.0,3.0,0.001953125,0.1111111111111111,6.411167388304187e-06,5.065552809827692e-06,0.0031829397763161182,0.00020960984138442343,0.0018864885724598067,0.020138485925651088,0.02011780230812401,-0.012121573247113807,-0.01233118308849823,-4.747761756145644,-4.75,4.441843418479791,4.5482189256261686e-05,4.619208590139102,0.0031829397763161182,-0.01233118308849823,0.020706813831719312,4.75,5.12e-10,5.12e-10,0.00020960984138442343,0.0031829401459955164
2.0,7.0,1.0,1.0,128.0,11.0,79.0,5.0,0.001953125,0.012345679012345678,5.065552809827692e-06,4.941248919011993e-06,0.0031436440380590014,2.0700093361483707e-05,0.0016767075622801109,0.02011780230812401,0.02011575969021947,-0.01233118308849823,-0.012351883181859714,-4.74780056588583,-4.75,4.441843418479791,4.58383667778289e-05,4.619390953030145,0.0031436440380590014,-0.012351883181859714,0.020694558124426988,4.75,5.12e-10,5.12e-10,2.0700093361483707e-05,0.0031436444048100753
2.0,7.0,1.0,1.0,128.0,11.0,80.0,5.0,0.001953125,0.012345679012345678,4.941248919011993e-06,4.819995336034726e-06,0.0031048334370895603,2.0444342488792205e-05,0.0016559917415922222,0.02011575969021947,0.02011374230897892,-0.012351883181859714,-0.012372327524348506,-4.747838896129401,-4.75,4.441843418479791,4.5873361596785696e-05,4.61940887037745,0.0031048334370895603,-0.012372327524348506,0.02068245383711788,4.75,5.12e-10,5.12e-10,2.0444342488792205e-05,0.003104833800926521
2.0,7.0,1.0,1.0,256.0,14.0,73.0,1.0,0.0009765625,1.0,1.2316489257520183e-24,2.12467063046796e-25,6.474820679613913e-13,8.901768211444505e-13,8.901834167473186e-13,0.03683641770627485,0.0368364177061997,-0.2295705208966363,-0.22957052089752647,-4.430108063582206,-4.08882819959899,3.454978969059196,0.000173345700117632,3.8102710872306242,-6.474820679613913e-13,-0.22957052089752647,0.041696380534363926,4.75,1.024e-09,1.024e-09,8.901768211444505e-13,-7.229772336359019e-13
2.0,7.0,1.0,1.0,2048.0,77.0,73.0,1.0,0.0001220703125,1.0,5.645881442971308e-25,1.6532867965531443e-25,4.2099657093785936e-13,4.200945147303514e-13,4.200973956166472e-13,0.026604735997452056,0.026604735997495695,-0.10616726882237483,-0.10616726882195474,-4.624510016047582,-4.279354466082722,4.012416390617704,0.00012206973394041005,5.125712500106818,-4.2099657093785936e-13,-0.10616726882195474,0.029766219020821848,4.75,8.192e-09,8.192e-09,4.200945147303514e-13,-3.019806626980426e-14
2.0,7.0,1.0,1.0,2048.0,78.0,73.0,9.0,0.0001220703125,0.00015241579027587258,0.002471438775465152,0.0024684214789578605,0.07016703202432861,4.929150385234518e-06,0.03234015567752687,0.02181000041023146,0.021810495379545613,-0.012395901569003729,-0.012390972418618494,-4.715600587788633,-4.570022388899205,4.279354466082722,4.59476713652579e-05,4.891080556865554,-0.07016703202432861,-0.012390972418618494,0.030862972198102297,4.75,8.192e-09,8.192e-09,4.929150385234518e-06,-0.07383180647149246
2.0,7.0,1.0,1.0,2048.0,78.0,74.0,9.0,0.0001220703125,0.00015241579027587258,0.0024684214789578605,0.0024654072751351787,0.07012409050538171,4.926351761852868e-06,0.0323217939095147,0.021810495379545613,0.02181099007286577,-0.012390972418618494,-0.012386046066856641,-4.71559118861555,-4.570054636022948,4.279354466082722,4.593935736403402e-05,4.891012448567528,-0.07012409050538171,-0.012386046066856641,0.03086594035805355,4.75,8.192e-09,8.192e-09,4.926351761852868e-06,-0.07378830638344791
2.0,7.0,1.0,1.0,2048.0,78.0,75.0,16.0,0.0001220703125,6.969171937625634e-08,0.0024654072751351787,0.002465405897182018,0.0701240708685118,2.251282181509051e-09,0.032303438645676204,0.02181099007286577,0.02181099029893684,-0.012386046066856641,-0.01238604381557446,-4.7155911843202,-4.5700546507721835,4.279354466082722,4.5931046282013295e-05,4.890944364183614,-0.0701240708685118,-0.01238604381557446,0.030865941714479966,4.75,8.192e-09,8.192e-09,2.251282181509051e-09,-0.07378828649121338
2.0,7.0,1.0,1.0,2048.0,78.0,76.0,17.0,0.0001220703125,2.323057312541878e-08,0.002465405897182018,0.006037070365562389,0.10982128324602769,2.2512815951725162e-09,0.032303430251446524,0.02181099029893684,0.02181099052500785,-0.01238604381557446,-0.012386041564292865,-4.715591180024851,-4.75,4.279354466082722,4.593104248353921e-05,4.890944333066514,0.10982128324602769,-0.012386041564292865,0.030865943070906034,4.75,8.192e-09,8.192e-09,2.2512815951725162e-09,0.10615706787869161
2.0,7.0,1.0,1.0,2048.0,78.0,77.0,4.0,0.0001220703125,0.037037037037037035,0.006037070365562389,0.003656833745624691,0.08544715999298536,0.0017822385345687333,0.04812044043335582,0.02181099052500785,0.02163935129090481,-0.012386041564292865,-0.014168280098861598,-4.718852325472809,-4.558820419421268,4.279354466082722,4.593103868506571e-05,4.890944301949419,-0.08544715999298536,-0.014168280098861598,0.029836107662895378,4.75,8.192e-09,8.192e-09,0.0017822385345687333,-0.08897566354273767
2.0,7.0,1.0,1.0,2048.0,78.0,78.0,4.0,0.0001220703125,0.037037037037037035,0.003656833745624691,0.002694188036123917,0.07332687706469354,0.0014335421820890829,0.038705638916405265,0.02163935129090481,0.02178261323184268,-0.014168280098861598,-0.012734737916772515,-4.716130348594989,-4.567789444281031,4.279354466082722,4.8828217030095766e-05,4.914677986951905,-0.07332687706469354,-0.012734737916772515,0.030695679316857478,4.75,8.192e-09,8.192e-09,0.0014335421820890829,-0.07672469541239835
2.0,7.0,1.0,1.0,2048.0,78.0,79.0,6.0,0.0001220703125,0.004115226337448559,0.002694188036123917,0.0026071909329123512,0.07213134907969021,0.00013824314256423963,0.03359308364311018,0.02178261323184268,0.021796458594353176,-0.012734737916772515,-0.012596494774208275,-4.715867286707289,-4.568683345920984,4.279354466082722,4.651492705443111e-05,4.895727515471261,-0.07213134907969021,-0.012596494774208275,0.03077875149273589,4.75,8.192e-09,8.192e-09,0.00013824314256423963,-0.07551518464691664
2.0,7.0,1.0,1.0,2048.0,78.0,80.0,6.0,0.0001220703125,0.004115226337448559,0.0026071909329123512,0.002522555252367289,0.0709489549361173,0.00013614850903896462,0.0330840876964685,0.021796458594353176,0.021810097523013376,-0.012596494774208275,-0.01246034626516931,-4.7156081470627464,-4.56956903042122,4.279354466082722,4.6284495822247144e-05,4.89383982281721,-0.0709489549361173,-0.01246034626516931,0.03086058506550157,4.75,8.192e-09,8.192e-09,0.00013614850903896462,-0.07431886526500797
2.0,7.0,1.0,1.0,4096.0,149.0,73.0,3.0,6.103515625e-05,0.1111111111111111,0.001579147722112704,0.0006356450925878689,0.0356298251316165,0.0023563671093530126,0.02120730398417712,0.021317569595321637,0.021552289283412355,-0.015268408236091359,-0.012912041126738346,-4.720506503615165,-4.566650806851842,4.3037553151448895,5.0518154611405235e-05,5.354567102725708,-0.0356298251316165,-0.012912041126738346,0.029313735705392863,4.75,1.6384e-08,1.6384e-08,0.0023563671093530126,-0.03697360574538067
2.0,7.0,1.0,1.0,4096.0,149.0,74.0,4.0,6.103515625e-05,0.037037037037037035,0.0006356450925878689,0.00048121098805859315,0.03099592734111578,0.0005128584450302068,0.013847178015815595,0.021552289283412355,0.02160366172719733,-0.012912041126738346,-0.01239918268170814,-4.71953042718325,-4.569968661555904,4.3037553151448895,4.6808479093268566e-05,5.293787779036557,-0.03099592734111578,-0.01239918268170814,0.029621970369813202,4.75,1.6384e-08,1.6384e-08,0.0005128584450302068,-0.0322899383436166
2.0,7.0,1.0,1.0,4096.0,149.0,75.0,8.0,6.103515625e-05,0.0004572473708276177,0.00048121098805859315,0.0004796464468161142,0.030945435207614835,5.55047810681282e-06,0.01213889561959872,0.02160366172719733,0.021604218861353157,-0.01239918268170814,-0.012393632203601327,-4.71951984163429,-4.570004981307972,4.3037553151448895,4.5953204621365315e-05,5.2797749620888945,-0.030945435207614835,-0.012393632203601327,0.029625313174765654,4.75,1.6384e-08,1.6384e-08,5.55047810681282e-06,-0.03223885452743325
2.0,7.0,1.0,1.0,4096.0,149.0,76.0,8.0,6.103515625e-05,0.0004572473708276177,0.0004796464468161142,0.00047808662241815165,0.0308950132049004,5.541917232648741e-06,0.012120172987801702,0.021604218861353157,0.021604775150112443,-0.012393632203601327,-0.012388090286368678,-4.719509272147864,-4.57004125401721,4.3037553151448895,4.594384384899072e-05,5.2796215951943095,-0.0308950132049004,-0.012388090286368678,0.029628650907338832,4.75,1.6384e-08,1.6384e-08,5.541917232648741e-06,-0.032187841112579996
2.0,7.0,1.0,1.0,4096.0,149.0,77.0,9.0,6.103515625e-05,0.00015241579027587258,0.00047808662241815165,0.00047756799464852633,0.030878230111994753,1.8444557399518308e-06,0.012101474109822312,0.021604775150112443,0.021604960298255965,-0.012388090286368678,-0.012386245830628726,-4.719505754333136,-4.570053328268176,4.3037553151448895,4.5934495234503896e-05,5.279468427494557,-0.030878230111994753,-0.012386245830628726,0.02962976179620577,4.75,1.6384e-08,1.6384e-08,1.8444557399518308e-06,-0.03217086097243449
2.0,7.0,1.0,1.0,4096.0,149.0,78.0,12.0,6.103515625e-05,5.645029269476763e-06,0.00047756799464852633,0.00047754880123482144,0.030877608827212022,6.82780381573711e-08,0.012095249625482397,0.021604960298255965,0.02160496715212471,-0.012386245830628726,-0.012386177552590569,-4.7195056241096305,-4.570053775245392,4.3037553151448895,4.5931383331783726e-05,5.27941744208039,-0.030877608827212022,-0.012386177552590569,0.029629802919418472,4.75,1.6384e-08,1.6384e-08,6.82780381573711e-08,-0.03217023239071892
2.0,7.0,1.0,1.0,4096.0,149.0,79.0,12.0,6.103515625e-05,5.645029269476763e-06,0.00047754880123482144,0.0004775296082642885,0.03087698754427759,6.827673739578932e-08,0.012095019199480549,0.02160496715212471,0.021604974005865005,-0.012386177552590569,-0.012386109275853173,-4.7195054938885646,-4.570054222223159,4.3037553151448895,4.593126813056243e-05,5.27941555462358,-0.03087698754427759,-0.012386109275853173,0.02962984404186045,4.75,1.6384e-08,1.6384e-08,6.827673739578932e-08,-0.03216960381089251
2.0,7.0,1.0,1.0,4096.0,149.0,80.0,13.0,6.103515625e-05,1.881676423158921e-06,0.0004775296082642885,0.00047752321109682187,0.030876780463036546,2.2758478879225663e-08,0.012094788773722075,0.021604974005865005,0.021604976290402287,-0.012386109275853173,-0.012386086517374294,-4.719505450482356,-4.570054371204691,4.3037553151448895,4.5931152931189743e-05,5.279413667197058,-0.030876780463036546,-0.012386086517374294,0.029629857749084203,4.75,1.6384e-08,1.6384e-08,2.2758478879225663e-08,-0.03216939429736687
2.0,7.0,1.0,2.0,4.0,4.0,73.0,3.0,0.0625,0.1111111111111111,9.360401631211711e-05,2.2902836786825624e-05,0.006767988886933196,0.0008404679996082375,0.007564211996474138,0.028930167836349004,0.029010148326545467,-0.013261239652483109,-0.012420771652874871,-4.578807181795637,-4.5698274789417255,3.6786874660243893,4.7380272038316126e-05,4.215101817364808,-0.006767988886933196,-0.012420771652874871,0.07406088996497329,4.75,1.6e-11,1.6e-11,0.0008404679996082375,-0.006767989010715958
2.0,7.0,1.0,2.0,4.0,4.0,74.0,6.0,0.0625,0.004115226337448559,2.2902836786825624e-05,2.204118567240407e-05,0.00663945565124191,1.539785270544998e-05,0.0037416782074242197,0.029010148326545467,0.029011613614713928,-0.012420771652874871,-0.012405373800169421,-4.578779341320436,-4.569928160374495,3.6786874660243893,4.5989592297139364e-05,4.215079566488948,-0.00663945565124191,-0.012405373800169421,0.07406968169401457,4.75,1.6e-11,1.6e-11,1.539785270544998e-05,-0.006639455775687253
2.0,7.0,1.0,2.0,4.0,4.0,75.0,6.0,0.0625,0.004115226337448559,2.204118567240407e-05,2.121151310822183e-05,0.006513296109992517,1.5105430188930985e-05,0.0036706195359100437,0.029011613614713928,0.029013051075414707,-0.012405373800169421,-0.01239026836998049,-4.578752029567121,-4.570026997056058,3.6786874660243893,4.596364312706423e-05,4.215079151302228,-0.006513296109992517,-0.01239026836998049,0.07407830645824862,4.75,1.6e-11,1.6e-11,1.5105430188930985e-05,-0.00651329623507646
2.0,7.0,1.0,2.0,4.0,4.0,76.0,8.0,0.0625,0.0004572473708276177,2.121151310822183e-05,2.1122014732181707e-05,0.006499540711801366,1.6464897634287101e-06,0.003600873112618028,0.029013051075414707,0.029013207758428704,-0.01239026836998049,-0.012388621880217061,-4.578749052589854,-4.5700377742667655,3.6786874660243893,4.593816969761733e-05,4.215078743727356,-0.006499540711801366,-0.012388621880217061,0.07407924655633574,4.75,1.6e-11,1.6e-11,1.6464897634287101e-06,-0.0064995408369519225
2.0,7.0,1.0,2.0,4.0,4.0,77.0,8.0,0.0625,0.0004572473708276177,2.1122014732181707e-05,2.1032888780509104e-05,0.0064858135619996204,1.6430125901606418e-06,0.003593268534682301,0.029013207758428704,0.02901336411054846,-0.012388621880217061,-0.0123869788676269,-4.578746081899579,-4.570048529518701,3.6786874660243893,4.5935392074606925e-05,4.215078699285388,-0.0064858135619996204,-0.0123869788676269,0.0740801846690574,4.75,1.6e-11,1.6e-11,1.6430125901606418e-06,-0.006485813687218567
2.0,7.0,1.0,2.0,4.0,4.0,78.0,9.0,0.0625,0.00015241579027587258,2.1032888780509104e-05,2.1003283512656845e-05,0.0064812473356070655,5.46514185842048e-07,0.003585679573304537,0.02901336411054846,0.029013416117850136,-0.0123869788676269,-0.012386432353441059,-4.578745093760848,-4.570052107204698,3.6786874660243893,4.593262011700727e-05,4.215078654934066,-0.0064812473356070655,-0.012386432353441059,0.0740804967128685,4.75,1.6e-11,1.6e-11,5.46514185842048e-07,-0.006481247460848216
2.0,7.0,1.0,2.0,4.0,4.0,79.0,10.0,0.0625,5.0805263425290864e-05,2.1003283512656845e-05,2.0993426605572357e-05,0.006479726322241142,1.8204314210408523e-07,0.003583155166026588,0.029013416117850136,0.02901343344141255,-0.012386432353441059,-0.012386250310298955,-4.578744764613162,-4.570053298936587,3.6786874660243893,4.593169803817981e-05,4.215078640180805,-0.006479726322241142,-0.012386250310298955,0.07408060065424334,4.75,1.6e-11,1.6e-11,1.8204314210408523e-07,-0.006479726447490286
2.0,7.0,1.0,2.0,4.0,4.0,80.0,10.0,0.0625,5.0805263425290864e-05,2.0993426605572357e-05,2.0983574215572246e-05,0.006478205649031565,1.8200042087648804e-07,0.003582314284098959,0.02901343344141255,0.029013450760909536,-0.012386250310298955,-0.012386068309878078,-4.578744435542719,-4.570054490405594,3.6786874660243893,4.593139089003627e-05,4.215078635266435,-0.006478205649031565,-0.012386068309878078,0.07408070457122559,4.75,1.6e-11,1.6e-11,1.8200042087648804e-07,-0.006478205774287815
2.0,7.0,1.0,2.0,8.0,5.0,73.0,2.0,0.03125,0.3333333333333333,0.003507924760009652,0.0015589970042620641,0.05583900078371862,0.014997128381590796,0.04499138514477239,0.02439407257888351,0.022924587338114713,0.013419181495480801,-0.0015779468861099946,-4.69443284057582,-4.75,4.285353231748524,3.125e-09,4.517676715874262,0.05583900078371862,-0.0015779468861099946,0.03754752401590642,4.75,3.2e-11,3.2e-11,0.014997128381590796,0.055839001061268156
2.0,7.0,1.0,2.0,8.0,5.0,74.0,2.0,0.03125,0.3333333333333333,0.0015589970042620641,0.0006928604623768138,0.03722527266191111,0.009992908412435275,0.029978725237305826,0.022924587338114713,0.021945437783298997,-0.0015779468861099946,-0.01157085529854527,-4.713036682117319,-4.75,4.285353231748524,2.8639150134734948e-05,4.518593068678573,0.03722527266191111,-0.01157085529854527,0.031672626655198786,4.75,3.2e-11,3.2e-11,0.009992908412435275,0.03722527363026362
2.0,7.0,1.0,2.0,8.0,5.0,75.0,4.0,0.03125,0.037037037037037035,0.0006928604623768138,0.0006424873473242969,0.03584654369180651,0.0007399989474324957,0.019979971580677384,0.021945437783298997,0.02187292939858913,-0.01157085529854527,-0.012310854245977765,-4.7144143414268065,-4.75,4.285353231748524,4.453007447636491e-05,4.519101578257505,0.03584654369180651,-0.012310854245977765,0.031237576345919903,4.75,3.2e-11,3.2e-11,0.0007399989474324957,0.03584654468230042
2.0,7.0,1.0,2.0,8.0,5.0,76.0,7.0,0.03125,0.0013717421124828531,0.0006424873473242969,0.0006407259017003934,0.035797371459379335,2.6391692117292906e-05,0.01923954355350625,0.02187292939858913,0.02187034342333421,-0.012310854245977765,-0.012337245938095058,-4.71446347495665,-4.75,4.285353231748524,4.5803968406778774e-05,4.519142342863279,0.035797371459379335,-0.012337245938095058,0.031222060494357672,4.75,3.2e-11,3.2e-11,2.6391692117292906e-05,0.0357973724505829
2.0,7.0,1.0,2.0,8.0,5.0,77.0,7.0,0.03125,0.0013717421124828531,0.0006407259017003934,0.0006389692852638022,0.03574826667864617,2.6355469296994102e-05,0.0192131371175086,0.02187034342333421,0.021867760997352086,-0.012337245938095058,-0.012363601407392052,-4.71451254105031,-4.75,4.285353231748524,4.5848619722406203e-05,4.519143771705378,0.03574826667864617,-0.012363601407392052,0.03120656593843242,4.75,3.2e-11,3.2e-11,2.6355469296994102e-05,0.03574826767055672
2.0,7.0,1.0,2.0,8.0,5.0,78.0,8.0,0.03125,0.0004572473708276177,0.0006389692852638022,0.0006383850847307347,0.035731920875618606,8.773098748015087e-06,0.019186766961908946,0.021867760997352086,0.021866901370156837,-0.012363601407392052,-0.012372374506140068,-4.71452887396702,-4.75,4.285353231748524,4.589315783148881e-05,4.519145196924869,0.035731920875618606,-0.012372374506140068,0.031201408175250144,4.75,3.2e-11,3.2e-11,8.773098748015087e-06,0.03573192186776364
2.0,7.0,1.0,2.0,8.0,5.0,79.0,8.0,0.03125,0.0004572473708276177,0.0006383850847307347,0.0006378014183237839,0.03571558254666396,8.769085040103916e-06,0.01917798898270774,0.021866901370156837,0.021866042136242516,-0.012372374506140068,-0.012381143591180171,-4.714545199411392,-4.75,4.285353231748524,4.590797201049916e-05,4.519145670978598,0.03571558254666396,-0.012381143591180171,0.031196252771753447,4.75,3.2e-11,3.2e-11,8.769085040103916e-06,0.035715583539042584
2.0,7.0,1.0,2.0,8.0,5.0,80.0,9.0,0.03125,0.00015241579027587258,0.0006378014183237839,0.0006376070111176404,0.035710138927695034,2.9216910567841925e-06,0.01916921502356097,0.021866042136242516,0.021865755855971346,-0.012381143591180171,-0.012384065282236956,-4.714550638736545,-4.75,4.285353231748524,4.59227736917792e-05,4.519146144632399,0.035710138927695034,-0.012384065282236956,0.03119453509012285,4.75,3.2e-11,3.2e-11,2.9216910567841925e-06,0.03571013992015093
2.0,7.0,1.0,2.0,32.0,7.0,73.0,12.0,0.0078125,5.645029269476763e-06,2.4032367835907126e-06,2.403209650959621e-06,0.002192354739069202,6.5801420891936635e-09,0.001165652430749595,0.02010310702663899,0.02010310637730784,-0.012386027618345447,-0.012386034198487536,-4.748040978831151,-4.75,4.442680547844744,4.593101515476611e-05,4.602219443862182,0.002192354739069202,-0.012386034198487536,0.02061863825026065,4.75,1.28e-10,1.28e-10,6.5801420891936635e-09,0.0021923550340883224
2.0,7.0,1.0,2.0,32.0,7.0,74.0,12.0,0.0078125,5.645029269476763e-06,2.403209650959621e-06,2.403182518666678e-06,0.002192342363166233,6.5801049400904255e-09,0.0011656458497212325,0.02010310637730784,0.020103105727980353,-0.012386034198487536,-0.012386040778592476,-4.748040991168373,-4.75,4.442680547844744,4.593102625711256e-05,4.602219445283283,0.002192342363166233,-0.012386040778592476,0.02061863435429578,4.75,1.28e-10,1.28e-10,6.5801049400904255e-09,0.002192342658184465
2.0,7.0,1.0,2.0,32.0,7.0,75.0,14.0,0.0078125,6.27225474386307e-07,2.403182518666678e-06,2.4031795040067736e-06,0.002192340988079522,7.311186430575267e-10,0.0011656392687377011,0.020103105727980353,0.020103105655833262,-0.012386040778592476,-0.01238604150971112,-4.748040992539168,-4.75,4.442680547844744,4.5931037359393124e-05,4.602219446704375,0.002192340988079522,-0.01238604150971112,0.020618633921413238,4.75,1.28e-10,1.28e-10,7.311186430575267e-10,0.002192341283097754
2.0,7.0,1.0,2.0,32.0,7.0,76.0,14.0,0.0078125,6.27225474386307e-07,2.4031795040067736e-06,2.4031764893214993e-06,0.0021923396129803763,7.311181850905291e-10,0.0011656385375247214,0.020103105655833262,0.020103105583686217,-0.01238604150971112,-0.012386042240829304,-4.748040993909962,-4.75,4.442680547844744,4.593103859297269e-05,4.602219446862273,0.0021923396129803763,-0.012386042240829304,0.02061863348853097,4.75,1.28e-10,1.28e-10,7.311181850905291e-10,0.00219233990799772
2.0,7.0,1.0,2.0,32.0,7.0,77.0,16.0,0.0078125,6.969171937625634e-08,2.4031764893214993e-06,2.4031761543466332e-06,0.0021923394601870427,8.123530320647276e-11,0.0011656378063047115,0.020103105583686217,0.020103105575669883,-0.012386042240829304,-0.012386042322064608,-4.748040994062272,-4.75,4.442680547844744,4.5931039826551444e-05,4.602219447020171,0.0021923394601870427,-0.012386042322064608,0.02061863344043297,4.75,1.28e-10,1.28e-10,8.123530320647276e-11,0.0021923397552043866
2.0,7.0,1.0,2.0,32.0,7.0,78.0,17.0,0.0078125,2.323057312541878e-08,2.4031761543466332e-06,0.015798064625996304,0.17775300068351196,8.123529800230234e-11,0.0011656377250556613,0.020103105575669883,0.02010310556765355,-0.012386042322064608,-0.012386042403299906,-4.748040994214582,-4.57005466000908,4.442680547844744,4.593103996361566e-05,4.602219447037715,-0.17775300068351196,-0.012386042403299906,0.02061863339233497,4.75,1.28e-10,1.28e-10,8.123529800230234e-11,-0.17775300038849462
2.0,7.0,1.0,2.0,32.0,7.0,79.0,2.0,0.0078125,0.3333333333333333,0.015798064625996304,0.0018793462309265288,0.061308176141955606,0.03150296640104254,0.09450889920312763,0.02010310556765355,0.0232118311596981,-0.012386042403299906,0.019116923997742633,-4.688975207965736,-4.75,4.442680547844744,4.5931040100679875e-05,4.602219447055259,0.061308176141955606,0.019116923997742633,0.039270987063663054,4.75,1.28e-10,1.28e-10,0.03150296640104254,0.061308173851653436
2.0,7.0,1.0,2.0,32.0,7.0,80.0,2.0,0.0078125,0.3333333333333333,0.0018793462309265288,0.0008352650360720735,0.04087211851793526,0.010899649996814443,0.03269894999044333,0.0232118311596981,0.02213624926495491,0.019116923997742633,0.00821727400092819,-4.7094112639658565,-4.75,4.442680547844744,7.8125e-10,4.596340373922373,0.04087211851793526,0.00821727400092819,0.03281749562041904,4.75,1.28e-10,1.28e-10,0.010899649996814443,0.04087211785153322
2.0,7.0,1.0,2.0,64.0,7.0,73.0,1.0,0.00390625,1.0,1.4021906203372216e-07,1.2073631734432531e-07,0.0004913986514925028,0.00032493804850652896,0.00032493804850651633,0.044360922469758576,0.04433370839978085,-0.16757233431992444,-0.16789727236843097,-4.287659540404164,-4.173714125785045,3.3248528753429256,0.00015022947899761839,3.613658890409411,-0.0004913986514925028,-0.16789727236843097,0.06907779219133302,4.75,2.56e-10,2.56e-10,0.00032493804850652896,-0.0004913986278740623
2.0,7.0,1.0,2.0,64.0,7.0,74.0,1.0,0.00390625,1.0,1.2073631734432531e-07,1.0394343294166052e-07,0.0004559461216890881,0.0003015136441349153,0.0003015136441349217,0.04433370839978085,0.04435896063924141,-0.16789727236843097,-0.16759575872429605,-4.287179747854413,-4.174170076647109,3.3248528753429256,0.00015036187563420396,3.6136927839483772,0.0004559461216890881,-0.16759575872429605,0.06915622595020286,4.75,2.56e-10,2.56e-10,0.0003015136441349153,0.0004559460997741738
2.0,7.0,1.0,2.0,64.0,7.0,75.0,1.0,0.00390625,1.0,1.0394343294166052e-07,8.949993912483788e-08,0.0004230837721417302,0.00027976598854584367,0.0002797659885458474,0.04435896063924141,0.044335529799963976,-0.16759575872429605,-0.1678755247128419,-4.287624933800684,-4.173746996957629,3.3248528753429256,0.00015023902800339947,3.6136613349548914,-0.0004230837721417302,-0.1678755247128419,0.06908344948216431,4.75,2.56e-10,2.56e-10,0.00027976598854584367,-0.0004230837518068853
2.0,7.0,1.0,2.0,64.0,7.0,76.0,1.0,0.00390625,1.0,8.949993912483788e-08,7.705248680171341e-08,0.0003925620633777882,0.0002595971865084479,0.0002595971865084509,0.044335529799963976,0.04435727147051359,-0.1678755247128419,-0.16761592752633345,-4.287211842060242,-4.174139562535063,3.3248528753429256,0.00015035301888170307,3.613690516619737,0.0003925620633777882,-0.16761592752633345,0.06915097937185902,4.75,2.56e-10,2.56e-10,0.0002595971865084479,0.0003925620445084377
2.0,7.0,1.0,2.0,64.0,7.0,77.0,1.0,0.00390625,1.0,7.705248680171341e-08,6.634495089135947e-08,0.00036426625122665257,0.00024087357403401732,0.00024087357403402838,0.04435727147051359,0.044337097931804716,-0.16761592752633345,-0.16785680110036746,-4.287595139295711,-4.173775299310164,3.3248528753429256,0.00015024724927234924,3.6136634395997422,-0.00036426625122665257,-0.16785680110036746,0.06908832011848398,4.75,2.56e-10,2.56e-10,0.00024087357403401732,-0.0003642662337179914
2.0,7.0,1.0,2.0,64.0,7.0,78.0,1.0,0.00390625,1.0,6.634495089135947e-08,5.711838492105387e-08,0.00033798930433093233,0.00022350799878037564,0.00022350799878036705,0.044337097931804716,0.04435581707641504,-0.16785680110036746,-0.1676332931015871,-4.287239475548114,-4.174113291219486,3.3248528753429256,0.00015034539317151886,3.61368856443793,0.00033798930433093233,-0.1676332931015871,0.06914646200633158,4.75,2.56e-10,2.56e-10,0.00022350799878037564,0.0003379892880843727
2.0,7.0,1.0,2.0,64.0,7.0,79.0,1.0,0.00390625,1.0,5.711838492105387e-08,4.9180540369625115e-08,0.00031362570165605064,0.00020738784716226033,0.0002073878471622568,0.04435581707641504,0.04433844801972518,-0.1676332931015871,-0.16784068094874935,-4.2875694876252215,-4.1737996677611875,3.3248528753429256,0.00015025432744856482,3.613665251612854,-0.00031362570165605064,-0.16784068094874935,0.06909251350777021,4.75,2.56e-10,2.56e-10,0.00020738784716226033,-0.0003136256865818865
2.0,7.0,1.0,2.0,64.0,7.0,80.0,1.0,0.00390625,1.0,4.9180540369625115e-08,4.23413684625568e-08,0.00029100298439210803,0.00019243595859205764,0.00019243595859204805,0.04433844801972518,0.044354564832352776,-0.16784068094874935,-0.1676482449901573,-4.287263268185297,-4.174090672676666,3.3248528753429256,0.00015033882742077583,3.6136868836057396,0.00029100298439210803,-0.1676482449901573,0.06914257252124338,4.75,2.56e-10,2.56e-10,0.00019243595859205764,0.0002910029704050743
2.0,7.0,1.0,2.0,128.0,11.0,73.0,2.0,0.001953125,0.3333333333333333,0.0003736063081838371,0.00016486958335669286,0.018158721505474595,0.0048599566716541216,0.014579870014962366,0.02137850477672767,0.02089894008140428,0.00044490186854257915,-0.004415054803111542,-4.732920138453318,-4.75,4.441843418479791,1.953125e-10,4.595921809239896,0.018158721505474595,-0.004415054803111542,0.025393640465580163,4.75,5.12e-10,5.12e-10,0.0048599566716541216,0.018158722001549776
2.0,7.0,1.0,2.0,128.0,11.0,74.0,2.0,0.001953125,0.3333333333333333,0.00016486958335669286,7.32753703806521e-05,0.012105814336974774,0.0032034075621785747,0.009610222686535724,0.02089894008140428,0.020582838253432222,-0.004415054803111542,-0.007618462365290117,-4.738926073184788,-4.75,4.441843418479791,2.8639150134734948e-05,4.61058495410888,0.012105814336974774,-0.007618462365290117,0.02349702949371719,4.75,5.12e-10,5.12e-10,0.0032034075621785747,0.012105814920571056
2.0,7.0,1.0,2.0,128.0,11.0,75.0,2.0,0.001953125,0.3333333333333333,7.32753703806521e-05,3.256683128038544e-05,0.008070542891328358,0.0021356050640115344,0.006406815192034605,0.020582838253432222,0.020372103697031924,-0.007618462365290117,-0.009754067429301651,-4.742930029756393,-4.75,4.441843418479791,2.8639150134734948e-05,4.61058495410888,0.008070542891328358,-0.009754067429301651,0.02223262215651015,4.75,5.12e-10,5.12e-10,0.0021356050640115344,0.008070543448980949
2.0,7.0,1.0,2.0,128.0,11.0,76.0,2.0,0.001953125,0.3333333333333333,3.256683128038544e-05,1.4428356116490863e-05,0.005371844397688896,0.0014237367243835966,0.004271210173150787,0.020372103697031924,0.020231613989818768,-0.009754067429301651,-0.011177804153685248,-4.745599334193443,-4.75,4.441843418479791,2.8639150134734948e-05,4.61058495410888,0.005371844397688896,-0.011177804153685248,0.021389683916615748,4.75,5.12e-10,5.12e-10,0.0014237367243835966,0.005371844881850052
2.0,7.0,1.0,2.0,128.0,11.0,77.0,2.0,0.001953125,0.3333333333333333,1.4428356116490863e-05,6.411167388304187e-06,0.0035808287834813157,0.0009437690934285588,0.0028313072802856765,0.020231613989818768,0.020138485925651088,-0.011177804153685248,-0.012121573247113807,-4.747368767412629,-4.75,4.441843418479791,4.383534437336504e-05,4.618365405559059,0.0035808287834813157,-0.012121573247113807,0.020830915535610978,4.75,5.12e-10,5.12e-10,0.0009437690934285588,0.0035808291807573056
2.0,7.0,1.0,2.0,128.0,11.0,78.0,3.0,0.001953125,0.1111111111111111,6.411167388304187e-06,5.065552809827692e-06,0.0031829397763161182,0.00020960984138442343,0.0018864885724598067,0.020138485925651088,0.02011780230812401,-0.012121573247113807,-0.01233118308849823,-4.747761756145644,-4.75,4.441843418479791,4.5482189256261686e-05,4.619208590139102,0.0031829397763161182,-0.01233118308849823,0.020706813831719312,4.75,5.12e-10,5.12e-10,0.00020960984138442343,0.0031829401459955164
2.0,7.0,1.0,2.0,128.0,11.0,79.0,5.0,0.001953125,0.012345679012345678,5.065552809827692e-06,4.941248919011993e-06,0.0031436440380590014,2.0700093361483707e-05,0.0016767075622801109,0.02011780230812401,0.02011575969021947,-0.01233118308849823,-0.012351883181859714,-4.74780056588583,-4.75,4.441843418479791,4.58383667778289e-05,4.619390953030145,0.0031436440380590014,-0.012351883181859714,0.020694558124426988,4.75,5.12e-10,5.12e-10,2.0700093361483707e-05,0.0031436444048100753
2.0,7.0,1.0,2.0,128.0,11.0,80.0,5.0,0.001953125,0.012345679012345678,4.941248919011993e-06,4.819995336034726e-06,0.0031048334370895603,2.0444342488792205e-05,0.0016559917415922222,0.02011575969021947,0.02011374230897892,-0.012351883181859714,-0.012372327524348506,-4.747838896129401,-4.75,4.441843418479791,4.5873361596785696e-05,4.61940887037745,0.0031048334370895603,-0.012372327524348506,0.02068245383711788,4.75,5.12e-10,5.12e-10,2.0444342488792205e-05,0.003104833800926521
2.0,7.0,1.0,2.0,256.0,14.0,73.0,1.0,0.0009765625,1.0,1.2316489257520183e-24,2.12467063046796e-25,6.474820679613913e-13,8.901768211444505e-13,8.901834167473186e-13,0.03683641770627485,0.0368364177061997,-0.2295705208966363,-0.22957052089752647,-4.430108063582206,-4.08882819959899,3.454978969059196,0.000173345700117632,3.8102710872306242,-6.474820679613913e-13,-0.22957052089752647,0.041696380534363926,4.75,1.024e-09,1.024e-09,8.901768211444505e-13,-7.229772336359019e-13
2.0,7.0,1.0,2.0,2048.0,77.0,73.0,1.0,0.0001220703125,1.0,5.645881442971308e-25,1.6532867965531443e-25,4.2099657093785936e-13,4.200945147303514e-13,4.200973956166472e-13,0.026604735997452056,0.026604735997495695,-0.10616726882237483,-0.10616726882195474,-4.624510016047582,-4.279354466082722,4.012416390617704,0.00012206973394041005,5.125712500106818,-4.2099657093785936e-13,-0.10616726882195474,0.029766219020821848,4.75,8.192e-09,8.192e-09,4.200945147303514e-13,-3.019806626980426e-14
2.0,7.0,1.0,2.0,2048.0,78.0,73.0,9.0,0.0001220703125,0.00015241579027587258,0.002471438775465152,0.0024684214789578605,0.07016703202432861,4.929150385234518e-06,0.03234015567752687,0.02181000041023146,0.021810495379545613,-0.012395901569003729,-0.012390972418618494,-4.715600587788633,-4.570022388899205,4.279354466082722,4.59476713652579e-05,4.891080556865554,-0.07016703202432861,-0.012390972418618494,0.030862972198102297,4.75,8.192e-09,8.192e-09,4.929150385234518e-06,-0.07383180647149246
2.0,7.0,1.0,2.0,2048.0,78.0,74.0,9.0,0.0001220703125,0.00015241579027587258,0.0024684214789578605,0.0024654072751351787,0.07012409050538171,4.926351761852868e-06,0.0323217939095147,0.021810495379545613,0.02181099007286577,-0.012390972418618494,-0.012386046066856641,-4.71559118861555,-4.570054636022948,4.279354466082722,4.593935736403402e-05,4.891012448567528,-0.07012409050538171,-0.012386046066856641,0.03086594035805355,4.75,8.192e-09,8.192e-09,4.926351761852868e-06,-0.07378830638344791
2.0,7.0,1.0,2.0,2048.0,78.0,75.0,16.0,0.0001220703125,6.969171937625634e-08,0.0024654072751351787,0.002465405897182018,0.0701240708685118,2.251282181509051e-09,0.032303438645676204,0.02181099007286577,0.02181099029893684,-0.012386046066856641,-0.01238604381557446,-4.7155911843202,-4.5700546507721835,4.279354466082722,4.5931046282013295e-05,4.890944364183614,-0.0701240708685118,-0.01238604381557446,0.030865941714479966,4.75,8.192e-09,8.192e-09,2.251282181509051e-09,-0.07378828649121338
2.0,7.0,1.0,2.0,2048.0,78.0,76.0,17.0,0.0001220703125,2.323057312541878e-08,0.002465405897182018,0.006037070365562389,0.10982128324602769,2.2512815951725162e-09,0.032303430251446524,0.02181099029893684,0.02181099052500785,-0.01238604381557446,-0.012386041564292865,-4.715591180024851,-4.75,4.279354466082722,4.593104248353921e-05,4.890944333066514,0.10982128324602769,-0.012386041564292865,0.030865943070906034,4.75,8.192e-09,8.192e-09,2.2512815951725162e-09,0.10615706787869161
2.0,7.0,1.0,2.0,2048.0,78.0,77.0,4.0,0.0001220703125,0.037037037037037035,0.006037070365562389,0.003656833745624691,0.08544715999298536,0.0017822385345687333,0.04812044043335582,0.02181099052500785,0.02163935129090481,-0.012386041564292865,-0.014168280098861598,-4.718852325472809,-4.558820419421268,4.279354466082722,4.593103868506571e-05,4.890944301949419,-0.08544715999298536,-0.014168280098861598,0.029836107662895378,4.75,8.192e-09,8.192e-09,0.0017822385345687333,-0.08897566354273767
2.0,7.0,1.0,2.0,2048.0,78.0,78.0,4.0,0.0001220703125,0.037037037037037035,0.003656833745624691,0.002694188036123917,0.07332687706469354,0.0014335421820890829,0.038705638916405265,0.02163935129090481,0.02178261323184268,-0.014168280098861598,-0.012734737916772515,-4.716130348594989,-4.567789444281031,4.279354466082722,4.8828217030095766e-05,4.914677986951905,-0.07332687706469354,-0.012734737916772515,0.030695679316857478,4.75,8.192e-09,8.192e-09,0.0014335421820890829,-0.07672469541239835
2.0,7.0,1.0,2.0,2048.0,78.0,79.0,6.0,0.0001220703125,0.004115226337448559,0.002694188036123917,0.0026071909329123512,0.07213134907969021,0.00013824314256423963,0.03359308364311018,0.02178261323184268,0.021796458594353176,-0.012734737916772515,-0.012596494774208275,-4.715867286707289,-4.568683345920984,4.279354466082722,4.651492705443111e-05,4.895727515471261,-0.07213134907969021,-0.012596494774208275,0.03077875149273589,4.75,8.192e-09,8.192e-09,0.00013824314256423963,-0.07551518464691664
2.0,7.0,1.0,2.0,2048.0,78.0,80.0,6.0,0.0001220703125,0.004115226337448559,0.0026071909329123512,0.002522555252367289,0.0709489549361173,0.00013614850903896462,0.0330840876964685,0.021796458594353176,0.021810097523013376,-0.012596494774208275,-0.01246034626516931,-4.7156081470627464,-4.56956903042122,4.279354466082722,4.6284495822247144e-05,4.89383982281721,-0.0709489549361173,-0.01246034626516931,0.03086058506550157,4.75,8.192e-09,8.192e-09,0.00013614850903896462,-0.07431886526500797
2.0,7.0,1.0,2.0,4096.0,149.0,73.0,3.0,6.103515625e-05,0.1111111111111111,0.001579147722112704,0.0006356450925878689,0.0356298251316165,0.0023563671093530126,0.02120730398417712,0.021317569595321637,0.021552289283412355,-0.015268408236091359,-0.012912041126738346,-4.720506503615165,-4.566650806851842,4.3037553151448895,5.0518154611405235e-05,5.354567102725708,-0.0356298251316165,-0.012912041126738346,0.029313735705392863,4.75,1.6384e-08,1.6384e-08,0.0023563671093530126,-0.03697360574538067
2.0,7.0,1.0,2.0,4096.0,149.0,74.0,4.0,6.103515625e-05,0.037037037037037035,0.0006356450925878689,0.00048121098805859315,0.03099592734111578,0.0005128584450302068,0.013847178015815595,0.021552289283412355,0.02160366172719733,-0.012912041126738346,-0.01239918268170814,-4.71953042718325,-4.569968661555904,4.3037553151448895,4.6808479093268566e-05,5.293787779036557,-0.03099592734111578,-0.01239918268170814,0.029621970369813202,4.75,1.6384e-08,1.6384e-08,0.0005128584450302068,-0.0322899383436166
2.0,7.0,1.0,2.0,4096.0,149.0,75.0,8.0,6.103515625e-05,0.0004572473708276177,0.00048121098805859315,0.0004796464468161142,0.030945435207614835,5.55047810681282e-06,0.01213889561959872,0.02160366172719733,0.021604218861353157,-0.01239918268170814,-0.012393632203601327,-4.71951984163429,-4.570004981307972,4.3037553151448895,4.5953204621365315e-05,5.2797749620888945,-0.030945435207614835,-0.012393632203601327,0.029625313174765654,4.75,1.6384e-08,1.6384e-08,5.55047810681282e-06,-0.03223885452743325
2.0,7.0,1.0,2.0,4096.0,149.0,76.0,8.0,6.103515625e-05,0.0004572473708276177,0.0004796464468161142,0.00047808662241815165,0.0308950132049004,5.541917232648741e-06,0.012120172987801702,0.021604218861353157,0.021604775150112443,-0.012393632203601327,-0.012388090286368678,-4.719509272147864,-4.57004125401721,4.3037553151448895,4.594384384899072e-05,5.2796215951943095,-0.0308950132049004,-0.012388090286368678,0.029628650907338832,4.75,1.6384e-08,1.6384e-08,5.541917232648741e-06,-0.032187841112579996
2.0,7.0,1.0,2.0,4096.0,149.0,77.0,9.0,6.103515625e-05,0.00015241579027587258,0.00047808662241815165,0.00047756799464852633,0.030878230111994753,1.8444557399518308e-06,0.012101474109822312,0.021604775150112443,0.021604960298255965,-0.012388090286368678,-0.012386245830628726,-4.719505754333136,-4.570053328268176,4.3037553151448895,4.5934495234503896e-05,5.279468427494557,-0.030878230111994753,-0.012386245830628726,0.02962976179620577,4.75,1.6384e-08,1.6384e-08,1.8444557399518308e-06,-0.03217086097243449
2.0,7.0,1.0,2.0,4096.0,149.0,78.0,12.0,6.103515625e-05,5.645029269476763e-06,0.00047756799464852633,0.00047754880123482144,0.030877608827212022,6.82780381573711e-08,0.012095249625482397,0.021604960298255965,0.02160496715212471,-0.012386245830628726,-0.012386177552590569,-4.7195056241096305,-4.570053775245392,4.3037553151448895,4.5931383331783726e-05,5.27941744208039,-0.030877608827212022,-0.012386177552590569,0.029629802919418472,4.75,1.6384e-08,1.6384e-08,6.82780381573711e-08,-0.03217023239071892
2.0,7.0,1.0,2.0,4096.0,149.0,79.0,12.0,6.103515625e-05,5.645029269476763e-06,0.00047754880123482144,0.0004775296082642885,0.03087698754427759,6.827673739578932e-08,0.012095019199480549,0.02160496715212471,0.021604974005865005,-0.012386177552590569,-0.012386109275853173,-4.7195054938885646,-4.570054222223159,4.3037553151448895,4.593126813056243e-05,5.27941555462358,-0.03087698754427759,-0.012386109275853173,0.02962984404186045,4.75,1.6384e-08,1.6384e-08,6.827673739578932e-08,-0.03216960381089251
2.0,7.0,1.0,2.0,4096.0,149.0,80.0,13.0,6.103515625e-05,1.881676423158921e-06,0.0004775296082642885,0.00047752321109682187,0.030876780463036546,2.2758478879225663e-08,0.012094788773722075,0.021604974005865005,0.021604976290402287,-0.012386109275853173,-0.012386086517374294,-4.719505450482356,-4.570054371204691,4.3037553151448895,4.5931152931189743e-05,5.279413667197058,-0.030876780463036546,-0.012386086517374294,0.029629857749084203,4.75,1.6384e-08,1.6384e-08,2.2758478879225663e-08,-0.03216939429736687
2.0,7.0,1.0,3.0,4.0,4.0,73.0,3.0,0.0625,0.1111111111111111,9.360401631211711e-05,2.2902836786825624e-05,0.006767988886933196,0.0008404679996082375,0.007564211996474138,0.028930167836349004,0.029010148326545467,-0.013261239652483109,-0.012420771652874871,-4.578807181795637,-4.5698274789417255,3.6786874660243893,4.7380272038316126e-05,4.215101817364808,-0.006767988886933196,-0.012420771652874871,0.07406088996497329,4.75,1.6e-11,1.6e-11,0.0008404679996082375,-0.006767989010715958
2.0,7.0,1.0,3.0,4.0,4.0,74.0,6.0,0.0625,0.004115226337448559,2.2902836786825624e-05,2.204118567240407e-05,0.00663945565124191,1.539785270544998e-05,0.0037416782074242197,0.029010148326545467,0.029011613614713928,-0.012420771652874871,-0.012405373800169421,-4.578779341320436,-4.569928160374495,3.6786874660243893,4.5989592297139364e-05,4.215079566488948,-0.00663945565124191,-0.012405373800169421,0.07406968169401457,4.75,1.6e-11,1.6e-11,1.539785270544998e-05,-0.006639455775687253
2.0,7.0,1.0,3.0,4.0,4.0,75.0,6.0,0.0625,0.004115226337448559,2.204118567240407e-05,2.121151310822183e-05,0.006513296109992517,1.5105430188930985e-05,0.0036706195359100437,0.029011613614713928,0.029013051075414707,-0.012405373800169421,-0.01239026836998049,-4.578752029567121,-4.570026997056058,3.6786874660243893,4.596364312706423e-05,4.215079151302228,-0.006513296109992517,-0.01239026836998049,0.07407830645824862,4.75,1.6e-11,1.6e-11,1.5105430188930985e-05,-0.00651329623507646
2.0,7.0,1.0,3.0,4.0,4.0,76.0,8.0,0.0625,0.0004572473708276177,2.121151310822183e-05,2.1122014732181707e-05,0.006499540711801366,1.6464897634287101e-06,0.003600873112618028,0.029013051075414707,0.029013207758428704,-0.01239026836998049,-0.012388621880217061,-4.578749052589854,-4.5700377742667655,3.6786874660243893,4.593816969761733e-05,4.215078743727356,-0.006499540711801366,-0.012388621880217061,0.07407924655633574,4.75,1.6e-11,1.6e-11,1.6464897634287101e-06,-0.0064995408369519225
2.0,7.0,1.0,3.0,4.0,4.0,77.0,8.0,0.0625,0.0004572473708276177,2.1122014732181707e-05,2.1032888780509104e-05,0.0064858135619996204,1.6430125901606418e-06,0.003593268534682301,0.029013207758428704,0.02901336411054846,-0.012388621880217061,-0.0123869788676269,-4.578746081899579,-4.570048529518701,3.6786874660243893,4.5935392074606925e-05,4.215078699285388,-0.0064858135619996204,-0.0123869788676269,0.0740801846690574,4.75,1.6e-11,1.6e-11,1.6430125901606418e-06,-0.006485813687218567
2.0,7.0,1.0,3.0,4.0,4.0,78.0,9.0,0.0625,0.00015241579027587258,2.1032888780509104e-05,2.1003283512656845e-05,0.0064812473356070655,5.46514185842048e-07,0.003585679573304537,0.02901336411054846,0.029013416117850136,-0.0123869788676269,-0.012386432353441059,-4.578745093760848,-4.570052107204698,3.6786874660243893,4.593262011700727e-05,4.215078654934066,-0.0064812473356070655,-0.012386432353441059,0.0740804967128685,4.75,1.6e-11,1.6e-11,5.46514185842048e-07,-0.006481247460848216
2.0,7.0,1.0,3.0,4.0,4.0,79.0,10.0,0.0625,5.0805263425290864e-05,2.1003283512656845e-05,2.0993426605572357e-05,0.006479726322241142,1.8204314210408523e-07,0.003583155166026588,0.029013416117850136,0.02901343344141255,-0.012386432353441059,-0.012386250310298955,-4.578744764613162,-4.570053298936587,3.6786874660243893,4.593169803817981e-05,4.215078640180805,-0.006479726322241142,-0.012386250310298955,0.07408060065424334,4.75,1.6e-11,1.6e-11,1.8204314210408523e-07,-0.006479726447490286
2.0,7.0,1.0,3.0,4.0,4.0,80.0,10.0,0.0625,5.0805263425290864e-05,2.0993426605572357e-05,2.0983574215572246e-05,0.006478205649031565,1.8200042087648804e-07,0.003582314284098959,0.02901343344141255,0.029013450760909536,-0.012386250310298955,-0.012386068309878078,-4.578744435542719,-4.570054490405594,3.6786874660243893,4.593139089003627e-05,4.215078635266435,-0.006478205649031565,-0.012386068309878078,0.07408070457122559,4.75,1.6e-11,1.6e-11,1.8200042087648804e-07,-0.006478205774287815
2.0,7.0,1.0,3.0,8.0,5.0,73.0,2.0,0.03125,0.3333333333333333,0.003507924760009652,0.0015589970042620641,0.05583900078371862,0.014997128381590796,0.04499138514477239,0.02439407257888351,0.022924587338114713,0.013419181495480801,-0.0015779468861099946,-4.69443284057582,-4.75,4.285353231748524,3.125e-09,4.517676715874262,0.05583900078371862,-0.0015779468861099946,0.03754752401590642,4.75,3.2e-11,3.2e-11,0.014997128381590796,0.055839001061268156
2.0,7.0,1.0,3.0,8.0,5.0,74.0,2.0,0.03125,0.3333333333333333,0.0015589970042620641,0.0006928604623768138,0.03722527266191111,0.009992908412435275,0.029978725237305826,0.022924587338114713,0.021945437783298997,-0.0015779468861099946,-0.01157085529854527,-4.713036682117319,-4.75,4.285353231748524,2.8639150134734948e-05,4.518593068678573,0.03722527266191111,-0.01157085529854527,0.031672626655198786,4.75,3.2e-11,3.2e-11,0.009992908412435275,0.03722527363026362
2.0,7.0,1.0,3.0,8.0,5.0,75.0,4.0,0.03125,0.037037037037037035,0.0006928604623768138,0.0006424873473242969,0.03584654369180651,0.0007399989474324957,0.019979971580677384,0.021945437783298997,0.02187292939858913,-0.01157085529854527,-0.012310854245977765,-4.7144143414268065,-4.75,4.285353231748524,4.453007447636491e-05,4.519101578257505,0.03584654369180651,-0.012310854245977765,0.031237576345919903,4.75,3.2e-11,3.2e-11,0.0007399989474324957,0.03584654468230042
2.0,7.0,1.0,3.0,8.0,5.0,76.0,7.0,0.03125,0.0013717421124828531,0.0006424873473242969,0.0006407259017003934,0.035797371459379335,2.6391692117292906e-05,0.01923954355350625,0.02187292939858913,0.02187034342333421,-0.012310854245977765,-0.012337245938095058,-4.71446347495665,-4.75,4.285353231748524,4.5803968406778774e-05,4.519142342863279,0.035797371459379335,-0.012337245938095058,0.031222060494357672,4.75,3.2e-11,3.2e-11,2.6391692117292906e-05,0.0357973724505829
2.0,7.0,1.0,3.0,8.0,5.0,77.0,7.0,0.03125,0.0013717421124828531,0.0006407259017003934,0.0006389692852638022,0.03574826667864617,2.6355469296994102e-05,0.0192131371175086,0.02187034342333421,0.021867760997352086,-0.012337245938095058,-0.012363601407392052,-4.71451254105031,-4.75,4.285353231748524,4.5848619722406203e-05,4.519143771705378,0.03574826667864617,-0.012363601407392052,0.03120656593843242,4.75,3.2e-11,3.2e-11,2.6355469296994102e-05,0.03574826767055672
2.0,7.0,1.0,3.0,8.0,5.0,78.0,8.0,0.03125,0.0004572473708276177,0.0006389692852638022,0.0006383850847307347,0.035731920875618606,8.773098748015087e-06,0.019186766961908946,0.021867760997352086,0.021866901370156837,-0.012363601407392052,-0.012372374506140068,-4.71452887396702,-4.75,4.285353231748524,4.589315783148881e-05,4.519145196924869,0.035731920875618606,-0.012372374506140068,0.031201408175250144,4.75,3.2e-11,3.2e-11,8.773098748015087e-06,0.03573192186776364
2.0,7.0,1.0,3.0,8.0,5.0,79.0,8.0,0.03125,0.0004572473708276177,0.0006383850847307347,0.0006378014183237839,0.03571558254666396,8.769085040103916e-06,0.01917798898270774,0.021866901370156837,0.021866042136242516,-0.012372374506140068,-0.012381143591180171,-4.714545199411392,-4.75,4.285353231748524,4.590797201049916e-05,4.519145670978598,0.03571558254666396,-0.012381143591180171,0.031196252771753447,4.75,3.2e-11,3.2e-11,8.769085040103916e-06,0.035715583539042584
2.0,7.0,1.0,3.0,8.0,5.0,80.0,9.0,0.03125,0.00015241579027587258,0.0006378014183237839,0.0006376070111176404,0.035710138927695034,2.9216910567841925e-06,0.01916921502356097,0.021866042136242516,0.021865755855971346,-0.012381143591180171,-0.012384065282236956,-4.714550638736545,-4.75,4.285353231748524,4.59227736917792e-05,4.519146144632399,0.035710138927695034,-0.012384065282236956,0.03119453509012285,4.75,3.2e-11,3.2e-11,2.9216910567841925e-06,0.03571013992015093
2.0,7.0,1.0,3.0,32.0,7.0,73.0,12.0,0.0078125,5.645029269476763e-06,2.4032367835907126e-06,2.403209650959621e-06,0.002192354739069202,6.5801420891936635e-09,0.001165652430749595,0.02010310702663899,0.02010310637730784,-0.012386027618345447,-0.012386034198487536,-4.748040978831151,-4.75,4.442680547844744,4.593101515476611e-05,4.602219443862182,0.002192354739069202,-0.012386034198487536,0.02061863825026065,4.75,1.28e-10,1.28e-10,6.5801420891936635e-09,0.0021923550340883224
2.0,7.0,1.0,3.0,32.0,7.0,74.0,12.0,0.0078125,5.645029269476763e-06,2.403209650959621e-06,2.403182518666678e-06,0.002192342363166233,6.5801049400904255e-09,0.0011656458497212325,0.02010310637730784,0.020103105727980353,-0.012386034198487536,-0.012386040778592476,-4.748040991168373,-4.75,4.442680547844744,4.593102625711256e-05,4.602219445283283,0.002192342363166233,-0.012386040778592476,0.02061863435429578,4.75,1.28e-10,1.28e-10,6.5801049400904255e-09,0.002192342658184465
2.0,7.0,1.0,3.0,32.0,7.0,75.0,14.0,0.0078125,6.27225474386307e-07,2.403182518666678e-06,2.4031795040067736e-06,0.002192340988079522,7.311186430575267e-10,0.0011656392687377011,0.020103105727980353,0.020103105655833262,-0.012386040778592476,-0.01238604150971112,-4.748040992539168,-4.75,4.442680547844744,4.5931037359393124e-05,4.602219446704375,0.002192340988079522,-0.01238604150971112,0.020618633921413238,4.75,1.28e-10,1.28e-10,7.311186430575267e-10,0.002192341283097754
2.0,7.0,1.0,3.0,32.0,7.0,76.0,14.0,0.0078125,6.27225474386307e-07,2.4031795040067736e-06,2.4031764893214993e-06,0.0021923396129803763,7.311181850905291e-10,0.0011656385375247214,0.020103105655833262,0.020103105583686217,-0.01238604150971112,-0.012386042240829304,-4.748040993909962,-4.75,4.442680547844744,4.593103859297269e-05,4.602219446862273,0.0021923396129803763,-0.012386042240829304,0.02061863348853097,4.75,1.28e-10,1.28e-10,7.311181850905291e-10,0.00219233990799772
2.0,7.0,1.0,3.0,32.0,7.0,77.0,16.0,0.0078125,6.969171937625634e-08,2.4031764893214993e-06,2.4031761543466332e-06,0.0021923394601870427,8.123530320647276e-11,0.0011656378063047115,0.020103105583686217,0.020103105575669883,-0.012386042240829304,-0.012386042322064608,-4.748040994062272,-4.75,4.442680547844744,4.5931039826551444e-05,4.602219447020171,0.0021923394601870427,-0.012386042322064608,0.02061863344043297,4.75,1.28e-10,1.28e-10,8.123530320647276e-11,0.0021923397552043866
2.0,7.0,1.0,3.0,32.0,7.0,78.0,17.0,0.0078125,2.323057312541878e-08,2.4031761543466332e-06,0.015798064625996304,0.17775300068351196,8.123529800230234e-11,0.0011656377250556613,0.020103105575669883,0.02010310556765355,-0.012386042322064608,-0.012386042403299906,-4.748040994214582,-4.57005466000908,4.442680547844744,4.593103996361566e-05,4.602219447037715,-0.17775300068351196,-0.012386042403299906,0.02061863339233497,4.75,1.28e-10,1.28e-10,8.123529800230234e-11,-0.17775300038849462
2.0,7.0,1.0,3.0,32.0,7.0,79.0,2.0,0.0078125,0.3333333333333333,0.015798064625996304,0.0018793462309265288,0.061308176141955606,0.03150296640104254,0.09450889920312763,0.02010310556765355,0.0232118311596981,-0.012386042403299906,0.019116923997742633,-4.688975207965736,-4.75,4.442680547844744,4.5931040100679875e-05,4.602219447055259,0.061308176141955606,0.019116923997742633,0.039270987063663054,4.75,1.28e-10,1.28e-10,0.03150296640104254,0.061308173851653436
2.0,7.0,1.0,3.0,32.0,7.0,80.0,2.0,0.0078125,0.3333333333333333,0.0018793462309265288,0.0008352650360720735,0.04087211851793526,0.010899649996814443,0.03269894999044333,0.0232118311596981,0.02213624926495491,0.019116923997742633,0.00821727400092819,-4.7094112639658565,-4.75,4.442680547844744,7.8125e-10,4.596340373922373,0.04087211851793526,0.00821727400092819,0.03281749562041904,4.75,1.28e-10,1.28e-10,0.010899649996814443,0.04087211785153322
2.0,7.0,1.0,3.0,64.0,7.0,73.0,1.0,0.00390625,1.0,1.4021906203372216e-07,1.2073631734432531e-07,0.0004913986514925028,0.00032493804850652896,0.00032493804850651633,0.044360922469758576,0.04433370839978085,-0.16757233431992444,-0.16789727236843097,-4.287659540404164,-4.173714125785045,3.3248528753429256,0.00015022947899761839,3.613658890409411,-0.0004913986514925028,-0.16789727236843097,0.06907779219133302,4.75,2.56e-10,2.56e-10,0.00032493804850652896,-0.0004913986278740623
2.0,7.0,1.0,3.0,64.0,7.0,74.0,1.0,0.00390625,1.0,1.2073631734432531e-07,1.0394343294166052e-07,0.0004559461216890881,0.0003015136441349153,0.0003015136441349217,0.04433370839978085,0.04435896063924141,-0.16789727236843097,-0.16759575872429605,-4.287179747854413,-4.174170076647109,3.3248528753429256,0.00015036187563420396,3.6136927839483772,0.0004559461216890881,-0.16759575872429605,0.06915622595020286,4.75,2.56e-10,2.56e-10,0.0003015136441349153,0.0004559460997741738
2.0,7.0,1.0,3.0,64.0,7.0,75.0,1.0,0.00390625,1.0,1.0394343294166052e-07,8.949993912483788e-08,0.0004230837721417302,0.00027976598854584367,0.0002797659885458474,0.04435896063924141,0.044335529799963976,-0.16759575872429605,-0.1678755247128419,-4.287624933800684,-4.173746996957629,3.3248528753429256,0.00015023902800339947,3.6136613349548914,-0.0004230837721417302,-0.1678755247128419,0.06908344948216431,4.75,2.56e-10,2.56e-10,0.00027976598854584367,-0.0004230837518068853
2.0,7.0,1.0,3.0,64.0,7.0,76.0,1.0,0.00390625,1.0,8.949993912483788e-08,7.705248680171341e-08,0.0003925620633777882,0.0002595971865084479,0.0002595971865084509,0.044335529799963976,0.04435727147051359,-0.1678755247128419,-0.16761592752633345,-4.287211842060242,-4.174139562535063,3.3248528753429256,0.00015035301888170307,3.613690516619737,0.0003925620633777882,-0.16761592752633345,0.06915097937185902,4.75,2.56e-10,2.56e-10,0.0002595971865084479,0.0003925620445084377
2.0,7.0,1.0,3.0,64.0,7.0,77.0,1.0,0.00390625,1.0,7.705248680171341e-08,6.634495089135947e-08,0.00036426625122665257,0.00024087357403401732,0.00024087357403402838,0.04435727147051359,0.044337097931804716,-0.16761592752633345,-0.16785680110036746,-4.287595139295711,-4.173775299310164,3.3248528753429256,0.00015024724927234924,3.6136634395997422,-0.00036426625122665257,-0.16785680110036746,0.06908832011848398,4.75,2.56e-10,2.56e-10,0.00024087357403401732,-0.0003642662337179914
2.0,7.0,1.0,3.0,64.0,7.0,78.0,1.0,0.00390625,1.0,6.634495089135947e-08,5.711838492105387e-08,0.00033798930433093233,0.00022350799878037564,0.00022350799878036705,0.044337097931804716,0.04435581707641504,-0.16785680110036746,-0.1676332931015871,-4.287239475548114,-4.174113291219486,3.3248528753429256,0.00015034539317151886,3.61368856443793,0.00033798930433093233,-0.1676332931015871,0.06914646200633158,4.75,2.56e-10,2.56e-10,0.00022350799878037564,0.0003379892880843727
2.0,7.0,1.0,3.0,64.0,7.0,79.0,1.0,0.00390625,1.0,5.711838492105387e-08,4.9180540369625115e-08,0.00031362570165605064,0.00020738784716226033,0.0002073878471622568,0.04435581707641504,0.04433844801972518,-0.1676332931015871,-0.16784068094874935,-4.2875694876252215,-4.1737996677611875,3.3248528753429256,0.00015025432744856482,3.613665251612854,-0.00031362570165605064,-0.16784068094874935,0.06909251350777021,4.75,2.56e-10,2.56e-10,0.00020738784716226033,-0.0003136256865818865
2.0,7.0,1.0,3.0,64.0,7.0,80.0,1.0,0.00390625,1.0,4.9180540369625115e-08,4.23413684625568e-08,0.00029100298439210803,0.00019243595859205764,0.00019243595859204805,0.04433844801972518,0.044354564832352776,-0.16784068094874935,-0.1676482449901573,-4.287263268185297,-4.174090672676666,3.3248528753429256,0.00015033882742077583,3.6136868836057396,0.00029100298439210803,-0.1676482449901573,0.06914257252124338,4.75,2.56e-10,2.56e-10,0.00019243595859205764,0.0002910029704050743
2.0,7.0,1.0,3.0,128.0,11.0,73.0,2.0,0.001953125,0.3333333333333333,0.0003736063081838371,0.00016486958335669286,0.018158721505474595,0.0048599566716541216,0.014579870014962366,0.02137850477672767,0.02089894008140428,0.00044490186854257915,-0.004415054803111542,-4.732920138453318,-4.75,4.441843418479791,1.953125e-10,4.595921809239896,0.018158721505474595,-0.004415054803111542,0.025393640465580163,4.75,5.12e-10,5.12e-10,0.0048599566716541216,0.018158722001549776
2.0,7.0,1.0,3.0,128.0,11.0,74.0,2.0,0.001953125,0.3333333333333333,0.00016486958335669286,7.32753703806521e-05,0.012105814336974774,0.0032034075621785747,0.009610222686535724,0.02089894008140428,0.020582838253432222,-0.004415054803111542,-0.007618462365290117,-4.738926073184788,-4.75,4.441843418479791,2.8639150134734948e-05,4.61058495410888,0.012105814336974774,-0.007618462365290117,0.02349702949371719,4.75,5.12e-10,5.12e-10,0.0032034075621785747,0.012105814920571056
2.0,7.0,1.0,3.0,128.0,11.0,75.0,2.0,0.001953125,0.3333333333333333,7.32753703806521e-05,3.256683128038544e-05,0.008070542891328358,0.0021356050640115344,0.006406815192034605,0.020582838253432222,0.020372103697031924,-0.007618462365290117,-0.009754067429301651,-4.742930029756393,-4.75,4.441843418479791,2.8639150134734948e-05,4.61058495410888,0.008070542891328358,-0.009754067429301651,0.02223262215651015,4.75,5.12e-10,5.12e-10,0.0021356050640115344,0.008070543448980949
2.0,7.0,1.0,3.0,128.0,11.0,76.0,2.0,0.001953125,0.3333333333333333,3.256683128038544e-05,1.4428356116490863e-05,0.005371844397688896,0.0014237367243835966,0.004271210173150787,0.020372103697031924,0.020231613989818768,-0.009754067429301651,-0.011177804153685248,-4.745599334193443,-4.75,4.441843418479791,2.8639150134734948e-05,4.61058495410888,0.005371844397688896,-0.011177804153685248,0.021389683916615748,4.75,5.12e-10,5.12e-10,0.0014237367243835966,0.005371844881850052
2.0,7.0,1.0,3.0,128.0,11.0,77.0,2.0,0.001953125,0.3333333333333333,1.4428356116490863e-05,6.411167388304187e-06,0.0035808287834813157,0.0009437690934285588,0.0028313072802856765,0.020231613989818768,0.020138485925651088,-0.011177804153685248,-0.012121573247113807,-4.747368767412629,-4.75,4.441843418479791,4.383534437336504e-05,4.618365405559059,0.0035808287834813157,-0.012121573247113807,0.020830915535610978,4.75,5.12e-10,5.12e-10,0.0009437690934285588,0.0035808291807573056
2.0,7.0,1.0,3.0,128.0,11.0,78.0,3.0,0.001953125,0.1111111111111111,6.411167388304187e-06,5.065552809827692e-06,0.0031829397763161182,0.00020960984138442343,0.0018864885724598067,0.020138485925651088,0.02011780230812401,-0.012121573247113807,-0.01233118308849823,-4.747761756145644,-4.75,4.441843418479791,4.5482189256261686e-05,4.619208590139102,0.0031829397763161182,-0.01233118308849823,0.020706813831719312,4.75,5.12e-10,5.12e-10,0.00020960984138442343,0.0031829401459955164
2.0,7.0,1.0,3.0,128.0,11.0,79.0,5.0,0.001953125,0.012345679012345678,5.065552809827692e-06,4.941248919011993e-06,0.0031436440380590014,2.0700093361483707e-05,0.0016767075622801109,0.02011780230812401,0.02011575969021947,-0.01233118308849823,-0.012351883181859714,-4.74780056588583,-4.75,4.441843418479791,4.58383667778289e-05,4.619390953030145,0.0031436440380590014,-0.012351883181859714,0.020694558124426988,4.75,5.12e-10,5.12e-10,2.0700093361483707e-05,0.0031436444048100753
2.0,7.0,1.0,3.0,128.0,11.0,80.0,5.0,0.001953125,0.012345679012345678,4.941248919011993e-06,4.819995336034726e-06,0.0031048334370895603,2.0444342488792205e-05,0.0016559917415922222,0.02011575969021947,0.02011374230897892,-0.012351883181859714,-0.012372327524348506,-4.747838896129401,-4.75,4.441843418479791,4.5873361596785696e-05,4.61940887037745,0.0031048334370895603,-0.012372327524348506,0.02068245383711788,4.75,5.12e-10,5.12e-10,2.0444342488792205e-05,0.003104833800926521
2.0,7.0,1.0,3.0,2048.0,86.0,73.0,11.0,0.0001220703125,1.693508780843029e-05,0.0024194991856569324,0.002419170233077167,0.06944497611941447,5.433138665078552e-07,0.03208214050337672,0.021810635355271734,0.02181069003311882,-0.012386900199597397,-0.012386356885730889,-4.715596889370742,-4.570052601250346,4.278700488333327,4.593248738966063e-05,4.8906291808627635,-0.06944497611941447,-0.012386356885730889,0.030864140112970034,4.75,8.192e-09,8.192e-09,5.433138665078552e-07,-0.07341180789513224
2.0,7.0,1.0,3.0,2048.0,86.0,74.0,12.0,0.0001220703125,5.645029269476763e-06,0.002419170233077167,0.0024190605923451,0.06944339856616288,1.8109318924638962e-07,0.03208011519536442,0.02181069003311882,0.021810708257939713,-0.012386356885730889,-0.012386175792541643,-4.715596543099146,-4.570053786784615,4.278700488333327,4.5931570707303963e-05,4.890621671400898,-0.06944339856616288,-0.012386175792541643,0.030864249461896538,4.75,8.192e-09,8.192e-09,1.8109318924638962e-07,-0.07341020794901443
2.0,7.0,1.0,3.0,2048.0,86.0,75.0,13.0,0.0001220703125,1.881676423158921e-06,0.0024190605923451,0.0024190240479562497,0.06944287274342642,6.036312614338124e-08,0.032079440121208454,0.021810708257939713,0.021810714332754666,-0.012386175792541643,-0.0123861154294155,-4.715596427677661,-4.570054181938213,4.278700488333327,4.5931265160938485e-05,4.890619168365072,-0.06944287274342642,-0.0123861154294155,0.030864285910786646,4.75,8.192e-09,8.192e-09,6.036312614338124e-08,-0.07340967466203008
2.0,7.0,1.0,3.0,2048.0,86.0,76.0,13.0,0.0001220703125,1.881676423158921e-06,0.0024190240479562497,0.002418987502759535,0.06944234690507312,6.036270274421829e-08,0.0320792151086466,0.021810714332754666,0.02181072040752784,-0.0123861154294155,-0.012386055066712755,-4.715596312256971,-4.570054577107297,4.278700488333327,4.593116331375219e-05,4.890618334032922,-0.06944234690507312,-0.012386055066712755,0.03086432235942608,4.75,8.192e-09,8.192e-09,6.036270274421829e-08,-0.07340914135944487
2.0,7.0,1.0,3.0,2048.0,86.0,77.0,15.0,0.0001220703125,2.0907515812876902e-07,0.002418987502759535,0.0024189834419589403,0.06944228847512957,6.706919925686394e-09,0.032078990088888995,0.02181072040752784,0.021810721082497996,-0.012386055066712755,-0.01238604835979283,-4.715596299432538,-4.5700546210183175,4.278700488333327,4.593106146700974e-05,4.890617499704408,-0.06944228847512957,-0.01238604835979283,0.03086432640924705,4.75,8.192e-09,8.192e-09,6.706919925686394e-09,-0.07340908210014341
2.0,7.0,1.0,3.0,2048.0,86.0,78.0,16.0,0.0001220703125,6.969171937625634e-08,0.0024189834419589403,0.0024189820882250445,0.06944226899654549,2.2356382318317047e-09,0.03207896508512997,0.021810721082497996,0.021810721307487877,-0.01238604835979283,-0.012386046124154598,-4.71559629515773,-4.570054635657264,4.278700488333327,4.59310501507677e-05,4.890617407001753,-0.06944226899654549,-0.012386046124154598,0.030864327759186343,4.75,8.192e-09,8.192e-09,2.2356382318317047e-09,-0.0734090623451058
2.0,7.0,1.0,3.0,2048.0,86.0,79.0,16.0,0.0001220703125,6.969171937625634e-08,0.0024189820882250445,0.0024189807358981365,0.0694422495382172,2.2356376524340638e-09,0.03207895674967741,0.021810721307487877,0.0218107215324777,-0.012386046124154598,-0.012386043888516945,-4.715596290882924,-4.570054650276866,4.278700488333327,4.5931046378689224e-05,4.890617376100886,-0.0694422495382172,-0.012386043888516945,0.03086432910912529,4.75,8.192e-09,8.192e-09,2.2356376524340638e-09,-0.07340904261032488
2.0,7.0,1.0,3.0,2048.0,86.0,80.0,17.0,0.0001220703125,2.323057312541878e-08,0.0024189807358981365,0.006113335834371298,0.11050310502455396,2.2356370713016993e-09,0.03207894842327783,0.0218107215324777,0.021810721757467465,-0.012386043888516945,-0.012386041652879874,-4.715596286608118,-4.75,4.278700488333327,4.593104260661135e-05,4.890617345200024,0.11050310502455396,-0.012386041652879874,0.030864330459063897,4.75,8.192e-09,8.192e-09,2.2356370713016993e-09,0.10653631222889715
2.0,7.0,1.0,3.0,4096.0,165.0,73.0,4.0,6.103515625e-05,0.037037037037037035,0.000628909060685694,0.000476701415015192,0.030852252172127947,0.0005092849875932854,0.013750694665018685,0.02155191413544611,0.021602890415740563,-0.013006896600415572,-0.012497611612822286,-4.719545082100929,-4.569326078232227,4.302852504321355,4.696462485404805e-05,5.2958946657694,-0.030852252172127947,-0.012497611612822286,0.029617342501117163,4.75,1.6384e-08,1.6384e-08,0.0005092849875932854,-0.032093769803000605
2.0,7.0,1.0,3.0,4096.0,165.0,74.0,6.0,6.103515625e-05,0.004115226337448559,0.000476701415015192,0.0004628951745308206,0.03040167171641528,4.962964333588005e-05,0.012060003330618746,0.021602890415740563,0.021607867911880508,-0.012497611612822286,-0.012447981969486406,-4.719450509674271,-4.569649728590861,4.302852504321355,4.611882522915069e-05,5.282037084715082,-0.03040167171641528,-0.012447981969486406,0.02964720747811274,4.75,1.6384e-08,1.6384e-08,4.962964333588005e-05,-0.031638080225217635
2.0,7.0,1.0,3.0,4096.0,165.0,75.0,6.0,6.103515625e-05,0.004115226337448559,0.0004628951745308206,0.0004494607792337699,0.029956725598839995,4.8942412670237995e-05,0.011893006278867684,0.021607867911880508,0.02161277756092513,-0.012447981969486406,-0.012399039556816168,-4.719357226342423,-4.569969597989981,4.302852504321355,4.603540554298179e-05,5.2806703365768906,-0.029956725598839995,-0.012399039556816168,0.02967666537253325,4.75,1.6384e-08,1.6384e-08,4.8942412670237995e-05,-0.031188046010711012
2.0,7.0,1.0,3.0,4096.0,165.0,76.0,8.0,6.103515625e-05,0.0004572473708276177,0.0004494607792337699,0.0004479997648974677,0.029907938179100313,5.362561232733973e-06,0.011727921415987353,0.02161277756092513,0.021613315624868113,-0.012399039556816168,-0.012393676995583434,-4.719347003127506,-4.570004688172778,4.302852504321355,4.595296327273409e-05,5.279319602421152,-0.029907938179100313,-0.012393676995583434,0.029679893756207786,4.75,1.6384e-08,1.6384e-08,5.362561232733973e-06,-0.03113869557338056
2.0,7.0,1.0,3.0,4096.0,165.0,77.0,8.0,6.103515625e-05,0.0004572473708276177,0.0004479997648974677,0.0004465431652105973,0.029859218872520188,5.354279374474025e-06,0.011709808991974262,0.021613315624868113,0.021613852871093645,-0.012393676995583434,-0.01238832271620896,-4.7193367954492205,-4.570039732550185,4.302852504321355,4.5943919398933244e-05,5.279171427592799,-0.029859218872520188,-0.01238832271620896,0.029683117233577562,4.75,1.6384e-08,1.6384e-08,5.354279374474025e-06,-0.0310894135066464
2.0,7.0,1.0,3.0,4096.0,165.0,78.0,9.0,6.103515625e-05,0.00015241579027587258,0.0004465431652105973,0.0004460588616140397,0.02984300262664874,1.7820027047917714e-06,0.01169171974613962,0.021613852871093645,0.021614031680943613,-0.01238832271620896,-0.012386540713504169,-4.719333398062071,-4.5700513978235335,4.302852504321355,4.593488736427429e-05,5.279023446736947,-0.02984300262664874,-0.012386540713504169,0.0296841900926829,4.75,1.6384e-08,1.6384e-08,1.7820027047917714e-06,-0.031073009759831294
2.0,7.0,1.0,3.0,4096.0,165.0,79.0,11.0,6.103515625e-05,1.693508780843029e-05,0.0004460588616140397,0.00044600509251438935,0.02984120169861093,1.9789832594874213e-07,0.011685698248983667,0.021614031680943613,0.02161405153863604,-0.012386540713504169,-0.01238634281517822,-4.719333020765916,-4.57005269335774,4.302852504321355,4.5931880865059115e-05,5.278974188253805,-0.02984120169861093,-0.01238634281517822,0.029684309238838077,4.75,1.6384e-08,1.6384e-08,1.9789832594874213e-07,-0.031071188001531524
2.0,7.0,1.0,3.0,4096.0,165.0,80.0,11.0,6.103515625e-05,1.693508780843029e-05,0.00044600509251438935,0.0004459513298138853,0.029839400876303657,1.9788700069897636e-07,0.011685029504232952,0.02161405153863604,0.02161407139521024,-0.01238634281517822,-0.012386144928177521,-4.719332643491005,-4.570053988818023,4.302852504321355,4.5931546967093476e-05,5.278968717669537,-0.029839400876303657,-0.012386144928177521,0.0296844283782839,4.75,1.6384e-08,1.6384e-08,1.9788700069897636e-07,-0.03106936634931312
