STOP,3,7,2,1,1,1,80,  1.0769163338864018E-12,  1.0608150817646624E+01,  2.4999999999999999E-08,  8.9720333237121774E-04
STOP,3,7,2,1,2,1,80,  1.3329115589044704E-10,  1.0519054018255140E+01,  1.2499999999999999E-08,  9.0023990989361450E-04
STOP,3,7,2,1,4,4,80,  8.0445960271013917E-06,  8.1382605273716386E+00,  6.2499999999999997E-09,  8.8913394377460888E-04
STOP,3,7,2,1,8,7,80,  3.0641200687853143E-10,  7.2243907640314022E+00,  3.1249999999999999E-09,  8.8649461413986422E-04
STOP,3,7,2,1,16,16,80,  6.4468430593933590E-12,  5.7290234715465544E+00,  1.5624999999999999E-09,  4.5133448415578812E-04
STOP,3,7,2,1,32,29,80,  2.2900934482095181E-09,  3.4324947521849865E+00,  7.8124999999999996E-10,  2.9710017065676168E-04
STOP,3,7,2,1,64,55,80,  1.3692513789465011E-10,  2.1106838665841954E+00,  3.9062499999999998E-10,  2.5476605954336326E-04
STOP,3,7,2,1,128,108,80,  1.0203482503357009E-10,  1.0246577613942076E+00,  1.9531249999999999E-10,  1.1752946579071087E-04
STOP,3,7,2,1,256,213,80,  3.5090064187670578E-10,  7.6562844052274781E-01,  9.7656249999999996E-11,  2.3326586720226589E-04
STOP,3,7,2,1,512,425,80,  1.4990559904504153E-09,  4.3198155673277966E-01,  4.8828124999999998E-11,  1.3282775304480335E-04
STOP,3,7,2,1,1024,848,80,  4.0928416211727381E-10,  2.3947878073666867E-01,  2.4414062499999999E-11,  9.9992471908727143E-05
STOP,3,7,2,1,2048,1694,80,  5.3373661046407506E-10,  1.2181125702524052E-01,  1.2207031249999999E-11,  7.5125061164282592E-05
STOP,3,7,2,1,4096,3385,80,  1.2247092229245027E-11,  7.5119825039078131E-02,  6.1035156249999997E-12,  9.2156929824487632E-05
STOP,3,7,2,1,1,1,80,  1.0769163338864018E-12,  1.0608150817646624E+01,  2.4999999999999999E-08,  8.9720333237121774E-04
STOP,3,7,2,1,2,1,80,  1.3329115589044704E-10,  1.0519054018255140E+01,  1.2499999999999999E-08,  9.0023990989361450E-04
STOP,3,7,2,1,4,4,80,  8.0445960271013917E-06,  8.1382605273716386E+00,  6.2499999999999997E-09,  8.8913394377460888E-04
STOP,3,7,2,1,8,7,80,  3.0641200687853143E-10,  7.2243907640314022E+00,  3.1249999999999999E-09,  8.8649461413986422E-04
STOP,3,7,2,1,16,16,80,  6.4468430593933590E-12,  5.7290234715465544E+00,  1.5624999999999999E-09,  4.5133448415578812E-04
STOP,3,7,2,1,32,29,80,  2.2900934482095181E-09,  3.4324947521849865E+00,  7.8124999999999996E-10,  2.9710017065676168E-04
STOP,3,7,2,1,64,55,80,  1.3692513789465011E-10,  2.1106838665841954E+00,  3.9062499999999998E-10,  2.5476605954336326E-04
STOP,3,7,2,1,128,108,80,  1.0203482503357009E-10,  1.0246577613942076E+00,  1.9531249999999999E-10,  1.1752946579071087E-04
STOP,3,7,2,1,256,213,80,  3.5090064187670578E-10,  7.6562844052274781E-01,  9.7656249999999996E-11,  2.3326586720226589E-04
STOP,3,7,2,1,512,425,80,  1.4990559904504153E-09,  4.3198155673277966E-01,  4.8828124999999998E-11,  1.3282775304480335E-04
STOP,3,7,2,1,1024,848,80,  4.0928416211727381E-10,  2.3947878073666867E-01,  2.4414062499999999E-11,  9.9992471908727143E-05
STOP,3,7,2,1,2048,1694,80,  5.3373661046407506E-10,  1.2181125702524052E-01,  1.2207031249999999E-11,  7.5125061164282592E-05
STOP,3,7,2,1,4096,3385,80,  1.2247092229245027E-11,  7.5119825039078131E-02,  6.1035156249999997E-12,  9.2156929824487632E-05
STOP,3,7,2,1,1,1,80,  1.0769163338864018E-12,  1.0608150817646624E+01,  2.4999999999999999E-08,  8.9720333237121774E-04
STOP,3,7,2,1,2,1,80,  1.3329115589044704E-10,  1.0519054018255140E+01,  1.2499999999999999E-08,  9.0023990989361450E-04
STOP,3,7,2,1,4,4,80,  8.0445960271013917E-06,  8.1382605273716386E+00,  6.2499999999999997E-09,  8.8913394377460888E-04
STOP,3,7,2,1,8,7,80,  3.0641200687853143E-10,  7.2243907640314022E+00,  3.1249999999999999E-09,  8.8649461413986422E-04
STOP,3,7,2,1,16,16,80,  6.4468430593933590E-12,  5.7290234715465544E+00,  1.5624999999999999E-09,  4.5133448415578812E-04
STOP,3,7,2,1,32,29,80,  2.2900934482095181E-09,  3.4324947521849865E+00,  7.8124999999999996E-10,  2.9710017065676168E-04
STOP,3,7,2,1,64,55,80,  1.3692513789465011E-10,  2.1106838665841954E+00,  3.9062499999999998E-10,  2.5476605954336326E-04
STOP,3,7,2,1,128,108,80,  1.0203482503357009E-10,  1.0246577613942076E+00,  1.9531249999999999E-10,  1.1752946579071087E-04
STOP,3,7,2,1,256,214,80,  3.3754421480125529E-10,  7.3543484041753504E-01,  9.7656249999999996E-11,  2.5718992005690312E-04
STOP,3,7,2,1,512,427,80,  1.2205809696297365E-09,  4.3981560142141662E-01,  4.8828124999999998E-11,  1.5808177477767609E-04
STOP,3,7,2,1,1024,852,80,  1.1518999087911652E-09,  2.6290258087991930E-01,  2.4414062499999999E-11,  1.3948422132614824E-04
STOP,3,7,2,1,2048,1703,80,  3.4085468702205191E-04,  1.0134411017020419E-01,  1.2207031249999999E-11,  5.2298893794278498E-05
STOP,3,7,2,1,4096,3403,80,  1.5682788401250036E-08,  6.1230216713470918E-02,  6.1035156249999997E-12,  5.5078100509956698E-05
STOP,3,7,3,1,256,3,80,  6.0562105532522281E-03,  6.3984637790338983E-01,  9.7656249999999996E-11,  2.9935504727350890E-04
STOP,3,7,3,1,512,5,80,  3.4288524727923431E-02,  4.0904656094475816E-01,  4.8828124999999998E-11,  2.9702520119733638E-04
STOP,3,7,3,1,1024,8,80,  1.1782215790338668E-02,  2.5935756131827181E-01,  4.5932607142531603E-05,  3.1288138411944143E-04
STOP,3,7,3,1,2048,12,80,  2.9362731151040933E-02,  3.0606682728201018E-01,  2.8639150134734948E-05,  3.5468023046432835E-04
STOP,3,7,3,1,4096,19,80,  1.2343770474394056E-01,  3.2229800889319016E-01,  4.5931040846774203E-05,  3.9847370725948919E-04
STOP,3,2,2,1,4,4,80,  1.6844303729612875E-12,  8.1416623409904378E+00,  6.2499999999999997E-09,  8.8044967392726832E-04
STOP,3,2,2,1,16,16,80,  3.8192038874145950E-01,  3.0100208468951067E+01,  1.5624999999999999E-09,  1.5624999999999999E-09
STOP,3,2,2,1,32,28,80,  4.5953672105390364E-02,  1.8235034126441136E+01,  7.8124999999999996E-10,  7.8124999999999996E-10
STOP,3,2,2,1,4,4,80,  1.6844303729612875E-12,  8.1416623409904378E+00,  6.2499999999999997E-09,  8.8044967392726832E-04
STOP,3,2,2,1,16,16,80,  3.8192038874145950E-01,  3.0100208468951067E+01,  1.5624999999999999E-09,  1.5624999999999999E-09
STOP,3,2,2,1,32,28,80,  4.5953672105390364E-02,  1.8235034126441136E+01,  7.8124999999999996E-10,  7.8124999999999996E-10
STOP,3,2,2,1,4,4,80,  1.6844303729612875E-12,  8.1416623409904378E+00,  6.2499999999999997E-09,  8.8044967392726832E-04
STOP,3,2,2,1,16,16,80,  3.8192038874145950E-01,  3.0100208468951067E+01,  1.5624999999999999E-09,  1.5624999999999999E-09
STOP,3,2,2,1,32,28,80,  4.5953672105390364E-02,  1.8235034126441136E+01,  7.8124999999999996E-10,  7.8124999999999996E-10
STOP,3,5,2,1,4,4,80,  3.5216274341109965E-13,  8.1342581070445341E+00,  6.2499999999999997E-09,  8.9912615250331649E-04
STOP,3,5,2,1,4,4,80,  3.5216274341109965E-13,  8.1342581070445341E+00,  6.2499999999999997E-09,  8.9912615250331649E-04
STOP,3,5,2,1,4,4,80,  3.5216274341109965E-13,  8.1342581070445341E+00,  6.2499999999999997E-09,  8.9912615250331649E-04
