STOP,3,7,2,1,1,1,80,  1.6426859872353816E-12,  1.0608150817646617E+01,  2.4999999999999999E-08,  8.9720333237162128E-04
STOP,3,7,2,1,2,1,80,  4.5633963274838152E-10,  1.0519054018255366E+01,  1.2499999999999999E-08,  9.0023990983594188E-04
STOP,3,7,2,1,16,16,80,  8.5425000406758045E-12,  5.7290234714476593E+00,  1.5624999999999999E-09,  4.5133448416828729E-04
STOP,3,7,2,1,32,29,80,  9.9717079038441625E-10,  3.4324947570696263E+00,  7.8124999999999996E-10,  2.9710017008238834E-04
STOP,3,7,2,1,64,55,80,  7.0823791276097836E-11,  2.1106838669574359E+00,  3.9062499999999998E-10,  2.5476605945909246E-04
STOP,3,7,2,1,128,108,80,  7.9281177178813778E-09,  1.0246577667112668E+00,  1.9531249999999999E-10,  1.1752946288021196E-04
STOP,3,7,2,1,256,213,80,  3.7205794001238246E-10,  7.6562844051227508E-01,  9.7656249999999996E-11,  2.3326586720360726E-04
STOP,3,7,2,1,512,425,80,  3.7184832990533323E-10,  4.3198155654876624E-01,  4.8828124999999998E-11,  1.3282775313374585E-04
STOP,3,7,2,1,1024,848,80,  2.3343904587136421E-09,  2.3947878142594931E-01,  2.4414062499999999E-11,  9.9992471449496549E-05
STOP,3,7,2,1,2048,1694,80,  5.2718895915404573E-10,  1.2181125700538722E-01,  1.2207031249999999E-11,  7.5125061181298441E-05
STOP,3,7,2,1,4096,3385,80,  1.2247092229245027E-11,  7.5119825039078131E-02,  6.1035156249999997E-12,  9.2156929824487632E-05
STOP,3,7,2,1,1,1,80,  1.6426859872353816E-12,  1.0608150817646617E+01,  2.4999999999999999E-08,  8.9720333237162128E-04
STOP,3,7,2,1,2,1,80,  4.5633963274838152E-10,  1.0519054018255366E+01,  1.2499999999999999E-08,  9.0023990983594188E-04
STOP,3,7,2,1,16,16,80,  8.5425000406758045E-12,  5.7290234714476593E+00,  1.5624999999999999E-09,  4.5133448416828729E-04
STOP,3,7,2,1,32,29,80,  9.9717079038441625E-10,  3.4324947570696263E+00,  7.8124999999999996E-10,  2.9710017008238834E-04
STOP,3,7,2,1,64,55,80,  7.0823791276097836E-11,  2.1106838669574359E+00,  3.9062499999999998E-10,  2.5476605945909246E-04
STOP,3,7,2,1,128,108,80,  7.9281177178813778E-09,  1.0246577667112668E+00,  1.9531249999999999E-10,  1.1752946288021196E-04
STOP,3,7,2,1,256,213,80,  3.7205794001238246E-10,  7.6562844051227508E-01,  9.7656249999999996E-11,  2.3326586720360726E-04
STOP,3,7,2,1,512,425,80,  3.7184832990533323E-10,  4.3198155654876624E-01,  4.8828124999999998E-11,  1.3282775313374585E-04
STOP,3,7,2,1,1024,848,80,  2.3343904587136421E-09,  2.3947878142594931E-01,  2.4414062499999999E-11,  9.9992471449496549E-05
STOP,3,7,2,1,2048,1694,80,  5.2718895915404573E-10,  1.2181125700538722E-01,  1.2207031249999999E-11,  7.5125061181298441E-05
STOP,3,7,2,1,4096,3385,80,  1.2247092229245027E-11,  7.5119825039078131E-02,  6.1035156249999997E-12,  9.2156929824487632E-05
STOP,3,7,2,1,1,1,80,  1.6426859872353816E-12,  1.0608150817646617E+01,  2.4999999999999999E-08,  8.9720333237162128E-04
STOP,3,7,2,1,2,1,80,  4.5633963274838152E-10,  1.0519054018255366E+01,  1.2499999999999999E-08,  9.0023990983594188E-04
STOP,3,7,2,1,16,16,80,  8.5425000406758045E-12,  5.7290234714476593E+00,  1.5624999999999999E-09,  4.5133448416828729E-04
STOP,3,7,2,1,32,29,80,  9.9717079038441625E-10,  3.4324947570696263E+00,  7.8124999999999996E-10,  2.9710017008238834E-04
STOP,3,7,2,1,64,55,80,  7.0823791276097836E-11,  2.1106838669574359E+00,  3.9062499999999998E-10,  2.5476605945909246E-04
STOP,3,7,2,1,128,108,80,  7.9281177178813778E-09,  1.0246577667112668E+00,  1.9531249999999999E-10,  1.1752946288021196E-04
STOP,3,7,2,1,256,214,80,  4.6401371633919553E-10,  7.3543484034175999E-01,  9.7656249999999996E-11,  2.5718992007307443E-04
STOP,3,7,2,1,512,427,80,  2.0567787473169119E-09,  4.3981559480479476E-01,  4.8828124999999998E-11,  1.5808177731369412E-04
STOP,3,7,2,1,1024,852,80,  1.0791287863298749E-09,  2.6290258095867425E-01,  2.4414062499999999E-11,  1.3948422129320487E-04
STOP,3,7,2,1,2048,1703,80,  2.3424515840986260E-04,  1.0125773644818428E-01,  1.2207031249999999E-11,  5.2423459098835997E-05
STOP,3,7,2,1,4096,3403,80,  2.0504931086406941E-09,  6.1230215680213779E-02,  6.1035156249999997E-12,  5.5078101912467082E-05
STOP,3,7,3,1,256,3,80,  8.1391942829842634E-03,  6.3984799915302004E-01,  9.7656249999999996E-11,  2.9935498358040944E-04
STOP,3,7,3,1,512,5,80,  3.4287819095685457E-02,  4.0909399205708769E-01,  4.8828124999999998E-11,  2.9702398876006400E-04
STOP,3,7,3,1,1024,8,80,  8.6116437638130705E-03,  2.6087955294930476E-01,  4.5931046202880102E-05,  3.1278980127956365E-04
STOP,3,7,3,1,2048,12,80,  2.9067520714830763E-02,  3.0606682735029145E-01,  4.5926257639155771E-05,  3.5468023046291824E-04
STOP,3,7,3,1,4096,19,80,  5.6044138338722682E-02,  3.2229801188083629E-01,  4.5668931929340484E-05,  3.9847370688915685E-04
