case,step,time_day,dt_day,recharge_m_per_day,coupling_iterations,max_abs_coupling_residual_m_per_s,input_m3,dummy_storage_change_m3,interface_transfer_m3,modflow_storage_change_m3,drain_outflow_m3,mass_residual_m3,mass_relative_residual,action_reaction_residual_m3,max_abs_action_reaction_rate_error_m3_per_day,resistance_law_max_abs_error_m3_per_day,revisions_min,revisions_max,ledgers_min,ledgers_max
zero,0,0.25,0.25,0.0,1,0.0,0.0,0.0,0.0,-0.0,-0.0,0.0,0.0,0.0,0.0,0.0,1,1,1,1
zero,1,0.5,0.25,0.0,1,0.0,0.0,0.0,0.0,-0.0,-0.0,0.0,0.0,0.0,0.0,0.0,2,2,2,2
zero,2,0.75,0.25,0.0,1,0.0,0.0,0.0,0.0,-0.0,-0.0,0.0,0.0,0.0,0.0,0.0,3,3,3,3
zero,3,1.0,0.25,0.0,1,0.0,0.0,0.0,0.0,-0.0,-0.0,0.0,0.0,0.0,0.0,0.0,4,4,4,4
transparent,0,0.25,0.25,0.001,4,1.555099551599692e-22,0.0125,0.0023751228388707414,0.010124877161129246,0.009500483255581421,0.0006243939055750047,-2.71657696337968e-14,2.173261570703744e-12,1.3877787807814457e-17,1.3444106938820255e-17,5.5328708411725436e-11,1,1,1,1
transparent,1,0.5,0.25,0.001,3,1.5881867761018131e-22,0.0125,0.002325887890959211,0.010174112109040774,0.009303551524448922,0.0008705605846088815,-1.7014167852380524e-14,1.361133428190442e-12,-3.2959746043559335e-17,1.3769367590565906e-17,5.838275370963208e-11,2,2,2,2
transparent,2,0.75,0.25,0.001,3,1.522012327097571e-22,0.0125,0.0022886787706799696,0.010211321229320015,0.0091547150529524,0.0010566061763803702,-1.2739809207573671e-14,1.0191847366058937e-12,8.673617379884035e-18,1.3118846287074604e-17,5.983066180079849e-11,3,3,3,3
transparent,3,1.0,0.25,0.001,3,1.6047303883528737e-22,0.0125,0.0022575689416424126,0.010242431058357551,0.00903027574168197,0.0012121553166899446,-1.432708118809245e-14,1.146166495047396e-12,-2.7755575615628914e-17,1.3877787807814457e-17,5.889012541504535e-11,4,4,4,4
transparent,4,1.25,0.25,0.001,3,1.5716431638507526e-22,0.0125,0.002230311492676329,0.010269688507323668,0.008921245948899259,0.0013484425584380233,-1.3610640392514028e-14,1.0888512314011223e-12,6.938893903907228e-18,1.3552527156068805e-17,5.892651861252873e-11,5,5,5,5
transparent,5,1.5,0.25,0.001,3,1.6047303883528737e-22,0.0125,0.002205762160149005,0.010294237839851002,0.008823048620956508,0.0014711892189076536,-1.3166551182663966e-14,1.0533240946131173e-12,-3.469446951953614e-18,1.3769367590565906e-17,5.6619497718762846e-11,6,6,6,6
transparent,6,1.75,0.25,0.001,3,1.555099551599692e-22,0.0125,0.002183248452337827,0.010316751547662165,0.008732993791340377,0.0015837577563360128,-1.4216058885629934e-14,1.1372847108503947e-12,2.0816681711721685e-17,1.3444106938820255e-17,5.487249554476242e-11,7,7,7,7
transparent,7,2.0,0.25,0.001,3,1.6047303883528737e-22,0.0125,0.0021623363829070875,0.010337663617092912,0.008649345514898599,0.001688318102203823,-9.50801937182888e-15,7.606415497463104e-13,3.469446951953614e-18,1.3877787807814457e-17,5.4862459085251725e-11,8,8,8,8
transparent,8,2.25,0.25,0.001,3,1.6047303883528737e-22,0.0125,0.0021427268786295807,0.010357273121370402,0.008570907498830743,0.001786365622550079,-1.0401401961956935e-14,8.321121569565548e-13,-8.673617379884035e-18,1.3877787807814457e-17,5.961099311651424e-11,9,9,9,9
transparent,9,2.5,0.25,0.001,3,1.5385559393486315e-22,0.0125,0.0021242035941592577,0.010375796405840737,0.008496814361818372,0.0018789820440332505,-1.0880185641326534e-14,8.704148513061227e-13,1.214306433183765e-17,1.3335686721571705e-17,5.97479947461732e-11,10,10,10,10
transparent,10,2.75,0.25,0.001,3,1.6047303883528737e-22,0.0125,0.0021066040809772538,0.010393395919022752,0.008426416309829321,0.0019669796092038894,-1.04638520070921e-14,8.37108160567368e-13,-5.204170427930421e-18,1.3877787807814457e-17,5.903312214061707e-11,11,11,11,11
transparent,11,3.0,0.25,0.001,3,1.4392942658422682e-22,0.0125,0.002089802699448745,0.010410197300551247,0.008359210784354032,0.002050986516206166,-8.94249951866044e-15,7.153999614928352e-13,-1.3877787807814457e-17,1.2468324983583301e-17,5.782528850282326e-11,12,12,12,12
transparent,12,3.25,0.25,0.001,3,1.522012327097571e-22,0.0125,0.0020736999156767467,0.010426300084323246,0.008294799649824797,0.002131500434508382,-9.924353006063313e-15,7.939482404850651e-13,3.469446951953614e-18,1.3227266504323154e-17,5.944701328419733e-11,13,13,13,13
transparent,13,3.5,0.25,0.001,3,1.522012327097571e-22,0.0125,0.0020582152918276475,0.010441784708172353,0.008232861154922805,0.0022089235532618545,-1.230612833857947e-14,9.844902670863576e-13,-3.469446951953614e-18,1.3227266504323154e-17,5.630064177451072e-11,14,14,14,14
transparent,14,3.75,0.25,0.001,3,1.5716431638507526e-22,0.0125,0.002043282723472345,0.010456717276527664,0.008173130881943297,0.002283586394597137,-1.2777973124045161e-14,1.0222378499236129e-12,1.5612511283791264e-17,1.3552527156068805e-17,5.876764569770487e-11,15,15,15,15
transparent,15,4.0,0.25,0.001,3,1.5716431638507526e-22,0.0125,0.0020288471022896493,0.010471152897710355,0.008115388397610085,0.002355764500112656,-1.2389395065426356e-14,9.911516052341085e-13,-2.7755575615628914e-17,1.3552527156068805e-17,5.757151374553848e-11,16,16,16,16
transparent,16,4.25,0.25,0.001,3,1.5881867761018131e-22,0.0125,0.002014861915352778,0.010485138084647235,0.008059447650222956,0.002425690434439076,-1.4809334314414002e-14,1.1847467451531202e-12,3.469446951953614e-18,1.3769367590565906e-17,5.532671001028111e-11,17,17,17,17
transparent,17,4.5,0.25,0.001,3,1.5054687148465104e-22,0.0125,0.0020012874786585143,0.01049871252134149,0.008005149903774461,0.0024935626175768277,-9.802922362744937e-15,7.84233789019595e-13,-1.214306433183765e-17,1.3010426069826053e-17,5.824013439483661e-11,18,18,18,18
transparent,18,4.75,0.25,0.001,3,1.4558378780933287e-22,0.0125,0.00198808961146994,0.010511910388530056,0.00795235843532155,0.0025595519532224387,-1.3926360065141807e-14,1.1141088052113446e-12,-1.734723475976807e-18,1.2576745200831851e-17,5.853374393256089e-11,19,19,19,19
transparent,19,5.0,0.25,0.001,3,1.6047303883528737e-22,0.0125,0.0019752386241107312,0.010524761375889289,0.007900954486162098,0.002623806889737068,-9.896597430447684e-15,7.917277944358148e-13,-3.122502256758253e-17,1.3769367590565906e-17,5.958563557926372e-11,20,20,20,20
transparent,20,5.25,0.25,0.001,3,1.5716431638507526e-22,0.0125,0.0019627085331607786,0.010537291466839236,0.007850834122619,0.002686457344236004,-1.5780779460961014e-14,1.2624623568768811e-12,1.734723475976807e-18,1.3660947373317356e-17,5.356345401941187e-11,21,21,21,21
transparent,21,5.5,0.25,0.001,3,1.5385559393486315e-22,0.0125,0.0019504764445723967,0.010549523555427612,0.007801905768504036,0.0027476177869374396,-1.387084891391055e-14,1.109667913112844e-12,2.0816681711721685e-17,1.3227266504323154e-17,5.901062895708603e-11,22,22,22,22
transparent,22,5.75,0.25,0.001,3,1.555099551599692e-22,0.0125,0.0019385220628049316,0.010561477937195076,0.007754088241656076,0.0028073896955547184,-1.5725268309729756e-14,1.2580214647783805e-12,-1.214306433183765e-17,1.3444106938820255e-17,5.977543937260577e-11,23,23,23,23
transparent,23,6.0,0.25,0.001,3,1.5716431638507526e-22,0.0125,0.0019268272958728905,0.010573172704127115,0.00770730917413584,0.002865863530004731,-1.3461454173580023e-14,1.0769163338864018e-12,-5.204170427930421e-18,1.3660947373317356e-17,5.866175264730017e-11,24,24,24,24
transparent,24,6.25,0.25,0.001,3,1.555099551599692e-22,0.0125,0.0019153759343594646,0.01058462406564053,0.007661503728276786,0.002923120337381846,-1.8096635301390052e-14,1.4477308241112041e-12,1.214306433183765e-17,1.3444106938820255e-17,5.898513817138851e-11,25,25,25,25
transparent,25,6.5,0.25,0.001,3,1.4723814903443893e-22,0.0125,0.0019041533881448915,0.01059584661185511,0.007616613543601575,0.0029792330682631984,-9.664144484666792e-15,7.731315587733434e-13,1.0408340855860843e-17,1.2793585635328952e-17,5.827839274531732e-11,26,26,26,26
transparent,26,6.75,0.25,0.001,3,1.6047303883528737e-22,0.0125,0.001893146468652124,0.01060685353134786,0.007572585865803005,0.0030342676655585876,-1.3716458524548614e-14,1.097316681963889e-12,8.673617379884035e-18,1.3877787807814457e-17,5.867485327899075e-11,27,27,27,27
transparent,27,7.0,0.25,0.001,3,1.6047303883528737e-22,0.0125,0.0018823432073434233,0.01061765679265658,0.007529372820731045,0.0030882839719375,-1.1967857260763992e-14,9.574285808611194e-13,8.673617379884035e-18,1.3877787807814457e-17,5.74078226362601e-11,28,28,28,28
transparent,28,7.25,0.25,0.001,3,1.6047303883528737e-22,0.0125,0.0018717327033724751,0.010628267296627534,0.007486930805001374,0.003141336491637503,-1.1352030426792226e-14,9.08162434143378e-13,-8.673617379884035e-18,1.3769367590565906e-17,5.773362853327829e-11,29,29,29,29
transparent,29,7.5,0.25,0.001,3,1.555099551599692e-22,0.0125,0.0018613049948425333,0.010638695005157489,0.007445219971027955,0.0031934750341449103,-1.539740557277014e-14,1.2317924458216112e-12,1.3877787807814457e-17,1.3444106938820255e-17,5.917216651558921e-11,30,30,30,30
transparent,30,7.75,0.25,0.001,3,1.5881867761018131e-22,0.0125,0.001851050949369526,0.010648949050630473,0.007404203789274921,0.0032447452613695305,-1.3976667045945135e-14,1.1181333636756108e-12,1.734723475976807e-17,1.3660947373317356e-17,5.7841431188969394e-11,31,31,31,31
transparent,31,8.0,0.25,0.001,3,1.5881867761018131e-22,0.0125,0.001840962170518884,0.010659037829481134,0.007363848674004386,0.003295189155490874,-1.4143200499638908e-14,1.1314560399711127e-12,-2.2551405187698492e-17,1.3769367590565906e-17,5.927019899182318e-11,32,32,32,32
transparent,32,8.25,0.25,0.001,3,1.5716431638507526e-22,0.0125,0.0018310309173853847,0.010668969082614624,0.00732412366159671,0.0033448454210294187,-1.1511624986582092e-14,9.209299989265674e-13,1.3877787807814457e-17,1.3552527156068805e-17,5.929728854204425e-11,33,33,33,33
transparent,33,8.5,0.25,0.001,3,1.555099551599692e-22,0.0125,0.0018212500351436512,0.010678749964856342,0.007285000132749908,0.003393749832124371,-1.7930101847696278e-14,1.4344081478157023e-12,-6.938893903907228e-18,1.3444106938820255e-17,5.65592126085257e-11,34,34,34,34
transparent,34,8.75,0.25,0.001,3,1.6047303883528737e-22,0.0125,0.0018116128947781752,0.010688387105221821,0.007246451571403023,0.0034419355338251023,-6.300515664747763e-15,5.040412531798211e-13,2.42861286636753e-17,1.3877787807814457e-17,5.938033333270643e-11,35,35,35,35
transparent,35,9.0,0.25,0.001,3,1.6047303883528737e-22,0.0125,0.0018021133405672464,0.010697886659432755,0.00720845335466927,0.0034894333047787995,-1.5314138845923253e-14,1.2251311076738602e-12,-6.938893903907228e-18,1.3877787807814457e-17,5.8115212295262175e-11,36,36,36,36
transparent,36,9.25,0.25,0.001,3,1.6047303883528737e-22,0.0125,0.001792745644124666,0.01070725435587533,0.00717098256900453,0.0035362717868814286,-1.0623446566881967e-14,8.498757253505573e-13,5.204170427930421e-18,1.3877787807814457e-17,5.82431319970031e-11,37,37,37,37
transparent,37,9.5,0.25,0.001,3,1.5881867761018131e-22,0.0125,0.0017835044640367725,0.010716495535963214,0.007134017848754115,0.003582477687221086,-1.1973061431191923e-14,9.578449144953538e-13,-1.734723475976807e-17,1.3769367590565906e-17,5.618513423608085e-11,38,38,38,38
transparent,38,9.75,0.25,0.001,3,1.5716431638507526e-22,0.0125,0.0017743848102763028,0.0107256151897237,0.007097539233809375,0.0036280759559232933,-8.97025509427607e-15,7.176204075420856e-13,-3.469446951953614e-18,1.3660947373317356e-17,5.941614886727231e-11,39,39,39,39
transparent,39,10.0,0.25,0.001,3,1.4889251025954498e-22,0.0125,0.0017653820127292441,0.010734617987270767,0.007061528043714876,0.0036730899435681863,-1.230612833857947e-14,9.844902670863576e-13,1.3877787807814457e-17,1.2793585635328952e-17,5.6510784766927724e-11,40,40,40,40
transparent,40,10.25,0.25,0.001,3,1.5881867761018131e-22,0.0125,0.0017564916932597818,0.010743508306740215,0.007025966765926817,0.003717541540822822,-9.419548474554063e-15,7.53563877964325e-13,0.0,1.3769367590565906e-17,5.7588300447775076e-11,41,41,41,41
transparent,41,10.5,0.25,0.001,3,1.5881867761018131e-22,0.0125,0.0017477097408502896,0.010752290259149727,0.006990838956375617,0.003761451302789709,-1.561424600726724e-14,1.2491396805813793e-12,1.3877787807814457e-17,1.3660947373317356e-17,5.83889263978607e-11,42,42,42,42
transparent,42,10.75,0.25,0.001,3,1.555099551599692e-22,0.0125,0.001739032289401743,0.010760967710598248,0.006956129150665069,0.003804838559943846,-1.0658141036401503e-14,8.526512829121202e-13,1.5612511283791264e-17,1.3335686721571705e-17,5.922521295002176e-11,43,43,43,43
transparent,43,11.0,0.25,0.001,3,1.6047303883528737e-22,0.0125,0.001730455697868766,0.01076954430213124,0.006921822784613757,0.0038477215175305446,-1.3065937221057311e-14,1.0452749776845849e-12,1.734723475976807e-18,1.3877787807814457e-17,5.774821690718995e-11,44,44,44,44
transparent,44,11.25,0.25,0.001,3,1.5716431638507526e-22,0.0125,0.00172197653242277,0.010778023467577226,0.006887906122907739,0.0038901173446781456,-8.652800698172314e-15,6.922240558537851e-13,2.6020852139652106e-17,1.3660947373317356e-17,5.896730814140133e-11,45,45,45,45
transparent,45,11.5,0.25,0.001,3,1.6047303883528737e-22,0.0125,0.0017135915504093936,0.010786408449590593,0.006854366194929656,0.003932042254675139,-1.4188303310014305e-14,1.1350642648011444e-12,1.214306433183765e-17,1.3877787807814457e-17,5.871686405319043e-11,46,46,46,46
transparent,46,11.75,0.25,0.001,3,1.5716431638507526e-22,0.0125,0.001705297685873075,0.010794702314126936,0.006821190736857136,0.003973511577289202,-1.941155569618047e-14,1.5529244556944377e-12,1.3877787807814457e-17,1.3552527156068805e-17,5.4345961324892e-11,47,47,47,47
transparent,47,12.0,0.25,0.001,3,1.5054687148465104e-22,0.0125,0.0016970920364774934,0.010802907963522505,0.006788368139345469,0.004014539824190422,-1.3383391617161067e-14,1.0706713293728853e-12,6.938893903907228e-18,1.3118846287074604e-17,5.903758536728032e-11,48,48,48,48
transparent,48,12.25,0.25,0.001,3,1.5716431638507526e-22,0.0125,0.00168897185165226,0.010811028148347753,0.0067558874001127645,0.004055140748246089,-1.1112638587107426e-14,8.890110869685941e-13,-1.5612511283791264e-17,1.3660947373317356e-17,5.854349166903305e-11,49,49,49,49
transparent,49,12.5,0.25,0.001,3,1.555099551599692e-22,0.0125,0.0016809345218322504,0.010819065478167762,0.006723738080899239,0.004095327397280357,-1.1844691893969639e-14,9.475753515175711e-13,3.469446951953614e-18,1.3444106938820255e-17,5.635892837488332e-11,50,50,50,50
transparent,50,12.75,0.25,0.001,3,1.5881867761018131e-22,0.0125,0.001672977568670464,0.010827022431329535,0.00669191026831642,0.004135112163030641,-1.7524176554317705e-14,1.4019341243454164e-12,5.204170427930421e-18,1.3769367590565906e-17,5.5631732619014496e-11,51,51,51,51
transparent,51,13.0,0.25,0.001,3,1.6047303883528737e-22,0.0125,0.0016650986361147757,0.010834901363885237,0.006660394538155867,0.004174506825744828,-1.5470263958761166e-14,1.2376211167008933e-12,-1.5612511283791264e-17,1.3877787807814457e-17,5.7621162940883763e-11,52,52,52,52
transparent,52,13.25,0.25,0.001,3,1.6047303883528737e-22,0.0125,0.001657295482263349,0.010842704517736643,0.006629181922810895,0.004213522594938013,-1.2255821357776142e-14,9.804657086220914e-13,3.8163916471489756e-17,1.3877787807814457e-17,5.839492160219367e-11,53,53,53,53
transparent,53,13.5,0.25,0.001,3,1.5881867761018131e-22,0.0125,0.0016495659719122536,0.010850434028087724,0.0065982638814655326,0.004252170146639145,-1.6930901125533637e-14,1.354472090042691e-12,-2.6020852139652106e-17,1.3769367590565906e-17,5.882759774103463e-11,54,54,54,54
transparent,54,13.75,0.25,0.001,3,1.6047303883528737e-22,0.0125,0.0016419080697238132,0.0108580919302762,0.006567632272768714,0.004290459657518397,-1.0923553728225954e-14,8.738842982580763e-13,3.469446951953614e-18,1.3877787807814457e-17,5.2964555484480424e-11,55,55,55,55
transparent,55,14.0,0.25,0.001,3,1.5716431638507526e-22,0.0125,0.001634319833963055,0.010865680166036963,0.00653727932978157,0.00432840083627184,-1.6464260510495876e-14,1.31714084083967e-12,8.673617379884035e-18,1.3660947373317356e-17,5.094466049102714e-11,56,56,56,56
transparent,56,14.25,0.25,0.001,3,1.5881867761018131e-22,0.0125,0.0016267994107271866,0.010873200589272802,0.006507197636892642,0.004366002952391312,-1.1140394162723055e-14,8.912315330178444e-13,8.673617379884035e-18,1.3660947373317356e-17,5.517827319188873e-11,57,57,57,57
transparent,57,14.5,0.25,0.001,3,1.6047303883528737e-22,0.0125,0.0016193450286478785,0.010880654971352125,0.006477380108627778,0.004403274862742279,-1.793530601812421e-14,1.4348244814499367e-12,-5.204170427930421e-18,1.3769367590565906e-17,5.890302611985532e-11,58,58,58,58
transparent,58,14.75,0.25,0.001,3,1.555099551599692e-22,0.0125,0.0016119549939877687,0.010888045006012221,0.00644781997003932,0.004440225035981626,-8.715250743307479e-15,6.972200594645983e-13,1.0408340855860843e-17,1.3444106938820255e-17,5.92997309242782e-11,59,59,59,59
transparent,59,15.0,0.25,0.001,3,1.5716431638507526e-22,0.0125,0.0016046276861263033,0.010895372313873707,0.006418510738643218,0.0044768615752452945,-1.4814538484841933e-14,1.1851630787873546e-12,1.214306433183765e-17,1.3660947373317356e-17,5.957686470894896e-11,60,60,60,60
transparent,60,15.25,0.25,0.001,3,1.6047303883528737e-22,0.0125,0.0015973615533730003,0.01090263844662699,0.006389446207679117,0.004513192238960073,-1.2189901865689023e-14,9.751921492551219e-13,-1.9081958235744878e-17,1.3877787807814457e-17,5.634658289000588e-11,61,61,61,61
transparent,61,15.5,0.25,0.001,3,1.5881867761018131e-22,0.0125,0.0015901551090994892,0.010909844890900518,0.006360620430632735,0.0045492244602840515,-1.6275175651614404e-14,1.3020140521291523e-12,3.469446951953614e-18,1.3769367590565906e-17,5.5830418088133327e-11,62,62,62,62
transparent,62,15.75,0.25,0.001,3,1.555099551599692e-22,0.0125,0.001583006928143066,0.010916993071856954,0.006332027706853621,0.0045849653650194,-1.6086090792732932e-14,1.2868872634186346e-12,1.734723475976807e-17,1.3444106938820255e-17,5.6995618944941095e-11,63,63,63,63
transparent,63,16.0,0.25,0.001,3,1.5385559393486315e-22,0.0125,0.0015759156434690504,0.010924084356530956,0.006303662568203333,0.004620421788338547,-1.0928757898653885e-14,8.743006318923108e-13,1.734723475976807e-18,1.3335686721571705e-17,5.796459926626918e-11,64,64,64,64
transparent,64,16.25,0.25,0.001,3,1.6047303883528737e-22,0.0125,0.001568879943071322,0.010931120056928676,0.006275519766656801,0.004655600290284667,-1.2788381464901022e-14,1.0230705171920818e-12,1.0408340855860843e-17,1.3877787807814457e-17,5.944814562494627e-11,65,65,65,65
transparent,65,16.5,0.25,0.001,3,1.6047303883528737e-22,0.0125,0.0015618985670788677,0.010938101432921132,0.006247594262730305,0.004690507170206359,-1.5530979280420354e-14,1.2424783424336283e-12,-1.0408340855860843e-17,1.3877787807814457e-17,5.950085899247143e-11,66,66,66,66
transparent,66,16.75,0.25,0.001,3,1.555099551599692e-22,0.0125,0.001554970305061354,0.010945029694938638,0.006219881214702794,0.004725148480247299,-1.1445705494494973e-14,9.156564395595979e-13,5.204170427930421e-18,1.3444106938820255e-17,5.8094917223215636e-11,67,67,67,67
transparent,67,17.0,0.25,0.001,3,1.5881867761018131e-22,0.0125,0.0015480939935173133,0.010951906006482685,0.006192375968568226,0.004759530037922843,-8.382183835919932e-15,6.705747068735946e-13,-1.214306433183765e-17,1.3660947373317356e-17,5.3296068079633496e-11,68,68,68,68
transparent,68,17.25,0.25,0.001,3,1.6047303883528737e-22,0.0125,0.001541268513518901,0.01095873148648109,0.006165074048615216,0.004793657437872412,-6.527764440100725e-15,5.22221155208058e-13,2.0816681711721685e-17,1.3877787807814457e-17,5.669577014897481e-11,69,69,69,69
transparent,69,17.5,0.25,0.001,3,1.6047303883528737e-22,0.0125,0.0015344927885137362,0.010965507211486257,0.006137971148634375,0.004827536062865789,-1.3898604489526178e-14,1.1118883591620943e-12,1.5612511283791264e-17,1.3877787807814457e-17,5.907355637643774e-11,70,70,70,70
transparent,70,17.75,0.25,0.001,3,1.5881867761018131e-22,0.0125,0.0015277657822642455,0.010972234217735752,0.006111063123675459,0.004861171094074024,-1.3726866865404475e-14,1.098149349232358e-12,-8.673617379884035e-18,1.3769367590565906e-17,5.678334441105298e-11,71,71,71,71
transparent,71,18.0,0.25,0.001,3,1.5881867761018131e-22,0.0125,0.0015210864969144866,0.01097891350308552,0.00608434598231436,0.004894567520786097,-1.4942908022064216e-14,1.1954326417651373e-12,-1.734723475976807e-18,1.3769367590565906e-17,5.894674678930123e-11,72,72,72,72
transparent,72,18.25,0.25,0.001,3,1.5716431638507526e-22,0.0125,0.001514453971176122,0.010985546028823888,0.006057815879398437,0.004927730149436371,-1.0928757898653885e-14,8.743006318923108e-13,-8.673617379884035e-18,1.3552527156068805e-17,5.91941710492011e-11,73,73,73,73
transparent,73,18.5,0.25,0.001,3,1.5716431638507526e-22,0.0125,0.001507867278621794,0.010992132721378198,0.006031469109217841,0.00496066361217018,-9.813330703600798e-15,7.850664562880638e-13,-3.122502256758253e-17,1.3552527156068805e-17,5.7705495438466203e-11,74,74,74,74
transparent,74,18.75,0.25,0.001,3,1.555099551599692e-22,0.0125,0.0015013255260823534,0.010998674473917641,0.006005302099096055,0.004993372374833882,-1.2288781103819701e-14,9.831024883055761e-13,0.0,1.3335686721571705e-17,5.906447477378035e-11,75,75,75,75
transparent,75,19.0,0.25,0.001,3,1.5716431638507526e-22,0.0125,0.0014948278521343117,0.01100517214786569,0.005979311403339099,0.0050258607445385906,-1.2000817006807551e-14,9.600653605446041e-13,-1.214306433183765e-17,1.3660947373317356e-17,4.968531261331094e-11,76,76,76,76
transparent,76,19.25,0.25,0.001,3,1.6047303883528737e-22,0.0125,0.0014883734256747384,0.011011626574325268,0.005953493697535367,0.005058132876804677,-1.4781578738798373e-14,1.1825262991038699e-12,-3.469446951953614e-18,1.3877787807814457e-17,5.9888659894973e-11,77,77,77,77
transparent,77,19.5,0.25,0.001,3,1.6047303883528737e-22,0.0125,0.0014819614445800212,0.01101803855541998,0.005927845773190554,0.005090192782240877,-1.1450909664922904e-14,9.160727731938323e-13,8.673617379884035e-18,1.3877787807814457e-17,5.646033629774089e-11,78,78,78,78
transparent,78,19.75,0.25,0.001,3,1.5716431638507526e-22,0.0125,0.0014755911344319916,0.011024408865568,0.0059023645326317375,0.005122044332946274,-1.000241556248227e-14,8.001932449985816e-13,5.204170427930421e-18,1.3552527156068805e-17,5.97167305839072e-11,79,79,79,79
transparent,79,20.0,0.25,0.001,3,1.555099551599692e-22,0.0125,0.0014692617473211324,0.011030738252678859,0.005877046984221007,0.005153691268468208,-1.0345890810725678e-14,8.276712648580542e-13,2.42861286636753e-17,1.3552527156068805e-17,5.885148954536817e-11,80,80,80,80
transparent,80,20.25,0.25,0.0,3,1.5530316000683095e-22,0.0,-0.0009121502781566538,0.0009121502781566635,-0.0036485930177563575,0.00456074329592937,-1.635930974019928e-14,3.5869832346846972e-12,1.3010426069826053e-18,1.3417001884508117e-17,5.462491587803365e-11,81,81,81,81
transparent,81,20.5,0.25,0.0,3,1.5302841332231012e-22,0.0,-0.0008691650146032626,0.0008691650146032465,-0.003476660024024747,0.004345825038640783,-1.277276895361723e-14,2.9390895491761656e-12,1.463672932855431e-17,1.3227266504323154e-17,5.5287252598477956e-11,82,82,82,82
transparent,82,20.75,0.25,0.0,3,1.5902547276331957e-22,0.0,-0.0008381667513879699,0.0008381667513879766,-0.0033526669807532605,0.004190833732149457,-8.226926084820008e-15,1.9630762303233774e-12,4.336808689942018e-18,1.3735486272675734e-17,5.2171478901884456e-11,83,83,83,83
transparent,83,21.0,0.25,0.0,3,1.5716431638507526e-22,0.0,-0.0008132296047784482,0.0008132296047784406,-0.0032529183991640565,0.004066148003953884,-1.1379786002407855e-14,2.7986649751416468e-12,-1.3227266504323154e-17,1.3566079683224874e-17,5.46369062866996e-11,84,84,84,84
transparent,84,21.25,0.25,0.0,3,1.5726771396164439e-22,0.0,-0.0007921072948674224,0.0007921072948674338,-0.0031684291625719285,0.00396053645745198,-1.2628786905111156e-14,3.1886556381394645e-12,2.4936649967166602e-18,1.3586408473958977e-17,5.484822608570715e-11,85,85,85,85
transparent,85,21.5,0.25,0.0,3,1.536487987817249e-22,0.0,-0.0007736561687640531,0.0007736561687640582,-0.003094624660295253,0.0038682808290708692,-1.1562799329123408e-14,2.9891313066587003e-12,4.553649124439119e-18,1.328147661294743e-17,5.510402141637068e-11,86,86,86,86
transparent,86,21.75,0.25,0.0,3,1.5778470184449003e-22,0.0,-0.0007572043257985218,0.0007572043257985274,-0.003028817290032626,0.003786021615844959,-1.381100095398935e-14,3.647892789673635e-12,4.0115480381963664e-18,1.3633842319005218e-17,5.519741336500487e-11,87,87,87,87
transparent,87,22.0,0.25,0.0,3,1.6005944852901086e-22,0.0,-0.0007423183517842936,0.0007423183517843036,-0.0029692733952284,0.0037115917470238458,-1.1152103546185899e-14,3.004668699117638e-12,-1.734723475976807e-18,1.3830353962768216e-17,5.540908845028808e-11,88,88,88,88
transparent,88,22.25,0.25,0.0,3,1.5964585822273434e-22,0.0,-0.0007286997274900509,0.0007286997274900367,-0.0029147988990653184,0.0036434986265660996,-1.073013206065454e-14,2.9450078510849897e-12,-1.7780915628762273e-17,1.3796472644878044e-17,5.528698614372385e-11,89,89,89,89
transparent,89,22.5,0.25,0.0,3,1.5158084725034232e-22,0.0,-0.0007161326441304239,0.0007161326441304201,-0.002864530566468043,0.0035806632106094582,-1.099120794378905e-14,3.0696011597019917e-12,-1.0083080204115191e-17,1.3091741232762466e-17,5.251837913123822e-11,90,90,90,90
transparent,90,22.75,0.25,0.0,3,1.584050873039048e-22,0.0,-0.0007044551729919635,0.00070445517299195,-0.0028178206826258156,0.0035222758556301415,-1.2362506851548716e-14,3.509806545046155e-12,-3.144186300207963e-18,1.3674499900473425e-17,5.470678370625122e-11,91,91,91,91
transparent,91,23.0,0.25,0.0,3,1.584050873039048e-22,0.0,-0.0006935421781390284,0.0006935421781390375,-0.0027741687038257967,0.003467710881977837,-1.3011727112433036e-14,3.752252582548546e-12,-1.474514954580286e-17,1.3688052427629493e-17,5.445882654404291e-11,92,92,92,92
transparent,92,23.25,0.25,0.0,3,1.5757790669135177e-22,0.0,-0.0006832946138921215,0.0006832946138921162,-0.0027331784473704213,0.0034164730612822325,-1.968997881407475e-14,5.763247202858063e-12,-1.8323016715005025e-17,1.360673726469308e-17,5.531309858384202e-11,93,93,93,93
transparent,93,23.5,0.25,0.0,3,1.5778470184449003e-22,0.0,-0.0006736325157417067,0.0006736325157417113,-0.0026945300552372042,0.0033681625709967022,-1.7791323969618134e-14,5.28220464262013e-12,-1.1600963245594897e-17,1.3633842319005218e-17,5.5074866982783317e-11,94,94,94,94
transparent,94,23.75,0.25,0.0,3,1.5850848488047393e-22,0.0,-0.0006644902382577367,0.0006644902382577372,-0.0026579609457171305,0.003322451183990438,-1.557087792036782e-14,4.686563340764086e-12,-3.5236570605778894e-17,1.3688052427629493e-17,5.458854498462183e-11,95,95,95,95
transparent,95,24.0,0.25,0.0,3,1.509733864879987e-22,0.0,-0.0006558131183306726,0.0006558131183306907,-0.0026232524663809265,0.0032790655847314554,-1.9856512267768522e-14,6.055539834344211e-12,-1.0842021724855044e-19,1.3044307387716225e-17,5.543966399509676e-11,96,96,96,96
transparent,96,24.25,0.25,0.0,3,1.6036964125871824e-22,0.0,-0.0006475550749843018,0.0006475550749843108,-0.002590220293330836,0.0032377753683299204,-1.4782446100536362e-14,4.565618184982767e-12,-2.0166160408230382e-17,1.3854070885291336e-17,5.4396276593065684e-11,97,97,97,97
transparent,97,24.5,0.25,0.0,3,1.5395899151143228e-22,0.0,-0.000639676843388648,0.0006396768433886582,-0.002558707367251889,0.0031983842106519944,-1.1457414877957817e-14,3.5822509502766113e-12,-8.890457814381136e-18,1.3308581667259567e-17,5.516641594357835e-11,98,98,98,98
transparent,98,24.75,0.25,0.0,3,1.598526533758726e-22,0.0,-0.0006321446496829586,0.0006321446496829627,-0.00252857859270611,0.0031607232423986886,-9.619909036029384e-15,3.0435784148974672e-12,-1.5178830414797062e-17,1.3810025172034113e-17,5.508810083581584e-11,99,99,99,99
transparent,99,25.0,0.25,0.0,3,1.52925015745741e-22,0.0,-0.0006249291992262096,0.0006249291992262026,-0.002499716791132478,0.003124645990375541,-1.6853272249983675e-14,5.393658130199298e-12,-1.3010426069826053e-18,1.3213713977167085e-17,5.533297157598281e-11,100,100,100,100
transparent,100,25.25,0.25,0.0,3,1.5664732850222962e-22,0.0,-0.0006180048922210136,0.0006180048922209979,-0.002472019563344502,0.003090024455577378,-1.1862906490467395e-14,3.839097929809356e-12,-1.0842021724855044e-18,1.3532198365334702e-17,5.2710514291288025e-11,101,101,101,101
transparent,101,25.5,0.25,0.0,3,1.5933566549302696e-22,0.0,-0.0006113492072508609,0.0006113492072508525,-0.002445396823678947,0.0030567460309427474,-1.2939736088179998e-14,4.2331734325305345e-12,-6.938893903907228e-18,1.3762591326987872e-17,5.485295563985781e-11,102,102,102,102
transparent,102,25.75,0.25,0.0,3,1.58973773975035e-22,0.0,-0.0006049422108141468,0.0006049422108141514,-0.0024197688381310534,0.003024711048958295,-1.3094993839279923e-14,4.32933712586854e-12,-3.3610267347050637e-18,1.3735486272675734e-17,5.358348247259167e-11,103,103,103,103
transparent,103,26.0,0.25,0.0,3,1.6047303883528737e-22,0.0,-0.0005987661627526453,0.0005987661627526645,-0.0023950646460697556,0.0029938308088333088,-1.0907941216942163e-14,3.643472832452069e-12,8.565197162635485e-18,1.3857459017080354e-17,5.5481985677821935e-11,104,104,104,104
transparent,104,26.25,0.25,0.0,3,1.5426918424113966e-22,0.0,-0.00059280519563773,0.0005928051956377297,-0.002371220777782207,0.0029640259734264873,-6.5503158452884236e-15,2.2099387468309183e-12,3.2526065174565133e-19,1.332891045799367e-17,5.4859927839097204e-11,105,105,105,105
transparent,105,26.5,0.25,0.0,3,1.4837552237669934e-22,0.0,-0.0005870450518451365,0.0005870450518451697,-0.0023481802027724985,0.002935225254631746,-1.4111108115333337e-14,4.8075043280123724e-12,1.2576745200831851e-17,1.282069068964109e-17,5.545387483625944e-11,106,106,106,106
transparent,106,26.75,0.25,0.0,3,1.6026624368214911e-22,0.0,-0.0005814728661454216,0.0005814728661454002,-0.0023258914601237135,0.002907364326283357,-1.4222130417795853e-14,4.891760653876076e-12,2.5587171270657905e-17,1.3850682753502319e-17,5.360724125209491e-11,107,107,107,107
transparent,107,27.0,0.25,0.0,3,1.5168424482691145e-22,0.0,-0.0005760769845237047,0.0005760769845237005,-0.0023043079337781436,0.002880384918309886,-8.037841225938536e-15,2.7905441300029e-12,-2.0925101928970236e-17,1.3105293759918535e-17,5.523009832678408e-11,108,108,108,108
transparent,108,27.25,0.25,0.0,3,1.6062813520014106e-22,0.0,-0.0005708468121410071,0.0005708468121410186,-0.002283387244379931,0.0028542340565316238,-1.0685896612017132e-14,3.743875379653447e-12,-1.1492543028346347e-17,1.3877787807814457e-17,5.461043856708203e-11,109,109,109,109
transparent,109,27.5,0.25,0.0,3,1.5271822059260273e-22,0.0,-0.000565772684898197,0.0005657726848982013,-0.0022630907355334073,0.002828863420447192,-1.55873577933896e-14,5.510113242202949e-12,1.235990476633475e-17,1.3200161450011016e-17,5.4686955132518186e-11,110,110,110,110
transparent,110,27.75,0.25,0.0,3,1.504434739080819e-22,0.0,-0.0005608457602853445,0.0005608457602853497,-0.002243383037200064,0.002804228797497643,-1.2234570995195426e-14,4.36290041886488e-12,1.0083080204115191e-17,1.2996873542669984e-17,5.5279547656235124e-11,111,111,111,111
transparent,111,28.0,0.25,0.0,3,1.5778470184449003e-22,0.0,-0.0005560579240919073,0.0005560579240918957,-0.0022242316925371874,0.002780289616644893,-1.5798560376589776e-14,5.682343408401693e-12,-3.686287386450715e-18,1.3633842319005218e-17,5.5315496662864706e-11,112,112,112,112
transparent,112,28.25,0.25,0.0,3,1.56957521231937e-22,0.0,-0.0005514017102623948,0.0005514017102624042,-0.0022056068373245974,0.0027570085476007478,-1.3755489802758092e-14,4.989280796654996e-12,2.1033522146218786e-17,1.355930341964684e-17,5.2740512511992386e-11,113,113,113,113
transparent,113,28.5,0.25,0.0,3,1.5690582244365244e-22,0.0,-0.0005468702316942964,0.0005468702316943099,-0.0021874809231520465,0.0027343511548636457,-1.7302999311130662e-14,6.328009217233664e-12,-2.3852447794681098e-18,1.3552527156068805e-17,5.3811833115836264e-11,114,114,114,114
transparent,114,28.75,0.25,0.0,3,1.5597524425453028e-22,0.0,-0.0005424571202214179,0.0005424571202214096,-0.0021698284773550847,0.0027122855975889593,-1.2456615600120458e-14,4.592663697065515e-12,-1.8106176280507924e-17,1.3477988256710427e-17,5.4163662711024813e-11,115,115,115,115
transparent,115,29.0,0.25,0.0,3,1.5199443755661884e-22,0.0,-0.0005381564743307754,0.0005381564743307844,-0.002152625893882709,0.002690782368222955,-9.470289136226384e-15,3.519529950867319e-12,3.469446951953614e-18,1.3132398814230672e-17,5.5003079978274087e-11,116,116,116,116
transparent,116,29.25,0.25,0.0,3,1.6067983398842563e-22,0.0,-0.0005339628134351238,0.0005339628134351246,-0.0021358512503855676,0.002669814063835929,-1.5237811012980274e-14,5.707442783894444e-12,6.071532165918825e-18,1.3877787807814457e-17,5.442269989766363e-11,117,117,117,117
transparent,117,29.5,0.25,0.0,3,1.5964585822273434e-22,0.0,-0.0005298710377289795,0.0005298710377289847,-0.0021194841476424864,0.002649355185379676,-8.210012530929234e-15,3.0988719731637895e-12,2.3960868011929648e-17,1.378969638130001e-17,5.5458626596225843e-11,118,118,118,118
transparent,118,29.75,0.25,0.0,3,1.6016284610557998e-22,0.0,-0.0005258763928168708,0.0005258763928168607,-0.002103505568071651,0.0026293819609044533,-1.5931700403370996e-14,6.059104626203041e-12,-1.0733601507606494e-17,1.383713022634625e-17,5.435606432561697e-11,119,119,119,119
transparent,119,30.0,0.25,0.0,3,1.5809489457419741e-22,0.0,-0.0005219744384387548,0.0005219744384387543,-0.0020878977506335883,0.002609872189083262,-1.0919216919536012e-14,4.183812895209812e-12,-2.2768245622195593e-18,1.3660947373317356e-17,5.5419791009732235e-11,120,120,120,120
finite_resistance,0,0.25,0.25,0.001,4,7.444625512977249e-23,0.0125,0.008091840929992706,0.004408159070007281,0.004155145671924293,0.0002530133980833682,-3.660266534311063e-16,2.9282132274488504e-14,1.734723475976807e-18,6.451002926288751e-18,7.48099499014998e-18,1,1,1,1
finite_resistance,1,0.5,0.25,0.001,3,7.444625512977249e-23,0.0125,0.005595024512237562,0.006904975487762428,0.006400472975317317,0.0005045025124452707,-1.491862189340054e-16,1.1934897514720433e-14,-6.938893903907228e-18,6.396792817664476e-18,7.48099499014998e-18,2,2,2,2
finite_resistance,2,0.75,0.25,0.001,3,7.444625512977249e-23,0.0125,0.004173538151764473,0.008326461848235527,0.007596639900030011,0.0007298219482123613,-6.845218836204481e-15,5.476175068963585e-13,0.0,6.396792817664476e-18,7.48099499014998e-18,3,3,3,3
finite_resistance,3,1.0,0.25,0.001,3,7.444625512977249e-23,0.0125,0.00335822326782963,0.009141776732170342,0.008214877814135796,0.0009268989180348797,-3.0531133177191805e-16,2.4424906541753444e-14,-3.469446951953614e-18,6.5052130349130266e-18,7.589415207398531e-18,4,4,4,4
finite_resistance,4,1.25,0.25,0.001,3,7.444625512977249e-23,0.0125,0.0028853824015349586,0.009614617598465052,0.008515348061853473,0.0010992695366240923,-1.252296877307657e-14,1.0018375018461256e-12,1.734723475976807e-18,6.5052130349130266e-18,7.48099499014998e-18,5,5,5,5
finite_resistance,5,1.5,0.25,0.001,3,7.444625512977249e-23,0.0125,0.002606580353821808,0.009893419646178177,0.008641988309923465,0.0012514313362643747,-9.646797249907024e-15,7.717437799925619e-13,-6.938893903907228e-18,6.5052130349130266e-18,7.48099499014998e-18,6,6,6,6
finite_resistance,6,1.75,0.25,0.001,3,7.444625512977249e-23,0.0125,0.0024381285064955685,0.010061871493504404,0.00867442220309439,0.0013874492904122349,-2.192690473634684e-15,1.7541523789077473e-13,3.469446951953614e-18,6.5052130349130266e-18,7.589415207398531e-18,7,7,7,7
finite_resistance,7,2.0,0.25,0.001,3,7.444625512977249e-23,0.0125,0.0023327537704002257,0.010167246229599757,0.008656616770590625,0.0015106294590090386,1.1102230246251565e-16,8.881784197001252e-15,6.938893903907228e-18,6.5052130349130266e-18,7.589415207398531e-18,8,8,8,8
finite_resistance,8,2.25,0.25,0.001,3,7.444625512977249e-23,0.0125,0.002263691056002637,0.01023630894399735,0.008612762851865963,0.001623546092137218,-5.816527814950234e-15,4.653222251960187e-13,1.734723475976807e-18,6.5052130349130266e-18,7.589415207398531e-18,9,9,9,9
finite_resistance,9,2.5,0.25,0.001,3,7.610061635487855e-23,0.0125,0.0022157416460594215,0.010284258353940576,0.00855609036060101,0.0017281679933418559,-2.2863655413374318e-15,1.8290924330699454e-13,3.469446951953614e-18,6.5052130349130266e-18,7.589415207398531e-18,10,10,10,10
finite_resistance,10,2.75,0.25,0.001,3,7.444625512977249e-23,0.0125,0.002180241459464283,0.010319758540535717,0.008493764643648205,0.0018259938968938627,-6.349087922075114e-15,5.079270337660091e-13,8.673617379884035e-18,6.5052130349130266e-18,7.589415207398531e-18,11,11,11,11
finite_resistance,11,3.0,0.25,0.001,3,7.444625512977249e-23,0.0125,0.0021522260560682795,0.0103477739439317,0.008429605642539001,0.0019181683013940187,-1.2975731600306517e-15,1.0380585280245214e-13,-8.673617379884035e-18,6.5052130349130266e-18,7.48099499014998e-18,12,12,12,12
finite_resistance,12,3.25,0.25,0.001,3,7.444625512977249e-23,0.0125,0.0021288310940957736,0.010371168905904211,0.00836559661975883,0.0020055722861513914,-5.995204332975845e-15,4.796163466380676e-13,-1.214306433183765e-17,6.5052130349130266e-18,7.48099499014998e-18,13,13,13,13
finite_resistance,13,3.5,0.25,0.001,3,7.610061635487855e-23,0.0125,0.0021083883526127334,0.010391611647387259,0.008302719864959424,0.0020888917824315456,-3.701899897734506e-15,2.961519918187605e-13,8.673617379884035e-18,6.5052130349130266e-18,7.589415207398531e-18,14,14,14,14
finite_resistance,14,3.75,0.25,0.001,3,7.444625512977249e-23,0.0125,0.002089913828110146,0.01041008617188984,0.008241418355624114,0.0021686678162708972,-5.155598170603071e-15,4.1244785364824565e-13,8.673617379884035e-18,6.5052130349130266e-18,7.589415207398531e-18,15,15,15,15
finite_resistance,15,4.0,0.25,0.001,3,7.444625512977249e-23,0.0125,0.0020728171385063776,0.010427182861493611,0.008181849740561409,0.0022453331209355554,-3.3410774147313305e-15,2.6728619317850644e-13,-5.204170427930421e-18,6.5052130349130266e-18,7.589415207398531e-18,16,16,16,16
finite_resistance,16,4.25,0.25,0.001,3,7.444625512977249e-23,0.0125,0.002056736047636071,0.010443263952363934,0.008124025208974095,0.0023192387433965678,-6.732461810265988e-15,5.385969448212791e-13,5.204170427930421e-18,6.5052130349130266e-18,7.589415207398531e-18,17,17,17,17
finite_resistance,17,4.5,0.25,0.001,3,7.444625512977249e-23,0.0125,0.002041441867182148,0.01045855813281783,0.008067884713823886,0.0023906734189971246,-3.157196726277789e-15,2.525757381022231e-13,6.938893903907228e-18,6.5052130349130266e-18,7.589415207398531e-18,18,18,18,18
finite_resistance,18,4.75,0.25,0.001,3,7.444625512977249e-23,0.0125,0.0020267851046118337,0.010473214895388152,0.008013337137997095,0.002459877757399198,-8.125444761475364e-15,6.500355809180292e-13,-1.734723475976807e-18,6.5052130349130266e-18,7.48099499014998e-18,19,19,19,19
finite_resistance,19,5.0,0.25,0.001,3,7.610061635487855e-23,0.0125,0.00201266403132041,0.0104873359686796,0.007960281256216423,0.002527054712469834,-6.66654231817887e-15,5.333233854543096e-13,1.5612511283791264e-17,6.5052130349130266e-18,7.589415207398531e-18,20,20,20,20
finite_resistance,20,5.25,0.25,0.001,3,7.444625512977249e-23,0.0125,0.001999006352188926,0.010500993647811057,0.007908616262314455,0.002592377385500555,-3.9343528435153985e-15,3.147482274812319e-13,-1.214306433183765e-17,6.5052130349130266e-18,7.48099499014998e-18,21,21,21,21
finite_resistance,21,5.5,0.25,0.001,3,7.444625512977249e-23,0.0125,0.001985758399005716,0.01051424160099428,0.007858246695650106,0.002655994905346404,-2.2256502196782435e-15,1.7805201757425948e-13,-3.469446951953614e-18,6.396792817664476e-18,7.48099499014998e-18,22,22,22,22
finite_resistance,22,5.75,0.25,0.001,3,7.444625512977249e-23,0.0125,0.0019728786703256565,0.010527121329674323,0.007809084417750384,0.002718036911929289,-5.329070518200751e-15,4.263256414560601e-13,-6.938893903907228e-18,6.5052130349130266e-18,7.589415207398531e-18,23,23,23,23
finite_resistance,23,6.0,0.25,0.001,3,7.444625512977249e-23,0.0125,0.001960333901181638,0.010539666098818356,0.007761049082204652,0.0027786170166201885,-6.477457459297398e-15,5.181965967437918e-13,6.938893903907228e-18,6.5052130349130266e-18,7.48099499014998e-18,24,24,24,24
finite_resistance,24,6.25,0.25,0.001,3,7.444625512977249e-23,0.0125,0.001948096619466222,0.010551903380533766,0.007714067874886432,0.002837835505655306,-7.958911307781591e-15,6.367129046225273e-13,0.0,6.396792817664476e-18,7.48099499014998e-18,25,25,25,25
finite_resistance,25,6.5,0.25,0.001,3,7.444625512977249e-23,0.0125,0.001936143586594491,0.010563856413405508,0.007668074935998692,0.0028957814774130952,-6.277964259560065e-15,5.022371407648052e-13,6.938893903907228e-18,6.5052130349130266e-18,7.589415207398531e-18,26,26,26,26
finite_resistance,26,6.75,0.25,0.001,3,7.444625512977249e-23,0.0125,0.0019244547721554374,0.01057554522784456,0.00762301067621185,0.002952534551635466,-2.753006156375193e-15,2.2024049251001543e-13,1.734723475976807e-18,6.5052130349130266e-18,7.589415207398531e-18,27,27,27,27
finite_resistance,27,7.0,0.25,0.001,3,7.610061635487855e-23,0.0125,0.001913012657070784,0.010586987342929195,0.007578821091741572,0.003008166251191824,-4.178948853628128e-15,3.3431590829025026e-13,0.0,6.5052130349130266e-18,7.589415207398531e-18,28,28,28,28
finite_resistance,28,7.25,0.25,0.001,3,7.444625512977249e-23,0.0125,0.001901801743399184,0.01059819825660082,0.007535457126098155,0.003062741130506197,-3.535366444040733e-15,2.8282931552325863e-13,-3.469446951953614e-18,6.5052130349130266e-18,6.5052130349130266e-18,29,29,29,29
finite_resistance,29,7.5,0.25,0.001,3,7.444625512977249e-23,0.0125,0.0018908081975343495,0.010609191802465645,0.007492874096602625,0.003116317705874394,-1.1367642938076017e-14,9.094114350460814e-13,1.734723475976807e-18,6.396792817664476e-18,7.48099499014998e-18,30,30,30,30
finite_resistance,30,7.75,0.25,0.001,3,7.444625512977249e-23,0.0125,0.0018800195820251608,0.010619980417974831,0.0074510311888418,0.0031689492291384624,-5.422745585903499e-15,4.338196468722799e-13,1.734723475976807e-18,6.5052130349130266e-18,7.48099499014998e-18,31,31,31,31
finite_resistance,31,8.0,0.25,0.001,3,7.444625512977249e-23,0.0125,0.0018694246481271105,0.010630575351872869,0.00740989101556111,0.0032206843363233872,-1.1607034777760816e-14,9.285627822208653e-13,1.734723475976807e-18,6.5052130349130266e-18,7.589415207398531e-18,32,32,32,32
finite_resistance,32,8.25,0.25,0.001,3,7.444625512977249e-23,0.0125,0.0018590131712898474,0.010640986828710152,0.007369419233400731,0.0032715675953127743,-3.3514857555871913e-15,2.681188604469753e-13,-1.734723475976807e-18,6.5052130349130266e-18,7.589415207398531e-18,33,33,33,33
finite_resistance,33,8.5,0.25,0.001,3,7.444625512977249e-23,0.0125,0.0018487758179466518,0.010651224182053321,0.007329584210390289,0.003321639971666457,-3.3965885659625883e-15,2.7172708527700706e-13,-6.938893903907228e-18,6.396792817664476e-18,7.589415207398531e-18,34,34,34,34
finite_resistance,34,8.75,0.25,0.001,3,7.610061635487855e-23,0.0125,0.0018387040357781771,0.010661295964221797,0.007290356737234632,0.0033709392269933858,-6.194697532713178e-15,4.955758026170543e-13,-6.938893903907228e-18,6.5052130349130266e-18,7.589415207398531e-18,35,35,35,35
finite_resistance,35,9.0,0.25,0.001,3,7.610061635487855e-23,0.0125,0.001828789962031513,0.010671210037968485,0.007251709776147058,0.0034195002618240267,-2.5968810435372802e-15,2.0775048348298242e-13,-1.734723475976807e-18,6.5052130349130266e-18,7.589415207398531e-18,36,36,36,36
finite_resistance,36,9.25,0.25,0.001,3,7.610061635487855e-23,0.0125,0.0018190263460378276,0.010680973653962148,0.00721361824179198,0.003467355412176687,-6.494804694057166e-15,5.195843755245733e-13,1.0408340855860843e-17,6.5052130349130266e-18,7.589415207398531e-18,37,37,37,37
finite_resistance,37,9.5,0.25,0.001,3,7.444625512977249e-23,0.0125,0.0018094064831018887,0.01069059351689809,0.007176058809617497,0.0035145347072891298,-8.51402282009417e-15,6.811218256075335e-13,-8.673617379884035e-18,6.5052130349130266e-18,7.48099499014998e-18,38,38,38,38
finite_resistance,38,9.75,0.25,0.001,3,7.610061635487855e-23,0.0125,0.0017999241576432123,0.010700075842356783,0.007139009747637121,0.003561066094722065,-2.3973878437999474e-15,1.917910275039958e-13,5.204170427930421e-18,6.5052130349130266e-18,7.48099499014998e-18,39,39,39,39
finite_resistance,39,10.0,0.25,0.001,3,7.444625512977249e-23,0.0125,0.0017905735939661494,0.010709426406033845,0.007102450768331409,0.0036069756377088424,-6.399394902878441e-15,5.119515922302753e-13,5.204170427930421e-18,6.5052130349130266e-18,7.589415207398531e-18,40,40,40,40
finite_resistance,40,10.25,0.25,0.001,3,7.444625512977249e-23,0.0125,0.0017813494133811338,0.01071865058661887,0.0070663628977803705,0.003652287688847622,-9.124645483638005e-15,7.299716386910404e-13,1.214306433183765e-17,6.5052130349130266e-18,7.48099499014998e-18,41,41,41,41
finite_resistance,41,10.5,0.25,0.001,3,7.610061635487855e-23,0.0125,0.0017722465966704016,0.010727753403329605,0.007030728359732896,0.003697025043596369,3.3306690738754696e-16,2.6645352591003757e-14,-3.469446951953614e-18,6.5052130349130266e-18,6.5052130349130266e-18,42,42,42,42
finite_resistance,42,10.75,0.25,0.001,3,7.444625512977249e-23,0.0125,0.0017632604510785578,0.010736739548921445,0.006995530472526518,0.0037412090763986328,-3.707104068162437e-15,2.9656832545299494e-13,-3.469446951953614e-18,6.396792817664476e-18,7.48099499014998e-18,43,43,43,43
finite_resistance,43,11.0,0.25,0.001,3,7.610061635487855e-23,0.0125,0.0017543865811641803,0.010745613418835821,0.006960753557204685,0.0037848598616321283,-9.922618282587337e-16,7.938094626069869e-14,-3.469446951953614e-18,6.5052130349130266e-18,7.48099499014998e-18,44,44,44,44
finite_resistance,44,11.25,0.25,0.001,3,7.444625512977249e-23,0.0125,0.0017456208629650083,0.010754379137034985,0.006926382855385382,0.003827996281653867,-4.257011410047085e-15,3.4056091280376677e-13,6.938893903907228e-18,6.5052130349130266e-18,7.48099499014998e-18,45,45,45,45
finite_resistance,45,11.5,0.25,0.001,3,7.444625512977249e-23,0.0125,0.0017369594210182695,0.010763040578981722,0.006892404455613954,0.003870636123373572,-5.793976409762536e-15,4.635181127810029e-13,6.938893903907228e-18,6.5052130349130266e-18,7.589415207398531e-18,46,46,46,46
finite_resistance,46,11.75,0.25,0.001,3,7.444625512977249e-23,0.0125,0.0017283986078564463,0.010771601392143544,0.006858805227190068,0.003912796164957655,-4.1685405127722674e-15,3.334832410217814e-13,-1.734723475976807e-18,6.5052130349130266e-18,7.48099499014998e-18,47,47,47,47
finite_resistance,47,12.0,0.25,0.001,3,7.444625512977249e-23,0.0125,0.0017199349856554915,0.010780065014344494,0.006825572760535942,0.0039544922538112814,-2.7131075164277263e-15,2.170486013142181e-13,5.204170427930421e-18,6.396792817664476e-18,7.589415207398531e-18,48,48,48,48
finite_resistance,48,12.25,0.25,0.001,3,7.610061635487855e-23,0.0125,0.0017115653097662664,0.010788434690233719,0.006792695313374036,0.003995739376865259,-5.5615234639816435e-15,4.449218771185315e-13,-1.214306433183765e-17,6.5052130349130266e-18,7.48099499014998e-18,49,49,49,49
finite_resistance,49,12.5,0.25,0.001,3,7.610061635487855e-23,0.0125,0.001703286513891239,0.010796713486108766,0.006760161761964506,0.0040365517241447435,-4.874572967494828e-16,3.8996583739958623e-14,5.204170427930421e-18,6.5052130349130266e-18,7.48099499014998e-18,50,50,50,50
finite_resistance,50,12.75,0.25,0.001,3,7.444625512977249e-23,0.0125,0.0016950956967147048,0.010804904303285281,0.0067279615569292295,0.004076942746362278,-6.2103100439969694e-15,4.968248035197576e-13,-1.734723475976807e-18,6.396792817664476e-18,7.589415207398531e-18,51,51,51,51
finite_resistance,51,13.0,0.25,0.001,3,7.444625512977249e-23,0.0125,0.0016869901098100493,0.010813009890189932,0.006696084683050468,0.004116925207142685,-3.202299536653186e-15,2.5618396293225487e-13,-1.734723475976807e-18,6.5052130349130266e-18,7.589415207398531e-18,52,52,52,52
finite_resistance,52,13.25,0.25,0.001,3,7.444625512977249e-23,0.0125,0.0016789671466794387,0.010821032853320544,0.006664521622681885,0.004156511230640092,-1.4155343563970746e-15,1.1324274851176597e-13,-1.734723475976807e-17,6.396792817664476e-18,6.396792817664476e-18,53,53,53,53
finite_resistance,53,13.5,0.25,0.001,3,7.444625512977249e-23,0.0125,0.001671024332799731,0.010828975667200275,0.006633263322368521,0.004195712344838398,-6.6491950834191016e-15,5.319356066735281e-13,1.0408340855860843e-17,6.5052130349130266e-18,7.48099499014998e-18,54,54,54,54
finite_resistance,54,13.75,0.25,0.001,3,7.444625512977249e-23,0.0125,0.0016631593165593761,0.01083684068344064,0.006602301162299151,0.004234539521146274,-4.801714581503802e-15,3.8413716652030416e-13,1.214306433183765e-17,6.5052130349130266e-18,7.48099499014998e-18,55,55,55,55
finite_resistance,55,14.0,0.25,0.001,3,7.444625512977249e-23,0.0125,0.0016553698609945878,0.010844630139005402,0.006571626928363911,0.0042730032106454985,-3.9968028886505635e-15,3.197442310920451e-13,3.469446951953614e-18,6.5052130349130266e-18,7.48099499014998e-18,56,56,56,56
finite_resistance,56,14.25,0.25,0.001,3,7.444625512977249e-23,0.0125,0.0016476538362381944,0.010852346163761788,0.006541232786512086,0.004311113377251985,-2.2638141361497333e-15,1.8110513089197866e-13,0.0,6.5052130349130266e-18,7.589415207398531e-18,57,57,57,57
finite_resistance,57,14.5,0.25,0.001,3,7.444625512977249e-23,0.0125,0.0016400092126041656,0.010859990787395815,0.006511111259158764,0.004348879528240701,-3.6290415117434804e-15,2.9032332093947844e-13,3.469446951953614e-18,6.5052130349130266e-18,7.589415207398531e-18,58,58,58,58
finite_resistance,58,14.75,0.25,0.001,3,7.610061635487855e-23,0.0125,0.0016324340542490158,0.01086756594575097,0.006481255203523217,0.004386310742230393,-2.624636619152909e-15,2.0997092953223273e-13,6.938893903907228e-18,6.5052130349130266e-18,7.589415207398531e-18,59,59,59,59
finite_resistance,59,15.0,0.25,0.001,3,7.444625512977249e-23,0.0125,0.001624926513346009,0.010875073486653971,0.006451657791604698,0.004423415695057997,-8.703107678975641e-15,6.962486143180513e-13,-1.734723475976807e-18,6.5052130349130266e-18,7.48099499014998e-18,60,60,60,60
finite_resistance,60,15.25,0.25,0.001,3,7.444625512977249e-23,0.0125,0.0016174848247269393,0.01088251517527305,0.00642231249174563,0.004460202683535641,-8.208711488322251e-15,6.566969190657801e-13,1.734723475976807e-18,6.5052130349130266e-18,7.48099499014998e-18,61,61,61,61
finite_resistance,61,15.5,0.25,0.001,3,7.610061635487855e-23,0.0125,0.0016101073009421264,0.010889892699057872,0.006393213051545693,0.004496679647512991,-8.101158632811689e-16,6.480926906249351e-14,1.0408340855860843e-17,6.5052130349130266e-18,7.589415207398531e-18,62,62,62,62
finite_resistance,62,15.75,0.25,0.001,3,7.444625512977249e-23,0.0125,0.0016027923277016467,0.010897207672298327,0.006364353482067792,0.004532854190234303,-3.740063814205996e-15,2.992051051364797e-13,-1.0408340855860843e-17,6.5052130349130266e-18,7.48099499014998e-18,63,63,63,63
finite_resistance,63,16.0,0.25,0.001,3,7.444625512977249e-23,0.0125,0.0015955383596600538,0.010904461640339943,0.006335728043173672,0.004568733597174912,-8.637188186888523e-15,6.909750549510818e-13,-1.734723475976807e-18,6.396792817664476e-18,7.48099499014998e-18,64,64,64,64
finite_resistance,64,16.25,0.25,0.001,3,7.610061635487855e-23,0.0125,0.001588343916514412,0.010911656083485603,0.006307331229925356,0.004604324853566766,-6.5329686105286555e-15,5.226374888422924e-13,0.0,6.5052130349130266e-18,6.5052130349130266e-18,65,65,65,65
finite_resistance,65,16.5,0.25,0.001,3,7.610061635487855e-23,0.0125,0.0015812075793880888,0.010918792420611919,0.006279157759943921,0.0046396346606734085,-5.4175414154755686e-15,4.334033132380455e-13,1.5612511283791264e-17,6.5052130349130266e-18,7.48099499014998e-18,66,66,66,66
finite_resistance,66,16.75,0.25,0.001,3,7.444625512977249e-23,0.0125,0.001574127987471502,0.010925872012528487,0.006251202561620234,0.004674669450910329,-2.0643209364124004e-15,1.6514567491299204e-13,5.204170427930421e-18,6.5052130349130266e-18,7.589415207398531e-18,67,67,67,67
finite_resistance,67,17.0,0.25,0.001,3,7.444625512977249e-23,0.0125,0.0015671038349014455,0.010932896165098533,0.00622346076315744,0.004709435401949236,-8.120240591047434e-15,6.496192472837947e-13,-1.0408340855860843e-17,6.5052130349130266e-18,7.589415207398531e-18,68,68,68,68
finite_resistance,68,17.25,0.25,0.001,3,7.610061635487855e-23,0.0125,0.0015601338678541466,0.01093986613214587,0.006195927682313501,0.004743938449838225,-5.872038966181492e-15,4.697631172945194e-13,6.938893903907228e-18,6.5052130349130266e-18,7.48099499014998e-18,69,69,69,69
finite_resistance,69,17.5,0.25,0.001,3,7.444625512977249e-23,0.0125,0.0015532168818380655,0.010946783118161931,0.00616859881684953,0.0047781843013119385,4.666406150377611e-16,3.733124920302089e-14,8.673617379884035e-18,6.5052130349130266e-18,7.589415207398531e-18,70,70,70,70
finite_resistance,70,17.75,0.25,0.001,3,7.610061635487855e-23,0.0125,0.001546351719167094,0.010953648280832902,0.00614146983557412,0.004812178445263271,-4.484260185400046e-15,3.587408148320037e-13,0.0,6.5052130349130266e-18,7.589415207398531e-18,71,71,71,71
finite_resistance,71,18.0,0.25,0.001,3,7.444625512977249e-23,0.0125,0.0015395372665991337,0.010960462733400868,0.006114536569961582,0.0048459261634441475,-4.86242990316299e-15,3.889943922530392e-13,-6.938893903907228e-18,6.5052130349130266e-18,7.48099499014998e-18,72,72,72,72
finite_resistance,72,18.25,0.25,0.001,3,7.610061635487855e-23,0.0125,0.0015327724531286559,0.010967227546871343,0.006087795006303548,0.004879432540576545,-8.748210489351038e-15,6.998568391480831e-13,6.938893903907228e-18,6.5052130349130266e-18,7.589415207398531e-18,73,73,73,73
finite_resistance,73,18.5,0.25,0.001,3,7.444625512977249e-23,0.0125,0.0015260562479180008,0.010973943752081975,0.006061241278324081,0.0049127024737636305,-5.710709682915649e-15,4.568567746332519e-13,-1.214306433183765e-17,6.5052130349130266e-18,7.589415207398531e-18,74,74,74,74
finite_resistance,74,18.75,0.25,0.001,3,7.444625512977249e-23,0.0125,0.0015193876583600053,0.010980612341639997,0.006034871660268559,0.004945740681378652,-7.216449660063518e-15,5.773159728050814e-13,1.214306433183765e-17,6.5052130349130266e-18,7.48099499014998e-18,75,75,75,75
finite_resistance,75,19.0,0.25,0.001,3,7.444625512977249e-23,0.0125,0.001512765728257698,0.010987234271742303,0.006008682560376066,0.004978551711371182,-4.945696630009877e-15,3.9565573040079016e-13,5.204170427930421e-18,6.5052130349130266e-18,7.48099499014998e-18,76,76,76,76
finite_resistance,76,19.25,0.25,0.001,3,7.444625512977249e-23,0.0125,0.0015061895361161148,0.010993810463883858,0.005982670514758565,0.005011139949132826,-7.504413757075667e-15,6.003531005660534e-13,1.0408340855860843e-17,6.5052130349130266e-18,7.48099499014998e-18,77,77,77,77
finite_resistance,77,19.5,0.25,0.001,3,7.610061635487855e-23,0.0125,0.0014996581935344533,0.011000341806465553,0.005956832181614885,0.005043509624854892,-4.229255834431456e-15,3.3834046675451646e-13,1.9081958235744878e-17,6.5052130349130266e-18,7.589415207398531e-18,78,78,78,78
finite_resistance,78,19.75,0.25,0.001,3,7.444625512977249e-23,0.0125,0.0014931708436925373,0.011006829156307461,0.005931164335782002,0.00507566482053079,-5.329070518200751e-15,4.263256414560601e-13,-5.204170427930421e-18,6.5052130349130266e-18,7.48099499014998e-18,79,79,79,79
finite_resistance,79,20.0,0.25,0.001,3,7.444625512977249e-23,0.0125,0.0014867266599258022,0.011013273340074205,0.005905663863595978,0.005107609476478814,-5.93275428784068e-16,4.746203430272544e-14,3.469446951953614e-18,6.396792817664476e-18,7.48099499014998e-18,80,80,80,80
finite_resistance,80,20.25,0.25,0.0,3,7.444625512977249e-23,0.0,-0.006611516085612052,0.006611516085612048,0.001725182086109528,0.004886333999507997,-5.473052566706826e-15,8.27805982143378e-13,-1.734723475976807e-18,6.396792817664476e-18,6.396792817664476e-18,81,81,81,81
finite_resistance,81,20.5,0.25,0.0,3,7.444625512977249e-23,0.0,-0.004121059885493383,0.004121059885493389,-0.0005453198612141441,0.0046663797467054735,2.0539125955565396e-15,4.401511893682955e-13,4.336808689942018e-18,6.396792817664476e-18,6.396792817664476e-18,82,82,82,82
finite_resistance,82,20.75,0.25,0.0,3,7.403266482349598e-23,0.0,-0.0027058928887207737,0.002705892888720768,-0.0017665027755383311,0.004472395664262052,-2.9472951856845953e-15,6.589969687243449e-13,-3.0357660829594124e-18,6.423897871976614e-18,6.423897871976614e-18,83,83,83,83
finite_resistance,83,21.0,0.25,0.0,3,7.423945997663423e-23,0.0,-0.0018968572333172063,0.0018968572333171862,-0.00240960073868568,0.004306457972006683,-3.797309688913231e-15,8.817709852498098e-13,-1.3227266504323154e-17,6.410345344820545e-18,6.410345344820545e-18,84,84,84,84
finite_resistance,84,21.25,0.25,0.0,3,7.423945997663423e-23,0.0,-0.0014302561550179561,0.001430256155017968,-0.0027347777189571376,0.004165033873977819,-2.725250580759564e-15,6.543165465679181e-13,7.37257477290143e-18,6.423897871976614e-18,6.423897871976614e-18,85,85,85,85
finite_resistance,85,21.5,0.25,0.0,3,7.423945997663423e-23,0.0,-0.0011576551262839241,0.001157655126283931,-0.002885973921237739,0.004043629047529862,-8.199170509204379e-15,2.027676231629857e-12,4.119968255444917e-18,6.410345344820545e-18,6.410345344820545e-18,86,86,86,86
finite_resistance,86,21.75,0.25,0.0,3,7.423945997663423e-23,0.0,-0.0009953661782898305,0.0009953661782898208,-0.002942815445996949,0.003938181624295822,-9.043113480267095e-15,2.2962662322320075e-12,-6.288372600415926e-18,6.410345344820545e-18,6.410345344820545e-18,87,87,87,87
finite_resistance,87,22.0,0.25,0.0,3,7.423945997663423e-23,0.0,-0.0008961168500146943,0.0008961168500147019,-0.0029492716990980605,0.003845388549116535,-3.780396135022457e-15,9.830986093436488e-13,4.87890977618477e-18,6.423897871976614e-18,6.423897871976614e-18,88,88,88,88
finite_resistance,88,22.25,0.25,0.0,3,7.423945997663423e-23,0.0,-0.0008331426596946912,0.0008331426596946924,-0.002929535820730883,0.0037626784804274394,-1.865261417544062e-15,4.957270272351755e-13,8.673617379884035e-19,6.423897871976614e-18,6.423897871976614e-18,89,89,89,89
finite_resistance,89,22.5,0.25,0.0,3,7.423945997663423e-23,0.0,-0.00079124547831666,0.0007912454783166709,-0.00289683995244705,0.0036880854307668187,-3.1086244689504383e-15,8.428829882891568e-13,6.5052130349130266e-18,6.410345344820545e-18,6.410345344820545e-18,90,90,90,90
finite_resistance,90,22.75,0.25,0.0,3,7.423945997663423e-23,0.0,-0.0007617617942509925,0.0007617617942509874,-0.0028583515989837327,0.003620113393242974,-8.249043809138712e-15,2.2786700064522136e-12,-3.2526065174565133e-18,6.410345344820545e-18,6.410345344820545e-18,91,91,91,91
finite_resistance,91,23.0,0.25,0.0,3,7.423945997663423e-23,0.0,-0.0007397277188189056,0.0007397277188188993,-0.002817892792510185,0.003557620511333681,-4.59094567917262e-15,1.2904540168202386e-12,-3.469446951953614e-18,6.410345344820545e-18,6.410345344820545e-18,92,92,92,92
finite_resistance,92,23.25,0.25,0.0,3,7.423945997663423e-23,0.0,-0.0007222794444196046,0.0007222794444195897,-0.00277744882152281,0.0034997282659468,-4.385380947269368e-15,1.2530632706373757e-12,-9.432558900623889e-18,6.423897871976614e-18,6.423897871976614e-18,93,93,93,93
finite_resistance,93,23.5,0.25,0.0,3,7.423945997663423e-23,0.0,-0.0007077492676778375,0.0007077492676778234,-0.002738003939563971,0.0034457532072416086,1.9992688060632702e-16,5.802124197001685e-14,-8.890457814381136e-18,6.423897871976614e-18,6.423897871976614e-18,94,94,94,94
finite_resistance,94,23.75,0.25,0.0,3,7.423945997663423e-23,0.0,-0.0006951536866723618,0.0006951536866723638,-0.0027000030282547105,0.0033951567149337336,-6.661338147750939e-15,1.962011979727114e-12,1.4094628242311558e-18,6.410345344820545e-18,6.410345344820545e-18,95,95,95,95
finite_resistance,95,24.0,0.25,0.0,3,7.423945997663423e-23,0.0,-0.0006839028055566299,0.0006839028055566332,-0.002663605583085843,0.0033475083886500556,-7.582909994363618e-15,2.2652400275004436e-12,2.168404344971009e-18,6.410345344820545e-18,6.410345344820545e-18,96,96,96,96
finite_resistance,96,24.25,0.25,0.0,3,7.423945997663423e-23,0.0,-0.000673634859634531,0.0006736348596345195,-0.0026288245846365077,0.003302459444277872,-6.833509452741637e-15,2.069218280509688e-12,-7.26415455565288e-18,6.423897871976614e-18,6.423897871976614e-18,97,97,97,97
finite_resistance,97,24.5,0.25,0.0,3,7.423945997663423e-23,0.0,-0.0006641216178560339,0.0006641216178560231,-0.0025956017240418017,0.0032597233418982796,-4.440892098500626e-16,1.3623524553204874e-13,-6.613633252161577e-18,6.423897871976614e-18,6.423897871976614e-18,98,98,98,98
finite_resistance,98,24.75,0.25,0.0,3,7.423945997663423e-23,0.0,-0.0006552140312884925,0.0006552140312884953,-0.0025638475711217135,0.003219061602415252,-5.045876910747538e-15,1.5674993317809239e-12,1.951563910473908e-18,6.410345344820545e-18,6.410345344820545e-18,99,99,99,99
finite_resistance,99,25.0,0.25,0.0,3,7.423945997663423e-23,0.0,-0.0006468108017763041,0.0006468108017763033,-0.0025334625382272824,0.0031802733400070338,-3.44732922763491e-15,1.083972620928013e-12,-5.421010862427522e-19,6.410345344820545e-18,6.410345344820545e-18,100,100,100,100
finite_resistance,100,25.25,0.25,0.0,3,7.423945997663423e-23,0.0,-0.0006388400519874327,0.0006388400519874459,-0.0025043474093010276,0.0031431874612906086,-2.1484550249972756e-15,6.835274864945883e-13,8.239936510889834e-18,6.410345344820545e-18,6.410345344820545e-18,101,101,101,101
finite_resistance,101,25.5,0.25,0.0,3,7.423945997663423e-23,0.0,-0.0006312485193063878,0.0006312485193063894,-0.0024764082680666655,0.0031076567873782324,-5.1790169375287576e-15,1.6665343993465969e-12,1.0842021724855044e-18,6.410345344820545e-18,6.410345344820545e-18,102,102,102,102
finite_resistance,102,25.75,0.25,0.0,3,7.423945997663423e-23,0.0,-0.0006239950961416274,0.0006239950961416235,-0.002449558476312036,0.003073553572459531,-5.86770215749155e-15,1.9090938287423683e-12,-2.3852447794681098e-18,6.410345344820545e-18,6.410345344820545e-18,103,103,103,103
finite_resistance,103,26.0,0.25,0.0,3,7.41360624000651e-23,0.0,-0.0006170469000701118,0.000617046900070131,-0.002423719145422998,0.0030407660454976337,-4.524158825347513e-15,1.4878352223270488e-12,1.2034644114589099e-17,6.410345344820545e-18,6.410345344820545e-18,104,104,104,104
finite_resistance,104,26.25,0.25,0.0,3,7.423945997663423e-23,0.0,-0.0006103768306301327,0.0006103768306301267,-0.0023988188781044195,0.003009195708738588,-4.035834166860042e-15,1.3411670617301943e-12,-3.686287386450715e-18,6.410345344820545e-18,6.410345344820545e-18,105,105,105,105
finite_resistance,105,26.5,0.25,0.0,3,7.41360624000651e-23,0.0,-0.0006039620103797383,0.0006039620103797405,-0.0023747931919164966,0.00297875520229951,-3.2751579226442118e-15,1.0995055653166422e-12,1.3010426069826053e-18,6.410345344820545e-18,6.410345344820545e-18,106,106,106,106
finite_resistance,106,26.75,0.25,0.0,3,7.41360624000651e-23,0.0,-0.0005977827599279173,0.0005977827599278939,-0.0023515838368197706,0.002949366596745051,2.6367796834847468e-15,8.940155782583019e-13,-1.474514954580286e-17,6.405263147137019e-18,6.405263147137019e-18,107,107,107,107
finite_resistance,107,27.0,0.25,0.0,3,7.423945997663423e-23,0.0,-0.000591821901457007,0.0005918219014570104,-0.0023291381116143928,0.002920960013074847,-3.44732922763491e-15,1.180204183625904e-12,2.168404344971009e-18,6.410345344820545e-18,6.410345344820545e-18,108,108,108,108
finite_resistance,108,27.25,0.25,0.0,3,7.423945997663423e-23,0.0,-0.0005860642688778617,0.0005860642688778637,-0.00230740822700487,0.0028934724958844527,-1.7208456881689926e-15,5.947337293223445e-13,1.4094628242311558e-18,6.410345344820545e-18,6.410345344820545e-18,109,109,109,109
finite_resistance,109,27.5,0.25,0.0,3,7.423945997663423e-23,0.0,-0.0005804963513590722,0.0005804963513590624,-0.0022863507333160116,0.0028668470846824334,-7.349589686844737e-15,2.5636490087363227e-12,-6.179952383167375e-18,6.410345344820545e-18,6.410345344820545e-18,110,110,110,110
finite_resistance,110,27.75,0.25,0.0,3,7.423945997663423e-23,0.0,-0.0005751060254729268,0.0005751060254729277,-0.0022659260162204986,0.002841032041697389,-3.96340946173801e-15,1.3950597541906113e-12,4.336808689942018e-19,6.410345344820545e-18,6.410345344820545e-18,111,111,111,111
finite_resistance,111,28.0,0.25,0.0,3,7.41360624000651e-23,0.0,-0.0005698823480533299,0.0005698823480533471,-0.0022460978567280243,0.0028159802047831306,-1.7763568394002505e-15,6.308129710510712e-13,1.0625181290357943e-17,6.410345344820545e-18,6.410345344820545e-18,112,112,112,112
finite_resistance,112,28.25,0.25,0.0,3,7.41360624000651e-23,0.0,-0.000564815391980944,0.0005648153919809462,-0.002226833049060406,0.002791648441043293,-1.942890293094024e-15,6.959652456696618e-13,1.3010426069826053e-18,6.410345344820545e-18,6.410345344820545e-18,113,113,113,113
finite_resistance,113,28.5,0.25,0.0,3,7.41360624000651e-23,0.0,-0.0005598961132581348,0.0005598961132581421,-0.0022081010692066583,0.002767997182466786,-1.992763593028357e-15,7.199297765369994e-13,4.553649124439119e-18,6.410345344820545e-18,6.410345344820545e-18,114,114,114,114
finite_resistance,114,28.75,0.25,0.0,3,7.41360624000651e-23,0.0,-0.0005551162415461996,0.0005551162415461813,-0.002189873787228014,0.002744990028777039,-2.8254308614972246e-15,1.0293045992433071e-12,-1.1492543028346347e-17,6.4035690812425106e-18,6.4035690812425106e-18,115,115,115,115
finite_resistance,115,29.0,0.25,0.0,3,7.41360624000651e-23,0.0,-0.000550468188748876,0.000550468188748874,-0.002172125217092896,0.0027225934058456858,-3.913536161803677e-15,1.4374295307558284e-12,-1.4094628242311558e-18,6.410345344820545e-18,6.410345344820545e-18,116,116,116,116
finite_resistance,116,29.25,0.25,0.0,3,7.41360624000651e-23,0.0,-0.0005459449717831078,0.0005459449717831061,-0.0021548312985514573,0.0027007762703412652,-6.7003694259604174e-15,2.4809050270253486e-12,-1.0842021724855044e-18,6.410345344820545e-18,6.410345344820545e-18,117,117,117,117
finite_resistance,117,29.5,0.25,0.0,3,7.41360624000651e-23,0.0,-0.000541540146711389,0.0005415401467113638,-0.002137969706386411,0.002679509853102502,-4.701967981635136e-15,1.7547865988217609e-12,-1.5829351718288365e-17,6.4035690812425106e-18,6.4035690812425106e-18,118,118,118,118
finite_resistance,118,29.75,0.25,0.0,3,7.41360624000651e-23,0.0,-0.0005372477521197461,0.0005372477521197503,-0.002121519683092682,0.0026587674352143154,-1.887379141862766e-15,7.098699633767066e-13,2.710505431213761e-18,6.406957213031528e-18,6.406957213031528e-18,119,119,119,119
finite_resistance,119,30.0,0.25,0.0,3,7.41360624000651e-23,0.0,-0.0005330622601106228,0.0005330622601106219,-0.0021054618915840873,0.002638524151699073,-4.363263222950664e-15,1.6536756808312511e-12,-5.421010862427522e-19,6.4035690812425106e-18,6.4035690812425106e-18,120,120,120,120
