geometry,bottom_mode,profile,window,stop_code,solver_status,solver_route,steps,completed,iterations,transfer_cm,bottom_cm,storage_change_cm,ledger_residual_cm,max_step_soil_residual_cm,first_transfer_cm,cpu_seconds,h_min,h_max,theta_min,theta_max,water_l1_diff_cm,head_inf_diff_cm
3,7,1,1,0,1,legacy-reference-bound,1,1,5, -6.1577033610379062E-01, -1.3814059861117832E-02,  6.0195627624264603E-01, -2.6758109616942249E-14,  1.1275702593849246E-16, -6.1577033610379062E-01,  1.0099999999999996E-04, -1.2299999992435363E+02,  6.2182069883811519E-01,  3.0672347322635352E-01,  4.2299999999999999E-01, -1.0000000000000000E+00, -1.0000000000000000E+00
3,7,1,1,0,1,legacy-reference-bound,2,2,10, -9.6559134526440682E-01, -1.3814059840961321E-02,  9.5177728542342876E-01, -1.6733142649272281E-14,  1.5872719805187785E-16, -4.9025790906954170E-01,  1.3999999999999993E-04, -1.2299999999973332E+02,  2.6929802906344180E-01,  3.0672347317452830E-01,  4.2299999999999999E-01,  3.5104297604833995E-01,  5.4628689357404063E+01
3,7,1,1,0,1,legacy-reference-bound,4,4,70, -1.4292182482824916E+00, -1.3814059840923827E-02,  1.4154041884416415E+00,  7.3781258880245559E-14,  5.2357423951931992E-14, -4.0821115934742452E-01,  7.0300000000000007E-04, -1.2299999999999963E+02, -1.5918718588627367E-01,  3.0672347317434512E-01,  4.2298394169696196E-01,  4.6420909371344754E-01,  6.2857690580824780E+01
3,7,1,1,0,1,legacy-reference-bound,8,8,120, -1.8423908587268290E+00, -1.3814059840923806E-02,  1.8285767988858908E+00, -1.4391265956703592E-14,  1.5603837666411380E-14, -3.5511776396822670E-01,  1.2820000000000002E-03, -1.2300000000000001E+02, -2.8851001708706719E-01,  3.0672347317434490E-01,  4.2296185777961948E-01,  4.1463756924259076E-01,  5.4646391228920436E+01
3,7,1,1,0,1,legacy-reference-bound,16,16,232, -2.0774658891843809E+00, -1.3814059840923810E-02,  2.0636518293433852E+00, -7.1897349185334747E-14,  1.2792718273590964E-14, -3.1841444655005247E-01,  2.4129999999999998E-03, -1.2300000000000001E+02, -2.8041417304358146E-01,  3.0672347317434490E-01,  4.2296340477545835E-01,  2.3507590327386585E-01,  3.1947384776722814E+01
3,7,1,1,0,1,legacy-reference-bound,32,32,454, -2.2017247219435543E+00, -1.3814059840923815E-02,  2.1879106621025528E+00, -7.7665304742957630E-14,  1.2314368275090359E-14, -2.8426962503224157E-01,  4.9319999999999998E-03, -1.2300000000000001E+02, -2.6820922924627016E-01,  3.0672347317434490E-01,  4.2296569873930878E-01,  1.2425918964458688E-01,  1.6003840411468047E+01
3,7,1,1,0,1,legacy-reference-bound,64,64,856, -2.2670721918562289E+00, -1.3814059840923794E-02,  2.2532581320152261E+00, -7.9018389054219540E-14,  1.1524852253086415E-14, -2.3934760739419964E-01,  8.9579999999999989E-03, -1.2300000000000000E+02, -2.6011502647748458E-01,  3.0672347317434490E-01,  4.2296719424579909E-01,  6.5347614263880083E-02,  8.1179624373250476E+00
3,7,1,1,0,1,legacy-reference-bound,128,128,1600, -2.3012741500403817E+00, -1.3814059840923780E-02,  2.2874600901993674E+00, -9.0578586298128982E-14,  1.0074298166518059E-14, -1.8300877201453405E-01,  1.6844000000000001E-02, -1.2300000000000000E+02, -2.5534760885285246E-01,  3.0672347317434490E-01,  4.2296806528075981E-01,  3.4202002742280413E-02,  3.8699802427367871E+00
3,7,1,1,0,1,legacy-reference-bound,256,256,2962, -2.3189967454637541E+00, -1.3814059840923773E-02,  2.3051826856227535E+00, -7.6818759686680949E-14,  3.5369385371908368E-15, -1.2670500569860735E-01,  3.3821999999999998E-02, -1.2300000000000000E+02, -2.5269824572501787E-01,  3.0672347317434490E-01,  4.2296854615795254E-01,  1.7722614672716908E-02,  2.0447024710858699E+00
3,7,1,1,0,1,legacy-reference-bound,512,512,5394, -2.3280809730958940E+00, -1.3814059840923962E-02,  2.3142669132548761E+00, -9.3949154011951919E-14,  4.5015261049968780E-15, -8.0182754747878476E-02,  6.0883999999999994E-02, -1.2300000000000000E+02, -2.5128173216072386E-01,  3.0672347317434490E-01,  4.2296880232762513E-01,  9.0842362623230755E-03,  1.0605629599031801E+00
3,7,1,2,0,1,legacy-reference-bound,1,1,12, -1.8300877201453405E-01, -1.0792234250721724E-04,  1.8290084967203768E-01,  1.0842346985506790E-14,  1.0074298166518059E-14, -1.8300877201453405E-01,  1.3499999999999623E-04, -1.2300000000000000E+02, -4.4143936989585690E+01,  3.0672347317434490E-01,  3.7855454377790343E-01, -1.0000000000000000E+00, -1.0000000000000000E+00
3,7,1,2,0,1,legacy-reference-bound,2,2,20, -2.0576932137655429E-01, -1.0792234250721724E-04,  2.0566139903405301E-01,  5.9296101015404723E-15,  3.3473115772231221E-15, -1.2670500569860735E-01,  2.3499999999998522E-04, -1.2300000000000000E+02, -3.7119061212094373E+01,  3.0672347317434490E-01,  3.8667140793965349E-01,  2.2761845572077111E-02,  7.0248757774913173E+00
3,7,1,2,0,1,legacy-reference-bound,4,4,36, -2.2048351625670826E-01, -1.0792234250721724E-04,  2.2037559391419492E-01, -6.1163097156424762E-15,  4.5015261049968780E-15, -8.0182754747878476E-02,  3.9500000000000646E-04, -1.2300000000000003E+02, -3.2834888296220647E+01,  3.0672347317434490E-01,  3.9167168084143456E-01,  1.4714934502271515E-02,  4.2841729158737252E+00
3,7,1,2,0,1,legacy-reference-bound,8,8,62, -2.2903449158375017E-01, -1.0792234250721724E-04,  2.2892656924124566E-01,  2.7099633301275183E-15,  2.5049813568919777E-15, -4.6969069427893882E-02,  6.6399999999999793E-04, -1.2300000000000000E+02, -3.0431534670435244E+01,  3.0672347317434490E-01,  3.9447709250428287E-01,  8.5513510522916558E-03,  2.4033536257854031E+00
3,7,1,2,0,1,legacy-reference-bound,16,16,111, -2.3367983508400447E-01, -1.0792234250721726E-04,  2.3357191274149258E-01, -4.6729926785754605E-15,  6.0344660041469766E-16, -2.5898454019469282E-02,  1.2159999999999949E-03, -1.2300000000000000E+02, -2.9151717302769981E+01,  3.0672347317434490E-01,  3.9596755937107841E-01,  4.6458628306414451E-03,  1.2798173676652631E+00
3,7,1,2,0,1,legacy-reference-bound,32,32,192, -2.3610678718915443E-01, -1.0792234250721730E-04,  2.3599886484664268E-01, -4.5341741429158477E-15,  8.8773457443576398E-16, -1.3695567560400945E-02,  2.2939999999999905E-03, -1.2300000000000007E+02, -2.8490226914363873E+01,  3.0672347317434490E-01,  3.9673637876441004E-01,  2.4273770077448686E-03,  6.6149038840610785E-01
3,7,1,2,0,1,legacy-reference-bound,64,64,337, -2.3734806297044087E-01, -1.0792234250721714E-04,  2.3724014062792875E-01, -4.8951592562448965E-15,  7.9371222322464213E-16, -7.0586660010954561E-03,  4.0149999999999908E-03, -1.2300000000000011E+02, -2.8153793452733396E+01,  3.0672347317434490E-01,  3.9712690499093362E-01,  1.2415360591241931E-03,  3.3643346163047738E-01
3,7,1,2,0,1,legacy-reference-bound,128,128,638, -2.3797588576549658E-01, -1.0792234250721703E-04,  2.3786796342298189E-01, -7.4765362087156340E-15,  7.5571347817786697E-16, -3.5856746110873462E-03,  7.9859999999999931E-03, -1.2300000000000000E+02, -2.7984115390975060E+01,  3.0672347317434490E-01,  3.9732372557405926E-01,  6.2796591574043603E-04,  1.6967806175833644E-01
3,7,1,2,0,1,legacy-reference-bound,256,256,1195, -2.3829162403270332E-01, -1.0792234250721698E-04,  2.3818370169019687E-01,  7.6681553901752908E-16,  1.0658914377482346E-15, -1.8074204127259347E-03,  1.7509999999999998E-02, -1.2300000000000000E+02, -2.7898905943482479E+01,  3.0672347317434490E-01,  3.9742252882051055E-01,  3.1581321783380467E-04,  8.5209447492580637E-02
3,7,1,2,0,1,legacy-reference-bound,512,512,2047, -2.3844995379666550E-01, -1.0792234250721846E-04,  2.3834203145414534E-01, -1.2942961589643143E-14,  9.7249483212689686E-16, -9.0742135195308131E-04,  2.5787000000000004E-02, -1.2300000000000000E+02, -2.7856207968873694E+01,  3.0672347317434490E-01,  3.9747202913335389E-01,  1.5836810613817365E-04,  4.2697974608785216E-02
3,7,2,1,1,2,legacy-reference-retry,1,0,80,  0.0000000000000000E+00,  0.0000000000000000E+00,  0.0000000000000000E+00,  0.0000000000000000E+00,  0.0000000000000000E+00,  0.0000000000000000E+00,  9.3099999999998739E-04, -1.0000000000000000E+01, -1.0000000000000000E+01,  4.1659014796486560E-01,  4.1659014796486560E-01, -1.0000000000000000E+00, -1.0000000000000000E+00
3,7,2,1,1,2,legacy-reference-retry,2,0,80,  0.0000000000000000E+00,  0.0000000000000000E+00,  0.0000000000000000E+00,  0.0000000000000000E+00,  0.0000000000000000E+00,  0.0000000000000000E+00,  8.6100000000000065E-04, -1.0000000000000000E+01, -1.0000000000000000E+01,  4.1659014796486560E-01,  4.1659014796486560E-01, -1.0000000000000000E+00, -1.0000000000000000E+00
3,7,2,1,0,1,legacy-reference-bound,4,4,161, -8.5596554955312354E-01, -4.3427569327306581E-01,  4.2168985627995426E-01, -1.0347278589506459E-13,  5.7259752495042449E-14, -2.0900731254615074E-01,  1.4410000000000256E-03, -9.6396981302662716E+00,  5.9562466608745108E+00,  4.1691264187855792E-01,  4.2299999999999999E-01, -1.0000000000000000E+00, -1.0000000000000000E+00
3,7,2,1,0,1,legacy-reference-bound,8,8,193, -9.9566490949198894E-01, -4.3794564740562031E-01,  5.5771926208636557E-01, -3.0531133177191805E-15,  2.6686985954427200E-14, -1.2693830670392153E-01,  1.6329999999999956E-03, -8.6178592342082627E+00,  6.1567668795152946E+00,  4.1780314819460629E-01,  4.2299999999999999E-01,  1.3602940580640363E-01,  1.2042592061092048E+01
3,7,2,1,1,2,legacy-reference-retry,16,15,347, -1.0343268610178160E+00, -4.1687660951411565E-01,  6.1745025150369059E-01, -9.7699626167013776E-15,  1.2365108936762681E-14, -7.9826740481881348E-02,  2.7699999999999947E-03, -6.0978464881764882E+00,  3.3551610666078435E+00,  4.1982352177616999E-01,  4.2299999999999999E-01, -1.0000000000000000E+00, -1.0000000000000000E+00
3,7,2,1,1,2,legacy-reference-retry,32,28,462, -1.0257792894388231E+00, -3.9279606555458368E-01,  6.3298322388423856E-01, -8.8817841970012523E-16,  7.6189055064901368E-15, -5.1965877701510510E-02,  3.9829999999999866E-03, -3.8496083201880245E+00,  1.7749863128132022E+00,  4.2135976160901911E-01,  4.2299999999999999E-01, -1.0000000000000000E+00, -1.0000000000000000E+00
3,7,2,1,1,2,legacy-reference-retry,64,54,681, -1.0174400818993730E+00, -3.8012153683188449E-01,  6.3731854506750096E-01,  1.2490009027033011E-14,  5.3039170277990877E-15, -3.4877431262563513E-02,  1.0062999999999989E-02, -2.5232833208177685E+00,  9.3344479312951645E-01,  4.2210927925425301E-01,  4.2299999999999999E-01, -1.0000000000000000E+00, -1.0000000000000000E+00
3,7,2,1,1,2,legacy-reference-retry,128,107,1119, -1.0192900723465672E+00, -3.7913653203260889E-01,  6.4015354031396754E-01,  9.2148511043887993E-15,  2.6732088764802597E-15, -2.3757049598610601E-02,  1.3936000000000004E-02, -1.1223368688664639E+00,  6.7936475531888807E-01,  4.2272505311771513E-01,  4.2299999999999999E-01, -1.0000000000000000E+00, -1.0000000000000000E+00
3,7,2,1,1,2,legacy-reference-retry,256,212,1804, -1.0145029811474200E+00, -3.7453180097092514E-01,  6.3997118017649512E-01,  2.7755575615628914E-16,  4.5974508922075330E-15, -1.5895272550944594E-02,  1.6887000000000013E-02, -1.1733870664878399E+00,  2.8117873304465285E-01,  4.2270669885712719E-01,  4.2299999999999999E-01, -1.0000000000000000E+00, -1.0000000000000000E+00
3,7,2,1,1,2,legacy-reference-retry,512,424,3139, -1.0163658207995450E+00, -3.7565010317660269E-01,  6.4071571762293900E-01, -3.2751579226442118E-15,  1.9743321560961036E-15, -1.0030670360221662E-02,  3.0748000000000025E-02, -5.5981255018525000E-01,  1.6576264290645915E-01,  4.2289997015860703E-01,  4.2299999999999999E-01, -1.0000000000000000E+00, -1.0000000000000000E+00
3,7,2,2,0,1,legacy-reference-bound,1,1,14, -2.3757049598610601E-02, -3.3699732935418445E-03,  2.0387076305077301E-02,  8.5443804809237633E-15,  2.1944251971106610E-16, -2.3757049598610601E-02,  1.5500000000001624E-04, -1.0000000000000000E+01, -2.7183315601800464E+00,  4.1659014796486560E-01,  4.2200790347825234E-01, -1.0000000000000000E+00, -1.0000000000000000E+00
3,7,2,2,0,1,legacy-reference-bound,2,2,26, -2.5819281210242177E-02, -3.3699732935418445E-03,  2.2449307916708960E-02,  8.6276472077706501E-15,  7.8019188332056899E-16, -1.5895272550944594E-02,  3.0499999999999972E-04, -1.0000000000000005E+01, -1.9649561323916256E+00,  4.1659014796486560E-01,  4.2238007037570058E-01,  2.3049559183474511E-03,  7.5337542778842082E-01
3,7,2,2,0,1,legacy-reference-bound,4,4,47, -2.7043147145529706E-02, -3.3699732935418445E-03,  2.3673173851989304E-02,  1.4424225702747151E-15,  1.3650105351592501E-15, -1.0030670360221662E-02,  5.5600000000000094E-04, -1.0000000000000009E+01, -1.6198015655508067E+00,  4.1659014796486560E-01,  4.2253158066860952E-01,  1.3844369100365905E-03,  4.1917185456368777E-01
3,7,2,2,0,1,legacy-reference-bound,8,8,80, -2.7702766823640236E-02, -3.3699732935418450E-03,  2.4332793530106755E-02,  8.3644029202911696E-15,  9.7480617328171704E-16, -5.8632828767569770E-03,  8.7700000000001666E-04, -1.0000000000000016E+01, -1.4874264650315934E+00,  4.1659014796486560E-01,  4.2258610627611093E-01,  7.5399589685803958E-04,  2.6164495593013815E-01
3,7,2,2,0,1,legacy-reference-bound,16,16,142, -2.8042247813381251E-02, -3.3699732935418437E-03,  2.4672274519851101E-02,  1.1693770951559657E-14,  1.3087946525158767E-15, -3.2140512064502101E-03,  1.5090000000000381E-03, -1.0000000000000039E+01, -1.4365990483323217E+00,  4.1659014796486560E-01,  4.2260648072536577E-01,  3.9111812655950873E-04,  1.4483287738103456E-01
3,7,2,2,0,1,legacy-reference-bound,32,32,249, -2.8213856061462528E-02, -3.3699732935418428E-03,  2.4843882767925152E-02,  4.4660455889022899E-15,  8.4738531296035813E-16, -1.6895615699657467E-03,  2.8309999999999724E-03, -1.0000000000000014E+01, -1.4155039527550002E+00,  4.1659014796486560E-01,  4.2261484290677154E-01,  1.9871709081464850E-04,  7.5799385194714297E-02
3,7,2,2,0,1,legacy-reference-bound,64,64,440, -2.8300038758579612E-02, -3.3699732935418480E-03,  2.4930065465042617E-02,  4.8528889240451178E-15,  1.6211668509361066E-15, -8.6716903977211788E-04,  4.8619999999999775E-03, -1.0000000000000002E+01, -1.4060573938593937E+00,  4.1659014796486560E-01,  4.2261856951096177E-01,  1.0008957417900755E-04,  3.8704151012967536E-02
3,7,2,2,0,1,legacy-reference-bound,128,128,768, -2.8343212694072240E-02, -3.3699732935418402E-03,  2.4973239400530645E-02,  2.4459601011272980E-16,  1.3423032759092568E-15, -4.3942009842750296E-04,  8.9549999999999907E-03, -1.0000000000000000E+01, -1.4016076597984668E+00,  4.1659014796486560E-01,  4.2262032101448765E-01,  5.0219950820384884E-05,  1.9545752804945415E-02
3,7,2,2,0,1,legacy-reference-bound,256,256,1280, -2.8364818758123848E-02, -3.3699732935418341E-03,  2.4994845464590298E-02,  8.2841719595272423E-15,  1.4286294857616261E-15, -2.2120006472115276E-04,  1.6332000000000013E-02, -1.0000000000000000E+01, -1.3994505894904714E+00,  4.1659014796486560E-01,  4.2262116918237502E-01,  2.5152831514829721E-05,  9.8201933706985045E-03
3,7,2,2,0,1,legacy-reference-bound,512,512,2560, -2.8375626368651746E-02, -3.3699732935418779E-03,  2.5005653075105272E-02, -4.5957161687315562E-15,  1.3871468942027940E-15, -1.1097651158618578E-04,  3.1316999999999984E-02, -1.0000000000000000E+01, -1.3983889019292077E+00,  4.1659014796486560E-01,  4.2262158642629144E-01,  1.2587015297271797E-05,  4.9217761226376666E-03
3,7,3,1,0,1,legacy-reference-bound,1,1,1, -1.1875000000000000E+00, -1.1875000000000000E+00,  0.0000000000000000E+00,  0.0000000000000000E+00,  0.0000000000000000E+00, -1.1875000000000000E+00,  2.0999999999993246E-05,  2.0000000000000000E-02,  2.0000000000000000E-02,  4.2299999999999999E-01,  4.2299999999999999E-01, -1.0000000000000000E+00, -1.0000000000000000E+00
3,7,3,1,0,1,legacy-reference-bound,2,2,2, -1.1875000000000000E+00, -1.1875000000000000E+00,  0.0000000000000000E+00,  0.0000000000000000E+00,  0.0000000000000000E+00, -5.9375000000000000E-01,  2.4000000000024002E-05,  2.0000000000000000E-02,  2.0000000000000000E-02,  4.2299999999999999E-01,  4.2299999999999999E-01,  0.0000000000000000E+00,  0.0000000000000000E+00
3,7,3,1,0,1,legacy-reference-bound,4,4,4, -1.1875000000000000E+00, -1.1875000000000000E+00,  0.0000000000000000E+00,  0.0000000000000000E+00,  0.0000000000000000E+00, -2.9687500000000000E-01,  4.5000000000017248E-05,  2.0000000000000000E-02,  2.0000000000000000E-02,  4.2299999999999999E-01,  4.2299999999999999E-01,  0.0000000000000000E+00,  0.0000000000000000E+00
3,7,3,1,0,1,legacy-reference-bound,8,8,8, -1.1875000000000000E+00, -1.1875000000000000E+00,  0.0000000000000000E+00,  0.0000000000000000E+00,  0.0000000000000000E+00, -1.4843750000000000E-01,  8.7999999999976986E-05,  2.0000000000000000E-02,  2.0000000000000000E-02,  4.2299999999999999E-01,  4.2299999999999999E-01,  0.0000000000000000E+00,  0.0000000000000000E+00
3,7,3,1,0,1,legacy-reference-bound,16,16,16, -1.1875000000000000E+00, -1.1875000000000000E+00,  0.0000000000000000E+00,  0.0000000000000000E+00,  0.0000000000000000E+00, -7.4218750000000000E-02,  1.9999999999997797E-04,  2.0000000000000000E-02,  2.0000000000000000E-02,  4.2299999999999999E-01,  4.2299999999999999E-01,  0.0000000000000000E+00,  0.0000000000000000E+00
3,7,3,1,0,1,legacy-reference-bound,32,32,32, -1.1875000000000000E+00, -1.1875000000000000E+00,  0.0000000000000000E+00,  0.0000000000000000E+00,  0.0000000000000000E+00, -3.7109375000000000E-02,  3.4699999999998621E-04,  2.0000000000000000E-02,  2.0000000000000000E-02,  4.2299999999999999E-01,  4.2299999999999999E-01,  0.0000000000000000E+00,  0.0000000000000000E+00
3,7,3,1,0,1,legacy-reference-bound,64,64,64, -1.1875000000000000E+00, -1.1875000000000000E+00,  0.0000000000000000E+00,  0.0000000000000000E+00,  0.0000000000000000E+00, -1.8554687500000000E-02,  6.9199999999997042E-04,  2.0000000000000000E-02,  2.0000000000000000E-02,  4.2299999999999999E-01,  4.2299999999999999E-01,  0.0000000000000000E+00,  0.0000000000000000E+00
3,7,3,1,0,1,legacy-reference-bound,128,128,128, -1.1875000000000000E+00, -1.1875000000000000E+00,  0.0000000000000000E+00,  0.0000000000000000E+00,  0.0000000000000000E+00, -9.2773437500000000E-03,  1.4119999999999688E-03,  2.0000000000000000E-02,  2.0000000000000000E-02,  4.2299999999999999E-01,  4.2299999999999999E-01,  0.0000000000000000E+00,  0.0000000000000000E+00
3,7,3,1,0,1,legacy-reference-bound,256,256,256, -1.1875000000000000E+00, -1.1875000000000000E+00,  0.0000000000000000E+00,  0.0000000000000000E+00,  0.0000000000000000E+00, -4.6386718750000000E-03,  3.1089999999999729E-03,  2.0000000000000000E-02,  2.0000000000000000E-02,  4.2299999999999999E-01,  4.2299999999999999E-01,  0.0000000000000000E+00,  0.0000000000000000E+00
3,7,3,1,0,1,legacy-reference-bound,512,512,512, -1.1875000000000000E+00, -1.1875000000000000E+00,  0.0000000000000000E+00,  0.0000000000000000E+00,  0.0000000000000000E+00, -2.3193359375000000E-03,  5.9210000000000096E-03,  2.0000000000000000E-02,  2.0000000000000000E-02,  4.2299999999999999E-01,  4.2299999999999999E-01,  0.0000000000000000E+00,  0.0000000000000000E+00
3,7,3,2,0,1,legacy-reference-bound,1,1,1, -9.2773437500000000E-03, -9.2773437500000000E-03,  0.0000000000000000E+00,  0.0000000000000000E+00,  0.0000000000000000E+00, -9.2773437500000000E-03,  1.6999999999989246E-05,  2.0000000000000000E-02,  2.0000000000000000E-02,  4.2299999999999999E-01,  4.2299999999999999E-01, -1.0000000000000000E+00, -1.0000000000000000E+00
3,7,3,2,0,1,legacy-reference-bound,2,2,2, -9.2773437500000000E-03, -9.2773437500000000E-03,  0.0000000000000000E+00,  0.0000000000000000E+00,  0.0000000000000000E+00, -4.6386718750000000E-03,  2.3999999999968491E-05,  2.0000000000000000E-02,  2.0000000000000000E-02,  4.2299999999999999E-01,  4.2299999999999999E-01,  0.0000000000000000E+00,  0.0000000000000000E+00
3,7,3,2,0,1,legacy-reference-bound,4,4,4, -9.2773437500000000E-03, -9.2773437500000000E-03,  0.0000000000000000E+00,  0.0000000000000000E+00,  0.0000000000000000E+00, -2.3193359375000000E-03,  4.5000000000017248E-05,  2.0000000000000000E-02,  2.0000000000000000E-02,  4.2299999999999999E-01,  4.2299999999999999E-01,  0.0000000000000000E+00,  0.0000000000000000E+00
3,7,3,2,0,1,legacy-reference-bound,8,8,8, -9.2773437500000000E-03, -9.2773437500000000E-03,  0.0000000000000000E+00,  0.0000000000000000E+00,  0.0000000000000000E+00, -1.1596679687500000E-03,  8.9000000000005741E-05,  2.0000000000000000E-02,  2.0000000000000000E-02,  4.2299999999999999E-01,  4.2299999999999999E-01,  0.0000000000000000E+00,  0.0000000000000000E+00
3,7,3,2,0,1,legacy-reference-bound,16,16,16, -9.2773437500000000E-03, -9.2773437500000000E-03,  0.0000000000000000E+00,  0.0000000000000000E+00,  0.0000000000000000E+00, -5.7983398437500000E-04,  2.0100000000000673E-04,  2.0000000000000000E-02,  2.0000000000000000E-02,  4.2299999999999999E-01,  4.2299999999999999E-01,  0.0000000000000000E+00,  0.0000000000000000E+00
3,7,3,2,0,1,legacy-reference-bound,32,32,32, -9.2773437500000000E-03, -9.2773437500000000E-03,  0.0000000000000000E+00,  0.0000000000000000E+00,  0.0000000000000000E+00, -2.8991699218750000E-04,  3.4800000000001496E-04,  2.0000000000000000E-02,  2.0000000000000000E-02,  4.2299999999999999E-01,  4.2299999999999999E-01,  0.0000000000000000E+00,  0.0000000000000000E+00
3,7,3,2,0,1,legacy-reference-bound,64,64,64, -9.2773437500000000E-03, -9.2773437500000000E-03,  0.0000000000000000E+00,  0.0000000000000000E+00,  0.0000000000000000E+00, -1.4495849609375000E-04,  7.1399999999999242E-04,  2.0000000000000000E-02,  2.0000000000000000E-02,  4.2299999999999999E-01,  4.2299999999999999E-01,  0.0000000000000000E+00,  0.0000000000000000E+00
3,7,3,2,0,1,legacy-reference-bound,128,128,128, -9.2773437500000000E-03, -9.2773437500000000E-03,  0.0000000000000000E+00,  0.0000000000000000E+00,  0.0000000000000000E+00, -7.2479248046875000E-05,  1.4100000000000223E-03,  2.0000000000000000E-02,  2.0000000000000000E-02,  4.2299999999999999E-01,  4.2299999999999999E-01,  0.0000000000000000E+00,  0.0000000000000000E+00
3,7,3,2,0,1,legacy-reference-bound,256,256,256, -9.2773437500000000E-03, -9.2773437500000000E-03,  0.0000000000000000E+00,  0.0000000000000000E+00,  0.0000000000000000E+00, -3.6239624023437500E-05,  3.0669999999999864E-03,  2.0000000000000000E-02,  2.0000000000000000E-02,  4.2299999999999999E-01,  4.2299999999999999E-01,  0.0000000000000000E+00,  0.0000000000000000E+00
3,7,3,2,0,1,legacy-reference-bound,512,512,512, -9.2773437500000000E-03, -9.2773437500000000E-03,  0.0000000000000000E+00,  0.0000000000000000E+00,  0.0000000000000000E+00, -1.8119812011718750E-05,  5.7059999999999889E-03,  2.0000000000000000E-02,  2.0000000000000000E-02,  4.2299999999999999E-01,  4.2299999999999999E-01,  0.0000000000000000E+00,  0.0000000000000000E+00
3,2,1,1,0,1,legacy-reference-bound,1,1,5, -6.1577033610379062E-01, -1.3814059840923806E-02,  6.0195627626283610E-01, -3.0711544418693393E-14,  1.3877787807814457E-17, -6.1577033610379062E-01,  7.9999999999968985E-05, -1.2299999991937848E+02,  6.2182069883811519E-01,  3.0672347322977411E-01,  4.2299999999999999E-01, -1.0000000000000000E+00, -1.0000000000000000E+00
3,2,1,1,0,1,legacy-reference-bound,2,2,10, -9.6559134526440682E-01, -1.3814059840923806E-02,  9.5177728542345719E-01, -2.5826563110342704E-14,  9.2287288921966137E-16, -4.9025790906954170E-01,  1.1499999999997623E-04, -1.2299999999972172E+02,  2.6929802906344180E-01,  3.0672347317453619E-01,  4.2299999999999999E-01,  3.5104297606849716E-01,  5.4628689357404063E+01
3,2,1,1,0,1,legacy-reference-bound,4,4,70, -1.4292182482824916E+00, -1.3814059840923806E-02,  1.4154041884416415E+00,  7.3760442198533838E-14,  5.2357423951931992E-14, -4.0821115934742452E-01,  7.1300000000001917E-04, -1.2299999999999962E+02, -1.5918718588627367E-01,  3.0672347317434512E-01,  4.2298394169696196E-01,  4.6420909371348446E-01,  6.2857690580824780E+01
3,2,1,1,0,1,legacy-reference-bound,8,8,120, -1.8423908587268290E+00, -1.3814059840923806E-02,  1.8285767988858908E+00, -1.4391265956703592E-14,  1.5603837666411380E-14, -3.5511776396822670E-01,  1.2309999999999821E-03, -1.2300000000000001E+02, -2.8851001708706719E-01,  3.0672347317434490E-01,  4.2296185777961948E-01,  4.1463756924259076E-01,  5.4646391228920436E+01
3,2,1,1,0,1,legacy-reference-bound,16,16,232, -2.0774658891843809E+00, -1.3814059840923810E-02,  2.0636518293433852E+00, -7.1897349185334747E-14,  1.2792718273590964E-14, -3.1841444655005247E-01,  2.3469999999999880E-03, -1.2300000000000001E+02, -2.8041417304358146E-01,  3.0672347317434490E-01,  4.2296340477545835E-01,  2.3507590327386585E-01,  3.1947384776722814E+01
3,2,1,1,0,1,legacy-reference-bound,32,32,454, -2.2017247219435543E+00, -1.3814059840923815E-02,  2.1879106621025528E+00, -7.7665304742957630E-14,  1.2314368275090359E-14, -2.8426962503224157E-01,  5.8139999999999858E-03, -1.2300000000000001E+02, -2.6820922924627016E-01,  3.0672347317434490E-01,  4.2296569873930878E-01,  1.2425918964458688E-01,  1.6003840411468047E+01
3,2,1,1,0,1,legacy-reference-bound,64,64,856, -2.2670721918562289E+00, -1.3814059840923794E-02,  2.2532581320152261E+00, -7.9018389054219540E-14,  1.1524852253086415E-14, -2.3934760739419964E-01,  1.2807999999999986E-02, -1.2300000000000000E+02, -2.6011502647748458E-01,  3.0672347317434490E-01,  4.2296719424579909E-01,  6.5347614263880083E-02,  8.1179624373250476E+00
3,2,1,1,0,1,legacy-reference-bound,128,128,1600, -2.3012741500403817E+00, -1.3814059840923780E-02,  2.2874600901993674E+00, -9.0578586298128982E-14,  1.0074298166518059E-14, -1.8300877201453405E-01,  2.4238999999999955E-02, -1.2300000000000000E+02, -2.5534760885285246E-01,  3.0672347317434490E-01,  4.2296806528075981E-01,  3.4202002742280413E-02,  3.8699802427367871E+00
3,2,1,1,0,1,legacy-reference-bound,256,256,2962, -2.3189967454637541E+00, -1.3814059840923773E-02,  2.3051826856227535E+00, -7.6818759686680949E-14,  3.5369385371908368E-15, -1.2670500569860735E-01,  3.6230999999999958E-02, -1.2300000000000000E+02, -2.5269824572501787E-01,  3.0672347317434490E-01,  4.2296854615795254E-01,  1.7722614672716908E-02,  2.0447024710858699E+00
3,2,1,1,0,1,legacy-reference-bound,512,512,5394, -2.3280809730958940E+00, -1.3814059840923962E-02,  2.3142669132548761E+00, -9.3949154011951919E-14,  4.5015261049968780E-15, -8.0182754747878476E-02,  5.8723999999999998E-02, -1.2300000000000000E+02, -2.5128173216072386E-01,  3.0672347317434490E-01,  4.2296880232762513E-01,  9.0842362623230755E-03,  1.0605629599031801E+00
3,2,1,2,0,1,legacy-reference-bound,1,1,12, -1.8300877201453405E-01, -1.0792234250721724E-04,  1.8290084967203768E-01,  1.0842346985506790E-14,  1.0074298166518059E-14, -1.8300877201453405E-01,  1.3099999999999223E-04, -1.2300000000000000E+02, -4.4143936989585690E+01,  3.0672347317434490E-01,  3.7855454377790343E-01, -1.0000000000000000E+00, -1.0000000000000000E+00
3,2,1,2,0,1,legacy-reference-bound,2,2,20, -2.0576932137655429E-01, -1.0792234250721724E-04,  2.0566139903405301E-01,  5.9296101015404723E-15,  3.3473115772231221E-15, -1.2670500569860735E-01,  2.0799999999998597E-04, -1.2300000000000000E+02, -3.7119061212094373E+01,  3.0672347317434490E-01,  3.8667140793965349E-01,  2.2761845572077111E-02,  7.0248757774913173E+00
3,2,1,2,0,1,legacy-reference-bound,4,4,36, -2.2048351625670826E-01, -1.0792234250721724E-04,  2.2037559391419492E-01, -6.1163097156424762E-15,  4.5015261049968780E-15, -8.0182754747878476E-02,  4.4399999999999995E-04, -1.2300000000000003E+02, -3.2834888296220647E+01,  3.0672347317434490E-01,  3.9167168084143456E-01,  1.4714934502271515E-02,  4.2841729158737252E+00
3,2,1,2,0,1,legacy-reference-bound,8,8,62, -2.2903449158375017E-01, -1.0792234250721724E-04,  2.2892656924124566E-01,  2.7099633301275183E-15,  2.5049813568919777E-15, -4.6969069427893882E-02,  6.8299999999998917E-04, -1.2300000000000000E+02, -3.0431534670435244E+01,  3.0672347317434490E-01,  3.9447709250428287E-01,  8.5513510522916558E-03,  2.4033536257854031E+00
3,2,1,2,0,1,legacy-reference-bound,16,16,111, -2.3367983508400447E-01, -1.0792234250721726E-04,  2.3357191274149258E-01, -4.6729926785754605E-15,  6.0344660041469766E-16, -2.5898454019469282E-02,  1.2809999999999766E-03, -1.2300000000000000E+02, -2.9151717302769981E+01,  3.0672347317434490E-01,  3.9596755937107841E-01,  4.6458628306414451E-03,  1.2798173676652631E+00
3,2,1,2,0,1,legacy-reference-bound,32,32,192, -2.3610678718915443E-01, -1.0792234250721730E-04,  2.3599886484664268E-01, -4.5341741429158477E-15,  8.8773457443576398E-16, -1.3695567560400945E-02,  2.3030000000000550E-03, -1.2300000000000007E+02, -2.8490226914363873E+01,  3.0672347317434490E-01,  3.9673637876441004E-01,  2.4273770077448686E-03,  6.6149038840610785E-01
3,2,1,2,0,1,legacy-reference-bound,64,64,337, -2.3734806297044087E-01, -1.0792234250721714E-04,  2.3724014062792875E-01, -4.8951592562448965E-15,  7.9371222322464213E-16, -7.0586660010954561E-03,  3.9259999999999851E-03, -1.2300000000000011E+02, -2.8153793452733396E+01,  3.0672347317434490E-01,  3.9712690499093362E-01,  1.2415360591241931E-03,  3.3643346163047738E-01
3,2,1,2,0,1,legacy-reference-bound,128,128,638, -2.3797588576549658E-01, -1.0792234250721703E-04,  2.3786796342298189E-01, -7.4765362087156340E-15,  7.5571347817786697E-16, -3.5856746110873462E-03,  7.3360000000000092E-03, -1.2300000000000000E+02, -2.7984115390975060E+01,  3.0672347317434490E-01,  3.9732372557405926E-01,  6.2796591574043603E-04,  1.6967806175833644E-01
3,2,1,2,0,1,legacy-reference-bound,256,256,1195, -2.3829162403270332E-01, -1.0792234250721698E-04,  2.3818370169019687E-01,  7.6681553901752908E-16,  1.0658914377482346E-15, -1.8074204127259347E-03,  1.4276000000000066E-02, -1.2300000000000000E+02, -2.7898905943482479E+01,  3.0672347317434490E-01,  3.9742252882051055E-01,  3.1581321783380467E-04,  8.5209447492580637E-02
3,2,1,2,0,1,legacy-reference-bound,512,512,2047, -2.3844995379666550E-01, -1.0792234250721846E-04,  2.3834203145414534E-01, -1.2942961589643143E-14,  9.7249483212689686E-16, -9.0742135195308131E-04,  2.6212000000000013E-02, -1.2300000000000000E+02, -2.7856207968873694E+01,  3.0672347317434490E-01,  3.9747202913335389E-01,  1.5836810613817365E-04,  4.2697974608785216E-02
3,2,2,1,0,1,legacy-reference-bound,1,1,5, -6.2868250165676909E-01, -4.3135658157335610E-01,  1.9732592008342920E-01,  1.6209256159527285E-14,  4.4408920985006262E-16, -6.2868250165676909E-01,  6.7000000000039250E-05, -9.7468925147468894E+00,  6.0822894562445362E-01,  4.1681714101236722E-01,  4.2299999999999999E-01, -1.0000000000000000E+00, -1.0000000000000000E+00
3,2,2,1,0,1,legacy-reference-bound,2,2,11, -7.2595223239495232E-01, -4.3135658157335610E-01,  2.9459565082162698E-01,  3.0753177782116836E-14,  7.7715611723760958E-16, -3.5669829030274819E-01,  1.2000000000000899E-04, -9.6569205673538345E+00,  1.4661378364134681E+00,  4.1689732391120649E-01,  4.2299999999999999E-01,  9.7269730738184235E-02,  4.5592513221830204E+00
3,2,2,1,0,1,legacy-reference-bound,4,4,22, -8.5594029300108965E-01, -4.3135658157335610E-01,  4.2458371142776485E-01,  3.1308289294429414E-14,  1.5265566588595902E-15, -2.0900730944119597E-01,  2.2600000000005949E-04, -9.3827680482147553E+00,  5.9587779507717835E+00,  4.1713997625140553E-01,  4.2299999999999999E-01,  1.2998806060613474E-01,  9.5474300948648345E+00
3,2,2,1,0,1,legacy-reference-bound,8,8,48, -9.9548746903988006E-01, -4.3135658157335616E-01,  5.6413088746655404E-01,  3.0142555118573000E-14,  2.1926904736346842E-15, -1.2693830670288497E-01,  5.7500000000010321E-04, -7.8351570181110990E+00,  6.2263248691423492E+00,  4.1845922958843429E-01,  4.2299999999999999E-01,  1.3954717603879549E-01,  1.2105005411990531E+01
3,2,2,1,0,1,legacy-reference-bound,16,16,109, -1.0723417850867949E+00, -4.3135658157335599E-01,  6.4098520351344490E-01,  5.9952043329758453E-15,  1.2975731600306517E-15, -7.9826740481881264E-02,  1.0149999999999881E-03,  6.1465848783012156E-01,  4.4466554580518910E+01,  4.2299999999999999E-01,  4.2299999999999999E-01,  7.6854316046911925E-02,  5.2301711598630007E+01
3,2,2,1,0,1,legacy-reference-bound,32,32,197, -1.0723417850868031E+00, -4.3135658157335588E-01,  6.4098520351344490E-01, -2.3314683517128287E-15,  4.2084391527197340E-15, -5.1965877701510503E-02,  1.9210000000000615E-03,  8.1594044044909886E-01,  6.2899294795478809E+01,  4.2299999999999999E-01,  4.2299999999999999E-01,  0.0000000000000000E+00,  1.8432740214959900E+01
3,2,2,1,0,1,legacy-reference-bound,64,64,382, -1.0723417850867987E+00, -4.3135658157335655E-01,  6.4098520351344490E-01,  2.7755575615628914E-15,  1.8925833122906965E-15, -3.4877431262563513E-02,  3.5819999999999741E-03,  8.1594044044909886E-01,  6.2899294795478809E+01,  4.2299999999999999E-01,  4.2299999999999999E-01,  0.0000000000000000E+00,  0.0000000000000000E+00
3,2,2,1,0,1,legacy-reference-bound,128,128,704, -1.0723417850867962E+00, -4.3135658157335555E-01,  6.4098520351344490E-01,  4.2188474935755949E-15,  2.7209137720696219E-15, -2.3757049598610601E-02,  7.3050000000000059E-03,  8.1594044044909886E-01,  6.2899294795478809E+01,  4.2299999999999999E-01,  4.2299999999999999E-01,  0.0000000000000000E+00,  1.7763568394002505E-15
3,2,2,1,0,1,legacy-reference-bound,256,256,1382, -1.0723417850868056E+00, -4.3135658157335477E-01,  6.4098520351344490E-01, -5.8841820305133297E-15,  4.8750066483638221E-15, -1.5895272550944594E-02,  1.4760999999999913E-02,  8.1594044044909886E-01,  6.2899294795478809E+01,  4.2299999999999999E-01,  4.2299999999999999E-01,  0.0000000000000000E+00,  1.7763568394002505E-15
3,2,2,1,0,1,legacy-reference-bound,512,512,2682, -1.0723417850868109E+00, -4.3135658157336038E-01,  6.4098520351344490E-01, -5.6066262743570405E-15,  2.1677538236675176E-15, -1.0030670360221662E-02,  2.8205999999999953E-02,  8.1594044044909886E-01,  6.2899294795478809E+01,  4.2299999999999999E-01,  4.2299999999999999E-01,  0.0000000000000000E+00,  1.7763568394002505E-15
3,2,2,2,0,1,legacy-reference-bound,1,1,14, -2.3757049598610601E-02, -3.3699732935418445E-03,  2.0387076305077301E-02,  8.5443804809237633E-15,  2.1944251971106610E-16, -2.3757049598610601E-02,  1.4999999999998348E-04, -1.0000000000000000E+01, -2.7183315601800464E+00,  4.1659014796486560E-01,  4.2200790347825234E-01, -1.0000000000000000E+00, -1.0000000000000000E+00
3,2,2,2,0,1,legacy-reference-bound,2,2,26, -2.5819281210242177E-02, -3.3699732935418445E-03,  2.2449307916708960E-02,  8.6276472077706501E-15,  7.8019188332056899E-16, -1.5895272550944594E-02,  2.6399999999993096E-04, -1.0000000000000005E+01, -1.9649561323916256E+00,  4.1659014796486560E-01,  4.2238007037570058E-01,  2.3049559183474511E-03,  7.5337542778842082E-01
3,2,2,2,0,1,legacy-reference-bound,4,4,47, -2.7043147145529706E-02, -3.3699732935418445E-03,  2.3673173851989304E-02,  1.4424225702747151E-15,  1.3650105351592501E-15, -1.0030670360221662E-02,  4.9399999999999444E-04, -1.0000000000000009E+01, -1.6198015655508067E+00,  4.1659014796486560E-01,  4.2253158066860952E-01,  1.3844369100365905E-03,  4.1917185456368777E-01
3,2,2,2,0,1,legacy-reference-bound,8,8,80, -2.7702766823640236E-02, -3.3699732935418450E-03,  2.4332793530106755E-02,  8.3644029202911696E-15,  9.7480617328171704E-16, -5.8632828767569770E-03,  8.3600000000005892E-04, -1.0000000000000016E+01, -1.4874264650315934E+00,  4.1659014796486560E-01,  4.2258610627611093E-01,  7.5399589685803958E-04,  2.6164495593013815E-01
3,2,2,2,0,1,legacy-reference-bound,16,16,142, -2.8042247813381251E-02, -3.3699732935418437E-03,  2.4672274519851101E-02,  1.1693770951559657E-14,  1.3087946525158767E-15, -3.2140512064502101E-03,  1.7880000000000118E-03, -1.0000000000000039E+01, -1.4365990483323217E+00,  4.1659014796486560E-01,  4.2260648072536577E-01,  3.9111812655950873E-04,  1.4483287738103456E-01
3,2,2,2,0,1,legacy-reference-bound,32,32,249, -2.8213856061462528E-02, -3.3699732935418428E-03,  2.4843882767925152E-02,  4.4660455889022899E-15,  8.4738531296035813E-16, -1.6895615699657467E-03,  2.9890000000000194E-03, -1.0000000000000014E+01, -1.4155039527550002E+00,  4.1659014796486560E-01,  4.2261484290677154E-01,  1.9871709081464850E-04,  7.5799385194714297E-02
3,2,2,2,0,1,legacy-reference-bound,64,64,440, -2.8300038758579612E-02, -3.3699732935418480E-03,  2.4930065465042617E-02,  4.8528889240451178E-15,  1.6211668509361066E-15, -8.6716903977211788E-04,  5.2610000000000712E-03, -1.0000000000000002E+01, -1.4060573938593937E+00,  4.1659014796486560E-01,  4.2261856951096177E-01,  1.0008957417900755E-04,  3.8704151012967536E-02
3,2,2,2,0,1,legacy-reference-bound,128,128,768, -2.8343212694072240E-02, -3.3699732935418402E-03,  2.4973239400530645E-02,  2.4459601011272980E-16,  1.3423032759092568E-15, -4.3942009842750296E-04,  9.1410000000000657E-03, -1.0000000000000000E+01, -1.4016076597984668E+00,  4.1659014796486560E-01,  4.2262032101448765E-01,  5.0219950820384884E-05,  1.9545752804945415E-02
3,2,2,2,0,1,legacy-reference-bound,256,256,1280, -2.8364818758123848E-02, -3.3699732935418341E-03,  2.4994845464590298E-02,  8.2841719595272423E-15,  1.4286294857616261E-15, -2.2120006472115276E-04,  1.7051000000000038E-02, -1.0000000000000000E+01, -1.3994505894904714E+00,  4.1659014796486560E-01,  4.2262116918237502E-01,  2.5152831514829721E-05,  9.8201933706985045E-03
3,2,2,2,0,1,legacy-reference-bound,512,512,2560, -2.8375626368651746E-02, -3.3699732935418779E-03,  2.5005653075105272E-02, -4.5957161687315562E-15,  1.3871468942027940E-15, -1.1097651158618578E-04,  3.4144000000000063E-02, -1.0000000000000000E+01, -1.3983889019292077E+00,  4.1659014796486560E-01,  4.2262158642629144E-01,  1.2587015297271797E-05,  4.9217761226376666E-03
3,2,3,1,0,1,legacy-reference-bound,1,1,1, -1.1875000000000000E+00, -1.1875000000000000E+00,  0.0000000000000000E+00,  0.0000000000000000E+00,  0.0000000000000000E+00, -1.1875000000000000E+00,  2.0000000000020002E-05,  2.0000000000000000E-02,  2.0000000000000000E-02,  4.2299999999999999E-01,  4.2299999999999999E-01, -1.0000000000000000E+00, -1.0000000000000000E+00
3,2,3,1,0,1,legacy-reference-bound,2,2,2, -1.1875000000000000E+00, -1.1875000000000000E+00,  0.0000000000000000E+00,  0.0000000000000000E+00,  0.0000000000000000E+00, -5.9375000000000000E-01,  2.4999999999941735E-05,  2.0000000000000000E-02,  2.0000000000000000E-02,  4.2299999999999999E-01,  4.2299999999999999E-01,  0.0000000000000000E+00,  0.0000000000000000E+00
3,2,3,1,0,1,legacy-reference-bound,4,4,4, -1.1875000000000000E+00, -1.1875000000000000E+00,  0.0000000000000000E+00,  0.0000000000000000E+00,  0.0000000000000000E+00, -2.9687500000000000E-01,  4.5999999999990493E-05,  2.0000000000000000E-02,  2.0000000000000000E-02,  4.2299999999999999E-01,  4.2299999999999999E-01,  0.0000000000000000E+00,  0.0000000000000000E+00
3,2,3,1,0,1,legacy-reference-bound,8,8,8, -1.1875000000000000E+00, -1.1875000000000000E+00,  0.0000000000000000E+00,  0.0000000000000000E+00,  0.0000000000000000E+00, -1.4843750000000000E-01,  1.0500000000002174E-04,  2.0000000000000000E-02,  2.0000000000000000E-02,  4.2299999999999999E-01,  4.2299999999999999E-01,  0.0000000000000000E+00,  0.0000000000000000E+00
3,2,3,1,0,1,legacy-reference-bound,16,16,16, -1.1875000000000000E+00, -1.1875000000000000E+00,  0.0000000000000000E+00,  0.0000000000000000E+00,  0.0000000000000000E+00, -7.4218750000000000E-02,  2.3499999999998522E-04,  2.0000000000000000E-02,  2.0000000000000000E-02,  4.2299999999999999E-01,  4.2299999999999999E-01,  0.0000000000000000E+00,  0.0000000000000000E+00
3,2,3,1,0,1,legacy-reference-bound,32,32,32, -1.1875000000000000E+00, -1.1875000000000000E+00,  0.0000000000000000E+00,  0.0000000000000000E+00,  0.0000000000000000E+00, -3.7109375000000000E-02,  3.4599999999995745E-04,  2.0000000000000000E-02,  2.0000000000000000E-02,  4.2299999999999999E-01,  4.2299999999999999E-01,  0.0000000000000000E+00,  0.0000000000000000E+00
3,2,3,1,0,1,legacy-reference-bound,64,64,64, -1.1875000000000000E+00, -1.1875000000000000E+00,  0.0000000000000000E+00,  0.0000000000000000E+00,  0.0000000000000000E+00, -1.8554687500000000E-02,  7.3699999999998766E-04,  2.0000000000000000E-02,  2.0000000000000000E-02,  4.2299999999999999E-01,  4.2299999999999999E-01,  0.0000000000000000E+00,  0.0000000000000000E+00
3,2,3,1,0,1,legacy-reference-bound,128,128,128, -1.1875000000000000E+00, -1.1875000000000000E+00,  0.0000000000000000E+00,  0.0000000000000000E+00,  0.0000000000000000E+00, -9.2773437500000000E-03,  1.5439999999999898E-03,  2.0000000000000000E-02,  2.0000000000000000E-02,  4.2299999999999999E-01,  4.2299999999999999E-01,  0.0000000000000000E+00,  0.0000000000000000E+00
3,2,3,1,0,1,legacy-reference-bound,256,256,256, -1.1875000000000000E+00, -1.1875000000000000E+00,  0.0000000000000000E+00,  0.0000000000000000E+00,  0.0000000000000000E+00, -4.6386718750000000E-03,  2.7889999999999304E-03,  2.0000000000000000E-02,  2.0000000000000000E-02,  4.2299999999999999E-01,  4.2299999999999999E-01,  0.0000000000000000E+00,  0.0000000000000000E+00
3,2,3,1,0,1,legacy-reference-bound,512,512,512, -1.1875000000000000E+00, -1.1875000000000000E+00,  0.0000000000000000E+00,  0.0000000000000000E+00,  0.0000000000000000E+00, -2.3193359375000000E-03,  5.9839999999999893E-03,  2.0000000000000000E-02,  2.0000000000000000E-02,  4.2299999999999999E-01,  4.2299999999999999E-01,  0.0000000000000000E+00,  0.0000000000000000E+00
3,2,3,2,0,1,legacy-reference-bound,1,1,1, -9.2773437500000000E-03, -9.2773437500000000E-03,  0.0000000000000000E+00,  0.0000000000000000E+00,  0.0000000000000000E+00, -9.2773437500000000E-03,  1.6999999999933735E-05,  2.0000000000000000E-02,  2.0000000000000000E-02,  4.2299999999999999E-01,  4.2299999999999999E-01, -1.0000000000000000E+00, -1.0000000000000000E+00
3,2,3,2,0,1,legacy-reference-bound,2,2,2, -9.2773437500000000E-03, -9.2773437500000000E-03,  0.0000000000000000E+00,  0.0000000000000000E+00,  0.0000000000000000E+00, -4.6386718750000000E-03,  2.3999999999912980E-05,  2.0000000000000000E-02,  2.0000000000000000E-02,  4.2299999999999999E-01,  4.2299999999999999E-01,  0.0000000000000000E+00,  0.0000000000000000E+00
3,2,3,2,0,1,legacy-reference-bound,4,4,4, -9.2773437500000000E-03, -9.2773437500000000E-03,  0.0000000000000000E+00,  0.0000000000000000E+00,  0.0000000000000000E+00, -2.3193359375000000E-03,  4.5000000000072760E-05,  2.0000000000000000E-02,  2.0000000000000000E-02,  4.2299999999999999E-01,  4.2299999999999999E-01,  0.0000000000000000E+00,  0.0000000000000000E+00
3,2,3,2,0,1,legacy-reference-bound,8,8,8, -9.2773437500000000E-03, -9.2773437500000000E-03,  0.0000000000000000E+00,  0.0000000000000000E+00,  0.0000000000000000E+00, -1.1596679687500000E-03,  8.6999999999948230E-05,  2.0000000000000000E-02,  2.0000000000000000E-02,  4.2299999999999999E-01,  4.2299999999999999E-01,  0.0000000000000000E+00,  0.0000000000000000E+00
3,2,3,2,0,1,legacy-reference-bound,16,16,16, -9.2773437500000000E-03, -9.2773437500000000E-03,  0.0000000000000000E+00,  0.0000000000000000E+00,  0.0000000000000000E+00, -5.7983398437500000E-04,  1.8700000000004824E-04,  2.0000000000000000E-02,  2.0000000000000000E-02,  4.2299999999999999E-01,  4.2299999999999999E-01,  0.0000000000000000E+00,  0.0000000000000000E+00
3,2,3,2,0,1,legacy-reference-bound,32,32,32, -9.2773437500000000E-03, -9.2773437500000000E-03,  0.0000000000000000E+00,  0.0000000000000000E+00,  0.0000000000000000E+00, -2.8991699218750000E-04,  3.4500000000003972E-04,  2.0000000000000000E-02,  2.0000000000000000E-02,  4.2299999999999999E-01,  4.2299999999999999E-01,  0.0000000000000000E+00,  0.0000000000000000E+00
3,2,3,2,0,1,legacy-reference-bound,64,64,64, -9.2773437500000000E-03, -9.2773437500000000E-03,  0.0000000000000000E+00,  0.0000000000000000E+00,  0.0000000000000000E+00, -1.4495849609375000E-04,  7.0500000000006668E-04,  2.0000000000000000E-02,  2.0000000000000000E-02,  4.2299999999999999E-01,  4.2299999999999999E-01,  0.0000000000000000E+00,  0.0000000000000000E+00
3,2,3,2,0,1,legacy-reference-bound,128,128,128, -9.2773437500000000E-03, -9.2773437500000000E-03,  0.0000000000000000E+00,  0.0000000000000000E+00,  0.0000000000000000E+00, -7.2479248046875000E-05,  1.8849999999999145E-03,  2.0000000000000000E-02,  2.0000000000000000E-02,  4.2299999999999999E-01,  4.2299999999999999E-01,  0.0000000000000000E+00,  0.0000000000000000E+00
3,2,3,2,0,1,legacy-reference-bound,256,256,256, -9.2773437500000000E-03, -9.2773437500000000E-03,  0.0000000000000000E+00,  0.0000000000000000E+00,  0.0000000000000000E+00, -3.6239624023437500E-05,  2.9780000000000362E-03,  2.0000000000000000E-02,  2.0000000000000000E-02,  4.2299999999999999E-01,  4.2299999999999999E-01,  0.0000000000000000E+00,  0.0000000000000000E+00
3,2,3,2,0,1,legacy-reference-bound,512,512,512, -9.2773437500000000E-03, -9.2773437500000000E-03,  0.0000000000000000E+00,  0.0000000000000000E+00,  0.0000000000000000E+00, -1.8119812011718750E-05,  6.4490000000000380E-03,  2.0000000000000000E-02,  2.0000000000000000E-02,  4.2299999999999999E-01,  4.2299999999999999E-01,  0.0000000000000000E+00,  0.0000000000000000E+00
3,5,1,1,0,1,legacy-reference-bound,1,1,5, -6.1577033610379062E-01, -1.3814060080268864E-02,  6.0195627602352175E-01,  0.0000000000000000E+00,  5.6378512969246231E-16, -6.1577033610379062E-01,  6.6000000000010495E-05, -1.2299999997834382E+02,  6.2182069883811519E-01,  3.0672347318923410E-01,  4.2299999999999999E-01, -1.0000000000000000E+00, -1.0000000000000000E+00
3,5,1,1,0,1,legacy-reference-bound,2,2,10, -9.6559134526440682E-01, -1.3814059841525173E-02,  9.5177728542288165E-01,  0.0000000000000000E+00,  9.9139446652074525E-16, -4.9025790906954170E-01,  1.1499999999997623E-04, -1.2299999999990044E+02,  2.6929802906344180E-01,  3.0672347317441340E-01,  4.2299999999999999E-01,  3.5104297582974842E-01,  5.4628689357404056E+01
3,5,1,1,0,1,legacy-reference-bound,4,4,70, -1.4292182482824916E+00, -1.3814059840853488E-02,  1.4154041884416415E+00,  3.4416913763379853E-15,  5.1247200927306835E-14, -4.0821115934742452E-01,  8.2599999999999341E-04, -1.2299999999999989E+02, -1.5918718588627367E-01,  3.0672347317434501E-01,  4.2298394169696196E-01,  4.6420909371290603E-01,  6.2857690580824780E+01
3,5,1,1,0,1,legacy-reference-bound,8,8,120, -1.8423908587268290E+00, -1.3814059840941695E-02,  1.8285767988858908E+00,  3.4972025275692431E-15,  1.5603837666411380E-14, -3.5511776396822670E-01,  1.3410000000000366E-03, -1.2300000000000001E+02, -2.8851001708706719E-01,  3.0672347317434490E-01,  4.2296185777961948E-01,  4.1463756924258854E-01,  5.4646391228920436E+01
3,5,1,1,0,1,legacy-reference-bound,16,16,232, -2.0774658891843809E+00, -1.3814059840999426E-02,  2.0636518293433852E+00,  3.7192471324942744E-15,  1.2792718273590964E-14, -3.1841444655005247E-01,  2.3599999999999177E-03, -1.2300000000000001E+02, -2.8041417304358146E-01,  3.0672347317434490E-01,  4.2296340477545835E-01,  2.3507590327386585E-01,  3.1947384776722814E+01
3,5,1,1,0,1,legacy-reference-bound,32,32,454, -2.2017247219435543E+00, -1.3814059841005012E-02,  2.1879106621025528E+00,  3.5318969970887792E-15,  1.2314368275090359E-14, -2.8426962503224157E-01,  4.6490000000000142E-03, -1.2300000000000001E+02, -2.6820922924627016E-01,  3.0672347317434490E-01,  4.2296569873930878E-01,  1.2425918964458688E-01,  1.6003840411468047E+01
3,5,1,1,0,1,legacy-reference-bound,64,64,856, -2.2670721918562289E+00, -1.3814059841006355E-02,  2.2532581320152261E+00,  3.5423053379446401E-15,  1.1524852253086415E-14, -2.3934760739419964E-01,  9.5929999999999627E-03, -1.2300000000000000E+02, -2.6011502647748458E-01,  3.0672347317434490E-01,  4.2296719424579909E-01,  6.5347614263880083E-02,  8.1179624373250476E+00
3,5,1,1,0,1,legacy-reference-bound,128,128,1600, -2.3012741500403817E+00, -1.3814059841018373E-02,  2.2874600901993674E+00,  4.0141501234103316E-15,  1.0074298166518059E-14, -1.8300877201453405E-01,  2.3579000000000017E-02, -1.2300000000000000E+02, -2.5534760885285246E-01,  3.0672347317434490E-01,  4.2296806528075981E-01,  3.4202002742280413E-02,  3.8699802427367871E+00
3,5,1,1,0,1,legacy-reference-bound,256,256,2962, -2.3189967454637541E+00, -1.3814059841004728E-02,  2.3051826856227535E+00,  4.1355807667287081E-15,  3.5369385371908368E-15, -1.2670500569860735E-01,  4.5649000000000051E-02, -1.2300000000000000E+02, -2.5269824572501787E-01,  3.0672347317434490E-01,  4.2296854615795254E-01,  1.7722614672716908E-02,  2.0447024710858699E+00
3,5,1,1,0,1,legacy-reference-bound,512,512,5394, -2.3280809730958940E+00, -1.3814059841023178E-02,  2.3142669132548761E+00,  5.2666204730655863E-15,  4.5015261049968780E-15, -8.0182754747878476E-02,  6.5244999999999997E-02, -1.2300000000000000E+02, -2.5128173216072386E-01,  3.0672347317434490E-01,  4.2296880232762513E-01,  9.0842362623230755E-03,  1.0605629599031801E+00
3,5,1,2,0,1,legacy-reference-bound,1,1,12, -1.8300877201453405E-01, -1.0792234249637489E-04,  1.8290084967203768E-01,  0.0000000000000000E+00,  1.0074298166518059E-14, -1.8300877201453405E-01,  2.1300000000001873E-04, -1.2300000000000000E+02, -4.4143936989585690E+01,  3.0672347317434490E-01,  3.7855454377790343E-01, -1.0000000000000000E+00, -1.0000000000000000E+00
3,5,1,2,0,1,legacy-reference-bound,2,2,20, -2.0576932137655429E-01, -1.0792234250128763E-04,  2.0566139903405301E-01,  0.0000000000000000E+00,  3.3473115772231221E-15, -1.2670500569860735E-01,  2.1300000000001873E-04, -1.2300000000000000E+02, -3.7119061212094373E+01,  3.0672347317434490E-01,  3.8667140793965349E-01,  2.2761845572077111E-02,  7.0248757774913173E+00
3,5,1,2,0,1,legacy-reference-bound,4,4,36, -2.2048351625670826E-01, -1.0792234251333355E-04,  2.2037559391419492E-01,  0.0000000000000000E+00,  4.5015261049968780E-15, -8.0182754747878476E-02,  4.2200000000003346E-04, -1.2300000000000003E+02, -3.2834888296220647E+01,  3.0672347317434490E-01,  3.9167168084143456E-01,  1.4714934502271515E-02,  4.2841729158737252E+00
3,5,1,2,0,1,legacy-reference-bound,8,8,62, -2.2903449158375017E-01, -1.0792234250450727E-04,  2.2892656924124566E-01,  0.0000000000000000E+00,  2.5049813568919777E-15, -4.6969069427893882E-02,  6.5900000000007619E-04, -1.2300000000000000E+02, -3.0431534670435244E+01,  3.0672347317434490E-01,  3.9447709250428287E-01,  8.5513510522916558E-03,  2.4033536257854031E+00
3,5,1,2,0,1,legacy-reference-bound,16,16,111, -2.3367983508400447E-01, -1.0792234251188852E-04,  2.3357191274149258E-01, -1.7347234759768071E-18,  6.0344660041469766E-16, -2.5898454019469282E-02,  1.3500000000000734E-03, -1.2300000000000000E+02, -2.9151717302769981E+01,  3.0672347317434490E-01,  3.9596755937107841E-01,  4.6458628306414451E-03,  1.2798173676652631E+00
3,5,1,2,0,1,legacy-reference-bound,32,32,192, -2.3610678718915443E-01, -1.0792234251177577E-04,  2.3599886484664268E-01,  2.4286128663675299E-17,  8.8773457443576398E-16, -1.3695567560400945E-02,  2.5830000000000020E-03, -1.2300000000000007E+02, -2.8490226914363873E+01,  3.0672347317434490E-01,  3.9673637876441004E-01,  2.4273770077448686E-03,  6.6149038840610785E-01
3,5,1,2,0,1,legacy-reference-bound,64,64,337, -2.3734806297044087E-01, -1.0792234251211490E-04,  2.3724014062792875E-01,  2.6020852139652106E-18,  7.9371222322464213E-16, -7.0586660010954561E-03,  4.1519999999999335E-03, -1.2300000000000011E+02, -2.8153793452733396E+01,  3.0672347317434490E-01,  3.9712690499093362E-01,  1.2415360591241931E-03,  3.3643346163047738E-01
3,5,1,2,0,1,legacy-reference-bound,128,128,638, -2.3797588576549658E-01, -1.0792234251468533E-04,  2.3786796342298189E-01, -8.2399365108898337E-18,  7.5571347817786697E-16, -3.5856746110873462E-03,  8.2519999999999261E-03, -1.2300000000000000E+02, -2.7984115390975060E+01,  3.0672347317434490E-01,  3.9732372557405926E-01,  6.2796591574043603E-04,  1.6967806175833644E-01
3,5,1,2,0,1,legacy-reference-bound,256,256,1195, -2.3829162403270332E-01, -1.0792234250640343E-04,  2.3818370169019687E-01, -4.6729113634125241E-17,  1.0658914377482346E-15, -1.8074204127259347E-03,  1.6332000000000013E-02, -1.2300000000000000E+02, -2.7898905943482479E+01,  3.0672347317434490E-01,  3.9742252882051055E-01,  3.1581321783380467E-04,  8.5209447492580637E-02
3,5,1,2,0,1,legacy-reference-bound,512,512,2047, -2.3844995379666550E-01, -1.0792234252015876E-04,  2.3834203145414534E-01, -2.6562953225894859E-18,  9.7249483212689686E-16, -9.0742135195308131E-04,  2.8124999999999956E-02, -1.2300000000000000E+02, -2.7856207968873694E+01,  3.0672347317434490E-01,  3.9747202913335389E-01,  1.5836810613817365E-04,  4.2697974608785216E-02
3,5,2,1,0,1,legacy-reference-bound,1,1,5, -6.2881089680833868E-01, -4.3631665367375605E-01,  1.9249424313458263E-01,  0.0000000000000000E+00,  5.5511151231257827E-17, -6.2881089680833868E-01,  6.7000000000039250E-05, -9.9856265317596336E+00,  6.0809379283332765E-01,  4.1660309408454532E-01,  4.2299999999999999E-01, -1.0000000000000000E+00, -1.0000000000000000E+00
3,5,2,1,0,1,legacy-reference-bound,2,2,11, -7.2599723165143515E-01, -4.3616922541618114E-01,  2.8982800623525407E-01,  5.5511151231257827E-17,  3.3306690738754696E-16, -3.5670043557905617E-01,  1.2199999999995548E-04, -9.9754620354227335E+00,  1.4655652619814625E+00,  4.1661224518918394E-01,  4.2299999999999999E-01,  9.7333763100648507E-02,  4.5620313541469315E+00
3,5,2,1,0,1,legacy-reference-bound,4,4,22, -8.5599538176712797E-01, -4.3775312388387061E-01,  4.1824225788325720E-01, -1.6653345369377348E-16,  5.6898930012039273E-16, -2.0900731711188764E-01,  2.2800000000000598E-04, -9.9441272058177947E+00,  5.9532555693040115E+00,  4.1664043500268810E-01,  4.2299999999999999E-01,  1.2841425164802009E-01,  9.5462553159999857E+00
3,5,2,1,0,1,legacy-reference-bound,8,8,48, -9.9591081087787692E-01, -4.4764868372705613E-01,  5.4826212715082079E-01,  0.0000000000000000E+00,  1.1796119636642288E-15, -1.2693830670606410E-01,  4.8099999999995369E-04, -9.7498771145350975E+00,  6.0610998389008213E+00,  4.1681447655183934E-01,  4.2299999999999999E-01,  1.3001986926755069E-01,  1.1953320183557782E+01
3,5,2,1,0,1,legacy-reference-bound,16,16,109, -1.1082414160365932E+00, -4.9407509155008211E-01,  6.1416632448651143E-01,  3.3306690738754696E-16,  1.2385925618474403E-15, -7.9826740481881348E-02,  1.5410000000000146E-03, -8.6806437340523033E+00,  1.3399340853537076E+00,  4.1774950914361564E-01,  4.2299999999999999E-01,  6.5904197335709402E-02,  7.7074187573612782E+00
3,5,2,1,0,1,legacy-reference-bound,32,32,215, -1.1736028469582676E+00, -5.5554055786055978E-01,  6.1806228909770766E-01, -1.1102230246251565E-16,  5.3776427755281020E-15, -5.1965877701510503E-02,  2.5600000000000067E-03, -8.2029292472961988E+00,  8.3566407360132489E-02,  4.1815391135736135E-01,  4.2299999999999999E-01,  4.4717611141066593E-03,  1.2563676779935751E+00
3,5,2,1,0,1,legacy-reference-bound,64,64,415, -1.2034683180129215E+00, -5.8505489337552563E-01,  6.1841342463739579E-01, -1.1102230246251565E-16,  1.7008963681952594E-15, -3.4877431262563513E-02,  4.6250000000001013E-03, -8.1643251410434488E+00,  1.9728654816331962E-02,  4.1818621021392655E-01,  4.2299999999999999E-01,  4.2715462776121704E-04,  8.2980365768988040E-02
3,5,2,1,0,1,legacy-reference-bound,128,128,770, -1.2142762321730840E+00, -5.9586283119126926E-01,  6.1841340098181519E-01,  4.4408920985006262E-16,  2.6827498555981322E-15, -2.3757049598610601E-02,  8.2520000000000371E-03, -8.1641583755102509E+00,  1.9727912745918719E-02,  4.1818634961559487E-01,  4.2299999999999999E-01,  1.1671923896838798E-06,  2.3880056600056321E-04
3,5,2,1,0,1,legacy-reference-bound,256,256,1548, -1.2185763784240258E+00, -6.0016260738446947E-01,  6.1841377103955608E-01, -2.2204460492503131E-16,  7.0737686541644251E-15, -1.5895272550944594E-02,  1.7240999999999951E-02, -8.1640728326769363E+00,  1.9727372130585518E-02,  4.1818642112163862E-01,  4.2299999999999999E-01,  5.4437338498081189E-07,  1.2265324362825680E-04
3,5,2,1,0,1,legacy-reference-bound,512,512,2996, -1.2205056888945047E+00, -6.0209157223564247E-01,  6.1841411665886170E-01, -5.5511151231257827E-16,  2.5950378998440549E-15, -1.0030670360221662E-02,  3.2615000000000061E-02, -8.1640218148772963E+00,  1.9727129225003401E-02,  4.1818646376775226E-01,  4.2299999999999999E-01,  3.6973050510091809E-07,  8.6708092689846694E-05
3,5,2,2,0,1,legacy-reference-bound,1,1,14, -2.3757049598610601E-02, -3.3699732935333002E-03,  2.0387076305077301E-02,  0.0000000000000000E+00,  2.1944251971106610E-16, -2.3757049598610601E-02,  1.5100000000001224E-04, -1.0000000000000000E+01, -2.7183315601800464E+00,  4.1659014796486560E-01,  4.2200790347825234E-01, -1.0000000000000000E+00, -1.0000000000000000E+00
3,5,2,2,0,1,legacy-reference-bound,2,2,26, -2.5819281210242177E-02, -3.3699732935332169E-03,  2.2449307916708960E-02,  0.0000000000000000E+00,  7.8019188332056899E-16, -1.5895272550944594E-02,  2.6499999999995971E-04, -1.0000000000000005E+01, -1.9649561323916256E+00,  4.1659014796486560E-01,  4.2238007037570058E-01,  2.3049559183474511E-03,  7.5337542778842082E-01
3,5,2,2,0,1,legacy-reference-bound,4,4,47, -2.7043147145529706E-02, -3.3699732935404013E-03,  2.3673173851989304E-02, -8.6736173798840355E-19,  1.3650105351592501E-15, -1.0030670360221662E-02,  4.9900000000002720E-04, -1.0000000000000009E+01, -1.6198015655508067E+00,  4.1659014796486560E-01,  4.2253158066860952E-01,  1.3844369100365905E-03,  4.1917185456368777E-01
3,5,2,2,0,1,legacy-reference-bound,8,8,80, -2.7702766823640236E-02, -3.3699732935334784E-03,  2.4332793530106755E-02, -2.1684043449710089E-18,  9.7480617328171704E-16, -5.8632828767569770E-03,  9.4000000000016293E-04, -1.0000000000000016E+01, -1.4874264650315934E+00,  4.1659014796486560E-01,  4.2258610627611093E-01,  7.5399589685803958E-04,  2.6164495593013815E-01
3,5,2,2,0,1,legacy-reference-bound,16,16,142, -2.8042247813381251E-02, -3.3699732935301499E-03,  2.4672274519851101E-02,  0.0000000000000000E+00,  1.3087946525158767E-15, -3.2140512064502101E-03,  1.9799999999998708E-03, -1.0000000000000039E+01, -1.4365990483323217E+00,  4.1659014796486560E-01,  4.2260648072536577E-01,  3.9111812655950873E-04,  1.4483287738103456E-01
3,5,2,2,0,1,legacy-reference-bound,32,32,249, -2.8213856061462528E-02, -3.3699732935373750E-03,  2.4843882767925152E-02, -1.7347234759768071E-18,  8.4738531296035813E-16, -1.6895615699657467E-03,  3.1820000000000181E-03, -1.0000000000000014E+01, -1.4155039527550002E+00,  4.1659014796486560E-01,  4.2261484290677154E-01,  1.9871709081464850E-04,  7.5799385194714297E-02
3,5,2,2,0,1,legacy-reference-bound,64,64,440, -2.8300038758579612E-02, -3.3699732935369812E-03,  2.4930065465042617E-02, -1.3877787807814457E-17,  1.6211668509361066E-15, -8.6716903977211788E-04,  5.5960000000001564E-03, -1.0000000000000002E+01, -1.4060573938593937E+00,  4.1659014796486560E-01,  4.2261856951096177E-01,  1.0008957417900755E-04,  3.8704151012967536E-02
3,5,2,2,0,1,legacy-reference-bound,128,128,768, -2.8343212694072240E-02, -3.3699732935415965E-03,  2.4973239400530645E-02,  8.6736173798840355E-19,  1.3423032759092568E-15, -4.3942009842750296E-04,  9.4950000000000312E-03, -1.0000000000000000E+01, -1.4016076597984668E+00,  4.1659014796486560E-01,  4.2262032101448765E-01,  5.0219950820384884E-05,  1.9545752804945415E-02
3,5,2,2,0,1,legacy-reference-bound,256,256,1280, -2.8364818758123848E-02, -3.3699732935335682E-03,  2.4994845464590298E-02,  1.8214596497756474E-17,  1.4286294857616261E-15, -2.2120006472115276E-04,  1.6260999999999859E-02, -1.0000000000000000E+01, -1.3994505894904714E+00,  4.1659014796486560E-01,  4.2262116918237502E-01,  2.5152831514829721E-05,  9.8201933706985045E-03
3,5,2,2,0,1,legacy-reference-bound,512,512,2560, -2.8375626368651746E-02, -3.3699732935464806E-03,  2.5005653075105272E-02,  6.9388939039072284E-18,  1.3871468942027940E-15, -1.1097651158618578E-04,  3.2375000000000043E-02, -1.0000000000000000E+01, -1.3983889019292077E+00,  4.1659014796486560E-01,  4.2262158642629144E-01,  1.2587015297271797E-05,  4.9217761226376666E-03
3,5,3,1,0,1,legacy-reference-bound,1,1,1, -1.1875000000000000E+00, -1.1875000000000000E+00,  0.0000000000000000E+00,  0.0000000000000000E+00,  0.0000000000000000E+00, -1.1875000000000000E+00,  1.9999999999908979E-05,  2.0000000000000000E-02,  2.0000000000000000E-02,  4.2299999999999999E-01,  4.2299999999999999E-01, -1.0000000000000000E+00, -1.0000000000000000E+00
3,5,3,1,0,1,legacy-reference-bound,2,2,2, -1.1875000000000000E+00, -1.1875000000000000E+00,  0.0000000000000000E+00,  0.0000000000000000E+00,  0.0000000000000000E+00, -5.9375000000000000E-01,  2.4999999999941735E-05,  2.0000000000000000E-02,  2.0000000000000000E-02,  4.2299999999999999E-01,  4.2299999999999999E-01,  0.0000000000000000E+00,  0.0000000000000000E+00
3,5,3,1,0,1,legacy-reference-bound,4,4,4, -1.1875000000000000E+00, -1.1875000000000000E+00,  0.0000000000000000E+00,  0.0000000000000000E+00,  0.0000000000000000E+00, -2.9687500000000000E-01,  4.5999999999990493E-05,  2.0000000000000000E-02,  2.0000000000000000E-02,  4.2299999999999999E-01,  4.2299999999999999E-01,  0.0000000000000000E+00,  0.0000000000000000E+00
3,5,3,1,0,1,legacy-reference-bound,8,8,8, -1.1875000000000000E+00, -1.1875000000000000E+00,  0.0000000000000000E+00,  0.0000000000000000E+00,  0.0000000000000000E+00, -1.4843750000000000E-01,  8.9000000000005741E-05,  2.0000000000000000E-02,  2.0000000000000000E-02,  4.2299999999999999E-01,  4.2299999999999999E-01,  0.0000000000000000E+00,  0.0000000000000000E+00
3,5,3,1,0,1,legacy-reference-bound,16,16,16, -1.1875000000000000E+00, -1.1875000000000000E+00,  0.0000000000000000E+00,  0.0000000000000000E+00,  0.0000000000000000E+00, -7.4218750000000000E-02,  1.7799999999978944E-04,  2.0000000000000000E-02,  2.0000000000000000E-02,  4.2299999999999999E-01,  4.2299999999999999E-01,  0.0000000000000000E+00,  0.0000000000000000E+00
3,5,3,1,0,1,legacy-reference-bound,32,32,32, -1.1875000000000000E+00, -1.1875000000000000E+00,  0.0000000000000000E+00,  0.0000000000000000E+00,  0.0000000000000000E+00, -3.7109375000000000E-02,  6.1399999999989241E-04,  2.0000000000000000E-02,  2.0000000000000000E-02,  4.2299999999999999E-01,  4.2299999999999999E-01,  0.0000000000000000E+00,  0.0000000000000000E+00
3,5,3,1,0,1,legacy-reference-bound,64,64,64, -1.1875000000000000E+00, -1.1875000000000000E+00,  0.0000000000000000E+00,  0.0000000000000000E+00,  0.0000000000000000E+00, -1.8554687500000000E-02,  7.6100000000001167E-04,  2.0000000000000000E-02,  2.0000000000000000E-02,  4.2299999999999999E-01,  4.2299999999999999E-01,  0.0000000000000000E+00,  0.0000000000000000E+00
3,5,3,1,0,1,legacy-reference-bound,128,128,128, -1.1875000000000000E+00, -1.1875000000000000E+00,  0.0000000000000000E+00,  0.0000000000000000E+00,  0.0000000000000000E+00, -9.2773437500000000E-03,  1.5849999999999476E-03,  2.0000000000000000E-02,  2.0000000000000000E-02,  4.2299999999999999E-01,  4.2299999999999999E-01,  0.0000000000000000E+00,  0.0000000000000000E+00
3,5,3,1,0,1,legacy-reference-bound,256,256,256, -1.1875000000000000E+00, -1.1875000000000000E+00,  0.0000000000000000E+00,  0.0000000000000000E+00,  0.0000000000000000E+00, -4.6386718750000000E-03,  3.1890000000001084E-03,  2.0000000000000000E-02,  2.0000000000000000E-02,  4.2299999999999999E-01,  4.2299999999999999E-01,  0.0000000000000000E+00,  0.0000000000000000E+00
3,5,3,1,0,1,legacy-reference-bound,512,512,512, -1.1875000000000000E+00, -1.1875000000000000E+00,  0.0000000000000000E+00,  0.0000000000000000E+00,  0.0000000000000000E+00, -2.3193359375000000E-03,  7.6919999999998101E-03,  2.0000000000000000E-02,  2.0000000000000000E-02,  4.2299999999999999E-01,  4.2299999999999999E-01,  0.0000000000000000E+00,  0.0000000000000000E+00
3,5,3,2,0,1,legacy-reference-bound,1,1,1, -9.2773437500000000E-03, -9.2773437500000000E-03,  0.0000000000000000E+00,  0.0000000000000000E+00,  0.0000000000000000E+00, -9.2773437500000000E-03,  1.8999999999991246E-05,  2.0000000000000000E-02,  2.0000000000000000E-02,  4.2299999999999999E-01,  4.2299999999999999E-01, -1.0000000000000000E+00, -1.0000000000000000E+00
3,5,3,2,0,1,legacy-reference-bound,2,2,2, -9.2773437500000000E-03, -9.2773437500000000E-03,  0.0000000000000000E+00,  0.0000000000000000E+00,  0.0000000000000000E+00, -4.6386718750000000E-03,  2.4000000000024002E-05,  2.0000000000000000E-02,  2.0000000000000000E-02,  4.2299999999999999E-01,  4.2299999999999999E-01,  0.0000000000000000E+00,  0.0000000000000000E+00
3,5,3,2,0,1,legacy-reference-bound,4,4,4, -9.2773437500000000E-03, -9.2773437500000000E-03,  0.0000000000000000E+00,  0.0000000000000000E+00,  0.0000000000000000E+00, -2.3193359375000000E-03,  4.5999999999990493E-05,  2.0000000000000000E-02,  2.0000000000000000E-02,  4.2299999999999999E-01,  4.2299999999999999E-01,  0.0000000000000000E+00,  0.0000000000000000E+00
3,5,3,2,0,1,legacy-reference-bound,8,8,8, -9.2773437500000000E-03, -9.2773437500000000E-03,  0.0000000000000000E+00,  0.0000000000000000E+00,  0.0000000000000000E+00, -1.1596679687500000E-03,  8.9999999999923475E-05,  2.0000000000000000E-02,  2.0000000000000000E-02,  4.2299999999999999E-01,  4.2299999999999999E-01,  0.0000000000000000E+00,  0.0000000000000000E+00
3,5,3,2,0,1,legacy-reference-bound,16,16,16, -9.2773437500000000E-03, -9.2773437500000000E-03,  0.0000000000000000E+00,  0.0000000000000000E+00,  0.0000000000000000E+00, -5.7983398437500000E-04,  2.1199999999987895E-04,  2.0000000000000000E-02,  2.0000000000000000E-02,  4.2299999999999999E-01,  4.2299999999999999E-01,  0.0000000000000000E+00,  0.0000000000000000E+00
3,5,3,2,0,1,legacy-reference-bound,32,32,32, -9.2773437500000000E-03, -9.2773437500000000E-03,  0.0000000000000000E+00,  0.0000000000000000E+00,  0.0000000000000000E+00, -2.8991699218750000E-04,  3.5099999999999021E-04,  2.0000000000000000E-02,  2.0000000000000000E-02,  4.2299999999999999E-01,  4.2299999999999999E-01,  0.0000000000000000E+00,  0.0000000000000000E+00
3,5,3,2,0,1,legacy-reference-bound,64,64,64, -9.2773437500000000E-03, -9.2773437500000000E-03,  0.0000000000000000E+00,  0.0000000000000000E+00,  0.0000000000000000E+00, -1.4495849609375000E-04,  7.1400000000010344E-04,  2.0000000000000000E-02,  2.0000000000000000E-02,  4.2299999999999999E-01,  4.2299999999999999E-01,  0.0000000000000000E+00,  0.0000000000000000E+00
3,5,3,2,0,1,legacy-reference-bound,128,128,128, -9.2773437500000000E-03, -9.2773437500000000E-03,  0.0000000000000000E+00,  0.0000000000000000E+00,  0.0000000000000000E+00, -7.2479248046875000E-05,  2.5439999999998797E-03,  2.0000000000000000E-02,  2.0000000000000000E-02,  4.2299999999999999E-01,  4.2299999999999999E-01,  0.0000000000000000E+00,  0.0000000000000000E+00
3,5,3,2,0,1,legacy-reference-bound,256,256,256, -9.2773437500000000E-03, -9.2773437500000000E-03,  0.0000000000000000E+00,  0.0000000000000000E+00,  0.0000000000000000E+00, -3.6239624023437500E-05,  4.7969999999999402E-03,  2.0000000000000000E-02,  2.0000000000000000E-02,  4.2299999999999999E-01,  4.2299999999999999E-01,  0.0000000000000000E+00,  0.0000000000000000E+00
3,5,3,2,0,1,legacy-reference-bound,512,512,512, -9.2773437500000000E-03, -9.2773437500000000E-03,  0.0000000000000000E+00,  0.0000000000000000E+00,  0.0000000000000000E+00, -1.8119812011718750E-05,  9.6899999999999764E-03,  2.0000000000000000E-02,  2.0000000000000000E-02,  4.2299999999999999E-01,  4.2299999999999999E-01,  0.0000000000000000E+00,  0.0000000000000000E+00
