marker,geometry,bottom_mode,profile,window,steps,failed_step,failed_iterations,residual_inf_cm_per_day,head_update_inf_cm,capacity_min,capacity_max
STOP,1,7,1,1,4,4,80,  3.1524729447857780E-02,  1.0956490391357223E+00,  6.2499999999999997E-09,  4.5931045365795746E-05
STOP,1,7,1,1,8,5,80,  3.8754572591510161E-02,  1.9891926809170202E-01,  3.1249999999999999E-09,  4.5931039890585922E-05
STOP,1,7,1,1,16,6,80,  3.4271952264474770E-02,  1.4589131734383637E-01,  1.5624999999999999E-09,  4.5930975791763468E-05
STOP,1,7,1,1,32,7,80,  7.1023269018171575E-02,  3.1542737578333235E-01,  7.8124999999999996E-10,  4.5931039986257914E-05
STOP,1,7,1,1,128,14,80,  1.0992892219141126E-02,  9.7625231749535163E-02,  1.9531249999999999E-10,  4.5922683363794898E-05
STOP,1,7,1,1,256,22,80,  3.1757335218354221E-02,  9.3524109175024697E-02,  9.7656249999999996E-11,  4.5931024680631824E-05
STOP,1,7,1,1,512,38,80,  5.4629148429767405E-02,  1.2094192039749189E-01,  4.8828124999999998E-11,  4.5930045894960842E-05
STOP,1,7,2,1,4,3,80,  5.2553593907758156E-02,  2.3232655282204862E-01,  6.2499999999999997E-09,  4.5931038226842439E-05
STOP,1,7,2,1,8,3,80,  6.0271575279865708E-02,  2.7501900478348285E-01,  3.1249999999999999E-09,  4.5931039961239739E-05
STOP,1,7,2,1,16,3,80,  3.0881875228216948E-02,  3.6806947293012243E-01,  1.5624999999999999E-09,  4.5939177811426582E-05
STOP,1,7,2,1,64,4,80,  4.2742877431097170E-02,  1.5866874521019345E-01,  3.9062499999999998E-10,  4.5931039955032736E-05
STOP,1,7,2,1,128,5,80,  3.2340016286882545E-02,  1.0881765024149288E-01,  1.9531249999999999E-10,  4.5903362543537621E-05
STOP,1,7,2,1,256,7,80,  1.1769442931175433E-04,  8.7500284702499750E-02,  9.7656249999999996E-11,  4.5930381559971060E-05
STOP,1,7,2,1,512,10,80,  2.2917274296403001E-02,  6.5138199063870916E-02,  4.8828124999999998E-11,  4.5919849375167299E-05
STOP,2,7,1,1,4,4,80,  6.4783109917598836E-03,  6.8826206483997898E-01,  6.2499999999999997E-09,  4.5932320332934833E-05
STOP,2,7,1,1,8,5,80,  3.5706456057171820E-02,  9.0752788320966171E-02,  3.1249999999999999E-09,  4.5931039668445948E-05
STOP,2,7,1,1,32,7,80,  1.7775299998149574E-01,  5.3359927410493349E-02,  7.8124999999999996E-10,  4.5931039988304983E-05
STOP,2,7,1,1,64,8,80,  6.3911146395137841E-02,  1.5535481307563717E-01,  3.9062499999999998E-10,  4.5931039987414155E-05
STOP,2,7,1,1,128,11,80,  3.1160941335928172E-03,  4.3291865722392103E-02,  1.9531249999999999E-10,  4.5931039988344881E-05
STOP,2,7,2,1,4,3,80,  8.1159632181616814E-02,  2.2608649365467412E-01,  6.2499999999999997E-09,  4.5928914563727096E-05
STOP,2,7,2,1,8,3,80,  8.8828251119855040E-02,  2.5272140793377351E-01,  3.1249999999999999E-09,  4.5931039342422486E-05
STOP,2,7,2,1,64,4,80,  3.1862499155320023E-02,  7.8771242845618414E-02,  3.9062499999999998E-10,  4.5903272921955324E-05
STOP,2,7,2,2,64,62,80,  6.7866567074842621E-02,  4.3079190781780789E-02,  3.0517578124999999E-12,  4.5931039987462138E-05
STOP,2,7,2,2,128,120,80,  8.0503615394238892E-02,  2.1228299830410448E-02,  1.5258789062499999E-12,  4.5930157681976243E-05
STOP,2,7,2,2,256,236,80,  2.3040944579193479E-02,  6.0745871055037405E-03,  7.6293945312499997E-13,  4.5931039987390025E-05
STOP,2,7,2,2,512,467,80,  3.4839657425921544E-02,  1.1084816804015903E-02,  3.8146972656249998E-13,  4.5931245774734953E-05
STOP,3,7,2,1,32,30,80,  6.3288996923572149E-02,  2.1496821537281869E+00,  7.8124999999999996E-10,  4.5919346792052383E-05
STOP,3,7,2,1,64,56,80,  7.1691351564735939E-02,  1.2463273503048939E+00,  3.9062499999999998E-10,  4.5918425363124169E-05
STOP,3,7,2,1,128,109,80,  1.4064019499087088E-02,  6.5912500382691341E-01,  1.9531249999999999E-10,  4.5924064903292799E-05
STOP,3,7,2,1,256,215,80,  1.1078006840099519E-03,  1.9625603680310985E-01,  9.7656249999999996E-11,  4.5922765565961629E-05
STOP,3,7,2,1,512,426,80,  6.3021194393069635E-02,  2.6725671885061686E-01,  4.8828124999999998E-11,  4.5930831622729640E-05
