geometry,bottom_mode,profile,history,steps,packets,successful_packets,failed_packets,retry_attempts,retry_rejected
3,7,1,1,64,0,0,0,0,0
3,7,1,1,128,0,0,0,0,0
3,7,1,1,256,0,0,0,0,0
3,7,1,1,512,0,0,0,0,0
3,7,1,1,1024,0,0,0,0,0
3,7,1,1,2048,0,0,0,0,0
3,7,1,1,4096,0,0,0,0,0
3,7,1,3,64,0,0,0,0,0
3,7,1,3,128,0,0,0,0,0
3,7,1,3,256,0,0,0,0,0
3,7,1,3,512,0,0,0,0,0
3,7,1,3,1024,0,0,0,0,0
3,7,1,3,2048,0,0,0,0,0
3,7,1,3,4096,0,0,0,0,0
3,7,2,1,64,1,0,1,21,15
3,7,2,1,128,1,0,1,17,13
3,7,2,1,256,2,1,1,19,13
3,7,2,1,512,1,0,1,14,11
3,7,2,1,1024,1,0,1,9,8
3,7,2,1,2048,1,0,1,10,8
3,7,2,1,4096,1,0,1,11,8
3,7,2,3,64,1,0,1,21,15
3,7,2,3,128,1,0,1,17,13
3,7,2,3,256,1,0,1,18,13
3,7,2,3,512,2,1,1,12,9
3,7,2,3,1024,1,0,1,12,9
3,7,2,3,2048,1,0,1,10,7
3,7,2,3,4096,1,0,1,7,6
