geometry,bottom_mode,profile,window,stop_code,solver_status,solver_route,steps,completed,iterations,transfer_cm,bottom_cm,storage_change_cm,ledger_residual_cm,max_step_soil_residual_cm,first_transfer_cm,cpu_seconds,history,external_calls,flux_calls,head_calls,evaluations,within_solve_switches,accepted_regime_switches,h_min,h_max,theta_min,theta_max,water_l1_diff_cm,head_inf_diff_cm
2,7,1,1,0,1,legacy-reference-bound,64,64,403, -1.4483902903280930E+00, -1.0995607098511311E+00,  3.4882958047696522E-01,  3.3306690738754696E-15,  4.0324189300167124E-15, -8.9388801843883897E-02,  6.7900000000000013E-04,1,296,0,296,296,0,0,  1.9999999999999980E-02,  2.0000000000000063E-02,  4.2299999999999999E-01,  4.2299999999999999E-01, -1.0000000000000000E+00, -1.0000000000000000E+00
2,7,1,1,0,1,legacy-reference-bound,128,128,995, -1.4727702320216758E+00, -1.1239406515447063E+00,  3.4882958047696522E-01, -4.2188474935755949E-15,  6.7827687910693157E-15, -7.6207091768603893E-02,  3.4830000000000000E-03,1,919,0,919,919,0,0,  1.9999999999999976E-02,  2.0000000000000028E-02,  4.2299999999999999E-01,  4.2299999999999999E-01,  0.0000000000000000E+00,  4.1633363423443370E-17
2,7,1,1,0,1,legacy-reference-bound,256,256,522, -1.4865634547046818E+00, -1.1377338742277114E+00,  3.4882958047696522E-01, -5.1070259132757201E-15,  1.6250022161212740E-15, -6.7423917767295408E-02,  1.0130000000000000E-03,1,803,0,803,803,0,0,  1.9999999999999993E-02,  2.0000000000000049E-02,  4.2299999999999999E-01,  4.2299999999999999E-01,  0.0000000000000000E+00,  7.2858385991025898E-17
2,7,1,1,0,1,legacy-reference-bound,512,512,832, -1.4939124717538521E+00, -1.1450828912768753E+00,  3.4882958047696522E-01, -1.1546319456101628E-14,  3.6450877038962659E-15, -6.0711651230228494E-02,  1.9040000000000012E-03,1,1355,0,1355,1355,0,0,  1.9999999999999966E-02,  2.0000000000000028E-02,  4.2299999999999999E-01,  4.2299999999999999E-01,  0.0000000000000000E+00,  6.2450045135165055E-17
2,7,1,1,0,1,legacy-reference-bound,1024,1024,1529, -1.4977802550795414E+00, -1.1489506746025768E+00,  3.4882958047696522E-01,  6.6613381477509392E-16,  5.6974722520159587E-15, -5.3390711665685958E-02,  3.6679999999999994E-03,1,2562,0,2562,2562,0,0,  1.9999999999999900E-02,  2.0000000000000014E-02,  4.2299999999999999E-01,  4.2299999999999999E-01,  0.0000000000000000E+00,  9.0205620750793969E-17
2,7,1,1,0,1,legacy-reference-bound,2048,2048,3437, -1.4998319213603966E+00, -1.1510023408834202E+00,  3.4882958047696522E-01, -1.1102230246251565E-14,  1.4779564494449803E-15, -4.3545520937577020E-02,  9.0530000000000003E-03,1,5615,0,5615,5615,0,0,  1.9999999999999917E-02,  2.0000000000000007E-02,  4.2299999999999999E-01,  4.2299999999999999E-01,  0.0000000000000000E+00,  2.4286128663675299E-17
2,7,1,1,1,2,legacy-reference-retry,4096,148,2185, -3.5630170508723857E-01, -7.4796739182632086E-03,  3.4882203116896804E-01, -7.3266046007880448E-15,  1.8594533126247391E-15, -3.2145439490134348E-02,  5.0919999999999993E-03,1,2508,0,2508,2508,0,0, -9.4158141579183133E-02,  2.6552562398871382E-02,  4.2299251991439735E-01,  4.2299999999999999E-01, -1.0000000000000000E+00, -1.0000000000000000E+00
2,7,1,1,0,1,legacy-reference-bound,64,64,403, -1.4683902903280930E+00, -1.0995607098511311E+00,  3.6882958047696524E-01,  3.3306690738754696E-15,  4.0324189300167124E-15, -1.0938880184388390E-01,  5.8200000000000265E-04,3,296,0,296,296,0,0,  1.9999999999999980E-02,  2.0000000000000063E-02,  4.2299999999999999E-01,  4.2299999999999999E-01, -1.0000000000000000E+00, -1.0000000000000000E+00
2,7,1,1,0,1,legacy-reference-bound,128,128,995, -1.4927702320216758E+00, -1.1239406515447063E+00,  3.6882958047696524E-01, -4.2188474935755949E-15,  6.7827687910693157E-15, -9.6207091768603897E-02,  3.3860000000000001E-03,3,919,0,919,919,0,0,  1.9999999999999976E-02,  2.0000000000000028E-02,  4.2299999999999999E-01,  4.2299999999999999E-01,  0.0000000000000000E+00,  4.1633363423443370E-17
2,7,1,1,0,1,legacy-reference-bound,256,256,522, -1.5019770731166731E+00, -1.1331474926397054E+00,  3.6882958047696524E-01, -2.4424906541753444E-15,  1.6932527428792365E-15,  0.0000000000000000E+00,  1.0019999999999994E-03,3,798,5,798,803,0,1,  1.9999999999999893E-02,  1.9999999999999973E-02,  4.2299999999999999E-01,  4.2299999999999999E-01,  0.0000000000000000E+00,  1.3530843112619095E-16
2,7,1,1,0,1,legacy-reference-bound,512,512,836, -1.5093263635975600E+00, -1.1404967831206001E+00,  3.6882958047696524E-01,  5.3290705182007514E-15,  8.0816294411797940E-15,  0.0000000000000000E+00,  1.8110000000000001E-03,3,1351,8,1351,1359,0,1,  1.9999999999999928E-02,  1.9999999999999983E-02,  4.2299999999999999E-01,  4.2299999999999999E-01,  0.0000000000000000E+00,  8.6736173798840355E-17
2,7,1,1,0,1,legacy-reference-bound,1024,1024,1536, -1.5131942331361439E+00, -1.1443646526591773E+00,  3.6882958047696524E-01, -1.3322676295501878E-15,  5.7181110568087570E-15,  0.0000000000000000E+00,  3.5210000000000033E-03,3,2553,16,2553,2569,0,1,  2.0000000000000007E-02,  2.0000000000000070E-02,  4.2299999999999999E-01,  4.2299999999999999E-01,  0.0000000000000000E+00,  9.0205620750793969E-17
2,7,1,1,0,1,legacy-reference-bound,2048,2048,3455, -1.5152459443890200E+00, -1.1464163639120430E+00,  3.6882958047696524E-01, -1.1768364061026659E-14,  1.3802672926051945E-15,  0.0000000000000000E+00,  1.2590000000000004E-02,3,5709,32,5709,5741,0,1,  1.9999999999999792E-02,  1.9999999999999980E-02,  4.2299999999999999E-01,  4.2299999999999999E-01,  0.0000000000000000E+00,  2.7755575615628914E-16
2,7,1,1,1,2,legacy-reference-retry,4096,164,2232, -3.7635438648475711E-01, -7.5324119348776850E-03,  3.6882197454987020E-01, -9.2217899982927065E-15,  1.7682820743140752E-15,  0.0000000000000000E+00,  4.8430000000000001E-03,3,2388,64,2388,2452,0,1, -9.4587913342290220E-02,  2.6466476062627767E-02,  4.2299247018852981E-01,  4.2299999999999999E-01, -1.0000000000000000E+00, -1.0000000000000000E+00
2,7,2,1,0,1,legacy-reference-bound,64,64,738, -1.1920906156402959E+00, -1.1728610595349060E+00,  1.9229556105403001E-02,  1.3100631690576847E-14,  1.0033640585049852E-14, -2.6331991953530028E-02,  3.1870000000000023E-03,1,963,0,963,963,0,0,  1.9999999999999973E-02,  2.0000000000000035E-02,  4.2299999999999999E-01,  4.2299999999999999E-01, -1.0000000000000000E+00, -1.0000000000000000E+00
2,7,2,1,0,1,legacy-reference-bound,128,128,253, -1.1968974038118048E+00, -1.1776678477063887E+00,  1.9229556105403001E-02, -1.3100631690576847E-14,  1.4087689348407650E-14, -1.8729222544816886E-02,  5.0200000000000244E-04,1,396,0,396,396,0,0,  1.9999999999999931E-02,  2.0000000000000014E-02,  4.2299999999999999E-01,  4.2299999999999999E-01,  0.0000000000000000E+00,  7.6327832942979512E-17
2,7,2,1,0,1,legacy-reference-bound,256,256,375, -1.1996138891522286E+00, -1.1803843330468207E+00,  1.9229556105403001E-02, -4.8849813083506888E-15,  3.2612801348363973E-15, -1.3486678401119417E-02,  8.3900000000000641E-04,1,642,0,642,642,0,0,  1.9999999999999872E-02,  2.0000000000000000E-02,  4.2299999999999999E-01,  4.2299999999999999E-01,  0.0000000000000000E+00,  5.8980598183211441E-17
2,7,2,1,0,1,legacy-reference-bound,512,512,651, -1.2011174963578082E+00, -1.1818879402524056E+00,  1.9229556105403001E-02,  4.4408920985006262E-16,  1.7212793690379868E-15, -9.6272225556526606E-03,  1.6660000000000008E-03,1,1175,0,1175,1175,0,0,  1.9999999999999987E-02,  2.0000000000000007E-02,  4.2299999999999999E-01,  4.2299999999999999E-01,  0.0000000000000000E+00,  1.2836953722228372E-16
2,7,2,1,0,1,legacy-reference-bound,1024,1024,1248, -1.2019361880935162E+00, -1.1827066319881117E+00,  1.9229556105403001E-02, -1.5543122344752192E-15,  8.7755323840976729E-16, -6.8859346582592577E-03,  3.2560000000000019E-03,1,2296,0,2296,2296,0,0,  1.9999999999999830E-02,  1.9999999999999990E-02,  4.2299999999999999E-01,  4.2299999999999999E-01,  0.0000000000000000E+00,  1.7000290064572710E-16
2,7,2,1,1,2,legacy-reference-retry,2048,18,995, -2.5331085534732969E-02, -6.1034045668370892E-03,  1.9227680967893512E-02, -2.3678975447083417E-15,  7.5135210553245457E-16, -4.9594325888963463E-03,  3.5209999999999964E-03,1,887,0,887,887,0,0, -3.6381236574988395E-02,  4.0992786397117412E-02,  4.2299812486249044E-01,  4.2299999999999999E-01, -1.0000000000000000E+00, -1.0000000000000000E+00
2,7,2,1,0,1,legacy-reference-bound,4096,4096,4579, -1.2026384518394233E+00, -1.1834088957340192E+00,  1.9229556105403001E-02, -1.1102230246251565E-15,  4.3083483829142732E-16, -3.5280925058118855E-03,  1.2967000000000006E-02,1,9366,0,9366,9366,0,0,  1.9999999999999768E-02,  1.9999999999999980E-02,  4.2299999999999999E-01,  4.2299999999999999E-01, -1.0000000000000000E+00, -1.0000000000000000E+00
2,7,2,1,0,1,legacy-reference-bound,64,64,738, -1.2120906156402960E+00, -1.1728610595349060E+00,  3.9229556105403018E-02,  1.3100631690576847E-14,  1.0033640585049852E-14, -4.6331991953530029E-02,  3.7539999999999935E-03,3,963,0,963,963,0,0,  1.9999999999999973E-02,  2.0000000000000035E-02,  4.2299999999999999E-01,  4.2299999999999999E-01, -1.0000000000000000E+00, -1.0000000000000000E+00
2,7,2,1,0,1,legacy-reference-bound,128,128,253, -1.2168974038118048E+00, -1.1776678477063887E+00,  3.9229556105403018E-02, -1.3100631690576847E-14,  1.4087689348407650E-14, -3.8729222544816887E-02,  5.0300000000000344E-04,3,396,0,396,396,0,0,  1.9999999999999931E-02,  2.0000000000000014E-02,  4.2299999999999999E-01,  4.2299999999999999E-01,  0.0000000000000000E+00,  7.6327832942979512E-17
2,7,2,1,0,1,legacy-reference-bound,256,256,997, -1.2163386754377359E+00, -1.1771091193323322E+00,  3.9229556105403018E-02, -6.6613381477509392E-16,  9.9182814738973946E-16,  0.0000000000000000E+00,  3.4140000000000004E-03,3,1148,11,1148,1159,0,1,  1.9999999999999983E-02,  2.0000000000000025E-02,  4.2299999999999999E-01,  4.2299999999999999E-01,  0.0000000000000000E+00,  6.9388939039072284E-17
2,7,2,1,1,2,legacy-reference-retry,512,9,985, -5.1275125907164619E-02, -1.2047977137800949E-02,  3.9227148769362508E-02, -1.1622647289044608E-15,  4.7444687067965674E-16,  0.0000000000000000E+00,  3.7900000000000017E-03,3,710,18,710,728,0,1, -4.3196765377555880E-02,  5.3691101876152343E-02,  4.2299759266395953E-01,  4.2299999999999999E-01, -1.0000000000000000E+00, -1.0000000000000000E+00
2,7,2,1,0,1,legacy-reference-bound,1024,1024,1229, -1.2187651603873177E+00, -1.1795356042819152E+00,  3.9229556105403018E-02,  4.4408920985006262E-16,  9.4368957093138306E-16,  0.0000000000000000E+00,  3.2239999999999908E-03,3,2237,32,2237,2269,0,1,  1.9999999999999941E-02,  2.0000000000000004E-02,  4.2299999999999999E-01,  4.2299999999999999E-01, -1.0000000000000000E+00, -1.0000000000000000E+00
2,7,2,1,1,2,legacy-reference-retry,2048,26,1048, -4.6832648348293482E-02, -7.6046237785009699E-03,  3.9228024569791575E-02, -9.3675067702747583E-16,  4.0283531718698917E-16,  0.0000000000000000E+00,  3.4850000000000020E-03,3,776,56,776,832,0,1, -3.1656317713167327E-02,  3.4023632944849003E-02,  4.2299846846438838E-01,  4.2299999999999999E-01, -1.0000000000000000E+00, -1.0000000000000000E+00
2,7,2,1,1,2,legacy-reference-retry,4096,49,1258, -4.6199438921883135E-02, -6.9747327017216417E-03,  3.9224706220160499E-02, -9.9399655173471047E-16,  2.8476570060331774E-16,  0.0000000000000000E+00,  3.8300000000000001E-03,3,1296,108,1296,1404,0,1, -6.9907487602458365E-02,  3.1220497346746427E-02,  4.2299515011475741E-01,  4.2299999999999999E-01, -1.0000000000000000E+00, -1.0000000000000000E+00
