profile,window,stop_code,solver_status,solver_route,steps,completed,iterations,transfer_cm,bottom_cm,storage_change_cm,ledger_residual_cm,max_step_soil_residual_cm,first_transfer_cm,cpu_seconds,h1,h2,h3,h4,theta1,theta2,theta3,theta4
1,1,0,1,legacy-reference-bound,1,1,41, -3.7138729336403442E-01, -9.3236191016539877E-02,  2.7815110234762752E-01,  1.3297696277447812E-13,  1.3286594047201561E-13, -3.7138729336403442E-01,  5.7999999999999892E-05,  7.2409491085133948E-01, -1.9504206785255690E+01, -3.6104958192815417E+01, -4.6832715321679380E+01,  4.2299999999999999E-01,  4.0694586669825061E-01,  3.8785336758565148E-01,  3.7549522093588528E-01
1,1,0,1,legacy-reference-bound,2,2,73, -6.1455275623860794E-01, -2.5294017231131011E-01,  3.6161258392725681E-01, -4.1022740759899534E-14,  7.2997163869104043E-14, -2.7678383315722521E-01,  6.2999999999999905E-05,  4.5112602428398701E-01,  4.7142222446098270E-01, -3.1706686657326086E+00, -9.5158717821299739E+00,  4.2299999999999999E-01,  4.2299999999999999E-01,  4.2176052030856559E-01,  4.1702248314172596E-01
1,1,1,2,legacy-reference-retry,4,3,201, -6.6392631377119260E-01, -2.9536660459610603E-01,  3.6855970917506209E-01, -2.4480417692984702E-14,  3.4167113582839193E-14, -2.1373379151274649E-01,  6.1299999999999983E-04,  2.2960887496700372E-01,  4.2116128508329498E-01,  2.6859112667303903E-01, -1.1080350846595151E+00,  4.2299999999999999E-01,  4.2299999999999999E-01,  4.2299999999999999E-01,  4.2273012869809667E-01
1,1,1,2,legacy-reference-retry,8,3,144, -4.6272129805166473E-01, -9.6091393753955423E-02,  3.6662990429772524E-01,  1.5931700403370996E-14,  2.4563684419831588E-14, -1.6705649920419272E-01,  1.4400000000000003E-04,  1.4799998241174808E-01,  4.9525859707062400E-02, -8.1419171874100560E-01, -4.4593072884934575E+00,  4.2299999999999999E-01,  4.2299999999999999E-01,  4.2282754890482099E-01,  4.2097277491593876E-01
1,1,1,2,legacy-reference-retry,16,4,167, -4.3681040242233560E-01, -6.8799383534956182E-02,  3.6801101888739174E-01,  1.2323475573339238E-14,  7.9450335199737765E-15, -1.3336359437186143E-01,  1.6499999999999978E-04,  1.3040644974014007E-01, -1.1289909667916377E-01, -6.8376343125932293E-01, -2.0941598044239411E+00,  4.2299999999999999E-01,  4.2299025901860410E-01,  4.2286620593552005E-01,  4.2232010296560418E-01
1,1,1,2,legacy-reference-retry,32,5,168, -4.0307452596117893E-01, -3.5752204031427794E-02,  3.6732232192974545E-01, -5.6829541073000200E-15,  5.7106554728070247E-15, -1.1069535803007453E-01,  1.6800000000000018E-04,  2.5570811680605030E-02, -4.7944034111109424E-01, -1.4051830610291263E+00, -2.8941188970767717E+00,  4.2299999999999999E-01,  4.2292015578944719E-01,  4.2261891386246464E-01,  4.2191374969559192E-01
1,1,1,2,legacy-reference-retry,64,7,192, -3.9000983877739176E-01, -2.2826519018504687E-02,  3.6718331975888496E-01, -2.1094237467877974E-15,  2.4029172748796235E-15, -9.5861122065260193E-02,  1.9100000000000020E-04, -1.1439132417943318E-01, -7.0549453444591570E-01, -1.6757291242074299E+00, -2.8811448878949495E+00,  4.2299007113539755E-01,  4.2285997920199725E-01,  4.2250792739308074E-01,  4.2192078672014166E-01
1,1,1,2,legacy-reference-retry,128,12,302, -3.9284166799435621E-01, -2.4160948737825642E-02,  3.6868071925651980E-01, -1.0776102232767926E-14,  5.6025469636830638E-15, -8.5373316311751157E-02,  5.9399999999999991E-04,  9.8083508033954617E-02, -1.8520647720991566E-02, -2.7583953461354682E-01, -6.0795700901630256E-01,  4.2299999999999999E-01,  4.2299929790014057E-01,  4.2296427002475956E-01,  4.2288721980472466E-01
1,1,1,2,legacy-reference-retry,256,20,384, -3.8637871023608067E-01, -1.7718616534309162E-02,  3.6866009370176878E-01, -2.7304547511874944E-15,  8.2708972591778729E-15, -7.5739510946446278E-02,  4.0799999999999951E-04,  6.3474546927722586E-02, -7.9924082248424816E-02, -3.4006704961741302E-01, -6.2750851322837509E-01,  4.2299999999999999E-01,  4.2299410691035444E-01,  4.2295155217743141E-01,  4.2288190759219468E-01
1,1,1,2,legacy-reference-retry,512,36,556, -3.8340548957256637E-01, -1.4719270024185190E-02,  3.6868621954836311E-01, -1.8067145002298446E-14,  1.8738909892106886E-15, -6.4614065254062630E-02,  6.3400000000000001E-04,  4.3236406442997956E-02, -9.0683222120577736E-02, -3.1712462229577515E-01, -5.4441083409773428E-01,  4.2299999999999999E-01,  4.2299291816203577E-01,  4.2295623284192951E-01,  4.2290394714845037E-01
1,2,0,1,legacy-reference-bound,1,1,15, -8.5373316311751157E-02, -1.0865399021804728E-04,  8.5264662321527407E-02, -5.7031609252897186E-15,  5.6025469636830638E-15, -8.5373316311751157E-02,  1.7000000000000522E-05, -9.1860247919542743E+00, -1.0157528001425354E+02, -1.2041615881712632E+02, -1.2265071548647809E+02,  4.1731253142064628E-01,  3.2259849931591900E-01,  3.0851566635942396E-01,  3.0696390011685559E-01
1,2,0,1,legacy-reference-bound,2,2,30, -1.0858447787465954E-01, -1.0848518397692166E-04,  1.0847599269068997E-01,  7.3544685966209222E-15,  8.2708972591778729E-15, -7.5739510946446278E-02,  3.5000000000000309E-05, -9.2453461990454784E+00, -5.6845979444934173E+01, -1.1725404547899217E+02, -1.2252339775962281E+02,  4.1726064435288357E-01,  3.6442372790912680E-01,  3.1075254559376575E-01,  3.0705168048895382E-01
1,2,0,1,legacy-reference-bound,4,4,55, -1.2246088053695213E-01, -1.0847676970136414E-04,  1.2235240376724832E-01, -2.4466783850665696E-15,  1.8738909892106886E-15, -6.4614065254062630E-02,  6.2999999999999688E-05, -8.9973416709059340E+00, -4.0942348312250274E+01, -1.1084039575677971E+02, -1.2227286672373701E+02,  4.1747674656284428E-01,  3.8223503655228086E-01,  3.1544229780618904E-01,  3.0722463392653154E-01
1,2,0,1,legacy-reference-bound,8,8,96, -1.3079984496932481E-01, -1.0848751173824829E-04,  1.3069135745758276E-01, -3.8075553994432187E-15,  1.9056411722055688E-15, -5.2610214539583325E-02,  1.0999999999999985E-04, -8.7495190649069805E+00, -3.5366029374562771E+01, -1.0453887086288492E+02, -1.2201914400227975E+02,  4.1769049931075197E-01,  3.8871550343004257E-01,  3.2025868355598752E-01,  3.0740009205423247E-01
1,2,0,1,legacy-reference-bound,16,16,172, -1.3545706538661464E-01, -1.0850209402675074E-04,  1.3534856329258682E-01, -1.0728858123101870E-15,  1.3929761749457981E-15, -4.1753298564461236E-02,  2.0500000000000032E-04, -8.6022119536320680E+00, -3.3198163368496537E+01, -1.0050967330032144E+02, -1.2182398297924082E+02,  4.1781649348523864E-01,  3.9124730682108655E-01,  3.2345182318624821E-01,  3.0753525947621052E-01
1,2,0,1,legacy-reference-bound,32,32,284, -1.3793792129176363E-01, -1.0851343336958444E-04,  1.3782940785838704E-01, -7.0047049757770985E-15,  6.8357083502727095E-16, -3.3348308178444516E-02,  3.5799999999999981E-04, -8.5147840614771564E+00, -3.2252723257541064E+01, -9.8281874034453651E+01, -1.2169905755894031E+02,  4.1789089120733669E-01,  3.9235167669765325E-01,  3.2525666677689336E-01,  3.0762187665203344E-01
1,2,0,1,legacy-reference-bound,64,64,504, -1.3922341349266953E-01, -1.0852054731990301E-04,  1.3911489294534651E-01, -3.1180705803782183E-15,  3.0150688328932536E-16, -2.7631471448452981E-02,  6.3400000000000001E-04, -8.4674317534609411E+00, -3.1810474398593669E+01, -9.7113936275003041E+01, -1.2162760080691211E+02,  4.1793106655706569E-01,  3.9286811691608059E-01,  3.2621426624832772E-01,  3.0767145448348032E-01
1,2,0,1,legacy-reference-bound,128,128,882, -1.3987876888550210E-01, -1.0852455038103764E-04,  1.3977024433512120E-01,  1.3139175077808707E-16,  2.0752370735201402E-16, -2.4136201746504996E-02,  1.1279999999999997E-03, -8.4428793774948918E+00, -3.1596343564245334E+01, -9.6515980469859528E+01, -1.2158924603634226E+02,  4.1795186437183596E-01,  3.9311811409720288E-01,  3.2670759901402979E-01,  3.0769807560960660E-01
1,2,0,1,legacy-reference-bound,256,256,1534, -1.4020981582939654E-01, -1.0852667721392082E-04,  1.4010128915217979E-01, -2.8317598916791087E-15,  2.7069981854165362E-16, -2.2163746482519744E-02,  2.2899999999999995E-03, -8.4303911949162664E+00, -3.1490940314863689E+01, -9.6213404509685390E+01, -1.2156935433728272E+02,  4.1796243410987821E-01,  3.9324115615535504E-01,  3.2695802883649228E-01,  3.0771188470610555E-01
1,2,0,1,legacy-reference-bound,512,512,2560, -1.4037621265568370E-01, -1.0852777392509324E-04,  1.4026768488174879E-01, -9.8200663095973639E-15,  2.3572593402864197E-16, -2.1108291105143104E-02,  3.4969999999999984E-03, -8.4240951345826112E+00, -3.1438642848617135E+01, -9.6061201027440987E+01, -1.2155922186876531E+02,  4.1796776072490804E-01,  3.9330220117983450E-01,  3.2708420392353632E-01,  3.0771891952887576E-01
2,1,0,1,legacy-reference-bound,1,1,41, -3.5138729336403440E-01, -9.3236191016539877E-02,  2.5815110234762750E-01,  1.3297696277447812E-13,  1.3286594047201561E-13, -3.5138729336403440E-01,  3.8000000000001574E-05,  7.2409491085133948E-01, -1.9504206785255690E+01, -3.6104958192815417E+01, -4.6832715321679380E+01,  4.2299999999999999E-01,  4.0694586669825061E-01,  3.8785336758565148E-01,  3.7549522093588528E-01
2,1,0,1,legacy-reference-bound,2,2,73, -5.9455275623860793E-01, -2.5294017231131011E-01,  3.4161258392725680E-01, -4.1022740759899534E-14,  7.2997163869104043E-14, -2.5678383315722519E-01,  1.8299999999999914E-04,  4.5112602428398701E-01,  4.7142222446098270E-01, -3.1706686657326086E+00, -9.5158717821299739E+00,  4.2299999999999999E-01,  4.2299999999999999E-01,  4.2176052030856559E-01,  4.1702248314172596E-01
2,1,1,2,legacy-reference-retry,4,3,201, -6.4392631377119269E-01, -2.9536660459610603E-01,  3.4855970917506207E-01, -2.4591439995447217E-14,  3.4167113582839193E-14, -1.9373379151274650E-01,  5.7000000000000106E-04,  2.2960887496700372E-01,  4.2116128508329498E-01,  2.6859112667303903E-01, -1.1080350846595151E+00,  4.2299999999999999E-01,  4.2299999999999999E-01,  4.2299999999999999E-01,  4.2273012869809667E-01
2,1,1,2,legacy-reference-retry,8,3,144, -4.4272129805166471E-01, -9.6091393753955423E-02,  3.4662990429772522E-01,  1.5931700403370996E-14,  2.4563684419831588E-14, -1.4705649920419273E-01,  1.3900000000000023E-04,  1.4799998241174808E-01,  4.9525859707062400E-02, -8.1419171874100560E-01, -4.4593072884934575E+00,  4.2299999999999999E-01,  4.2299999999999999E-01,  4.2282754890482099E-01,  4.2097277491593876E-01
2,1,1,2,legacy-reference-retry,16,4,167, -4.1681040242233558E-01, -6.8799383534956182E-02,  3.4801101888739172E-01,  1.2323475573339238E-14,  7.9450335199737765E-15, -1.1336359437186143E-01,  1.9199999999999946E-04,  1.3040644974014007E-01, -1.1289909667916377E-01, -6.8376343125932293E-01, -2.0941598044239411E+00,  4.2299999999999999E-01,  4.2299025901860410E-01,  4.2286620593552005E-01,  4.2232010296560418E-01
2,1,1,2,legacy-reference-retry,32,5,168, -3.8307452596117891E-01, -3.5752204031427794E-02,  3.4732232192974544E-01, -5.6829541073000200E-15,  5.7106554728070247E-15, -9.0695358030074530E-02,  1.6599999999999948E-04,  2.5570811680605030E-02, -4.7944034111109424E-01, -1.4051830610291263E+00, -2.8941188970767717E+00,  4.2299999999999999E-01,  4.2292015578944719E-01,  4.2261891386246464E-01,  4.2191374969559192E-01
2,1,1,2,legacy-reference-retry,64,7,192, -3.7000983877739174E-01, -2.2826519018504687E-02,  3.4718331975888495E-01, -2.1094237467877974E-15,  2.4029172748796235E-15, -7.5861122065260189E-02,  1.9100000000000020E-04, -1.1439132417943318E-01, -7.0549453444591570E-01, -1.6757291242074299E+00, -2.8811448878949495E+00,  4.2299007113539755E-01,  4.2285997920199725E-01,  4.2250792739308074E-01,  4.2192078672014166E-01
2,1,1,2,legacy-reference-retry,128,12,302, -3.7284166799435620E-01, -2.4160948737825642E-02,  3.4868071925651978E-01, -1.0776102232767926E-14,  5.6025469636830638E-15, -6.5373316311751153E-02,  3.1000000000000125E-04,  9.8083508033954617E-02, -1.8520647720991566E-02, -2.7583953461354682E-01, -6.0795700901630256E-01,  4.2299999999999999E-01,  4.2299929790014057E-01,  4.2296427002475956E-01,  4.2288721980472466E-01
2,1,1,2,legacy-reference-retry,256,20,384, -3.6637871023608065E-01, -1.7718616534309162E-02,  3.4866009370176876E-01, -2.7304547511874944E-15,  8.2708972591778729E-15, -5.5739510946446275E-02,  4.2199999999999876E-04,  6.3474546927722586E-02, -7.9924082248424816E-02, -3.4006704961741302E-01, -6.2750851322837509E-01,  4.2299999999999999E-01,  4.2299410691035444E-01,  4.2295155217743141E-01,  4.2288190759219468E-01
2,1,1,2,legacy-reference-retry,512,36,556, -3.6340548957256635E-01, -1.4719270024185190E-02,  3.4868621954836310E-01, -1.8067145002298446E-14,  1.8738909892106886E-15, -4.4614065254062626E-02,  6.0400000000000210E-04,  4.3236406442997956E-02, -9.0683222120577736E-02, -3.1712462229577515E-01, -5.4441083409773428E-01,  4.2299999999999999E-01,  4.2299291816203577E-01,  4.2295623284192951E-01,  4.2290394714845037E-01
2,2,0,1,legacy-reference-bound,1,1,15, -6.5373316311751153E-02, -1.0865399021804728E-04,  6.5264662321527389E-02, -5.7170387130975331E-15,  5.6025469636830638E-15, -6.5373316311751153E-02,  1.6999999999999654E-05, -9.1860247919542743E+00, -1.0157528001425354E+02, -1.2041615881712632E+02, -1.2265071548647809E+02,  4.1731253142064628E-01,  3.2259849931591900E-01,  3.0851566635942396E-01,  3.0696390011685559E-01
2,2,0,1,legacy-reference-bound,2,2,30, -8.8584477874659534E-02, -1.0848518397692166E-04,  8.8475992690689953E-02,  7.3405908088131078E-15,  8.2708972591778729E-15, -5.5739510946446275E-02,  3.3999999999999309E-05, -9.2453461990454784E+00, -5.6845979444934173E+01, -1.1725404547899217E+02, -1.2252339775962281E+02,  4.1726064435288357E-01,  3.6442372790912680E-01,  3.1075254559376575E-01,  3.0705168048895382E-01
2,2,0,1,legacy-reference-bound,4,4,55, -1.0246088053695213E-01, -1.0847676970136414E-04,  1.0235240376724830E-01, -2.4605561728743841E-15,  1.8738909892106886E-15, -4.4614065254062626E-02,  6.2000000000003025E-05, -8.9973416709059340E+00, -4.0942348312250274E+01, -1.1084039575677971E+02, -1.2227286672373701E+02,  4.1747674656284428E-01,  3.8223503655228086E-01,  3.1544229780618904E-01,  3.0722463392653154E-01
2,2,0,1,legacy-reference-bound,8,8,96, -1.1079984496932482E-01, -1.0848751173824829E-04,  1.1069135745758274E-01, -3.8353109750588477E-15,  1.9056411722055688E-15, -3.2610214539583321E-02,  1.2600000000000111E-04, -8.7495190649069805E+00, -3.5366029374562771E+01, -1.0453887086288492E+02, -1.2201914400227975E+02,  4.1769049931075197E-01,  3.8871550343004257E-01,  3.2025868355598752E-01,  3.0740009205423247E-01
2,2,0,1,legacy-reference-bound,16,16,172, -1.1545706538661461E-01, -1.0850209402675074E-04,  1.1534856329258680E-01, -1.0590080245023725E-15,  1.3929761749457981E-15, -2.1753298564461235E-02,  1.9800000000000026E-04, -8.6022119536320680E+00, -3.3198163368496537E+01, -1.0050967330032144E+02, -1.2182398297924082E+02,  4.1781649348523864E-01,  3.9124730682108655E-01,  3.2345182318624821E-01,  3.0753525947621052E-01
2,2,0,1,legacy-reference-bound,32,32,284, -1.1793792129176363E-01, -1.0851343336958444E-04,  1.1782940785838703E-01, -7.0185827635849130E-15,  6.8357083502727095E-16, -1.3348308178444514E-02,  4.4100000000000042E-04, -8.5147840614771564E+00, -3.2252723257541064E+01, -9.8281874034453651E+01, -1.2169905755894031E+02,  4.1789089120733669E-01,  3.9235167669765325E-01,  3.2525666677689336E-01,  3.0762187665203344E-01
2,2,0,1,legacy-reference-bound,64,64,504, -1.1922341349266952E-01, -1.0852054731990301E-04,  1.1911489294534650E-01, -3.1180705803782183E-15,  3.0150688328932536E-16, -7.6314714484529804E-03,  6.3699999999999868E-04, -8.4674317534609411E+00, -3.1810474398593669E+01, -9.7113936275003041E+01, -1.2162760080691211E+02,  4.1793106655706569E-01,  3.9286811691608059E-01,  3.2621426624832772E-01,  3.0767145448348032E-01
2,2,0,1,legacy-reference-bound,128,128,882, -1.1987876888550213E-01, -1.0852455038103764E-04,  1.1977024433512118E-01,  8.9758387354643698E-17,  2.0752370735201402E-16, -4.1362017465049966E-03,  1.2069999999999997E-03, -8.4428793774948918E+00, -3.1596343564245334E+01, -9.6515980469859528E+01, -1.2158924603634226E+02,  4.1795186437183596E-01,  3.9311811409720288E-01,  3.2670759901402979E-01,  3.0769807560960660E-01
2,2,0,1,legacy-reference-bound,256,256,1534, -1.2020981582939662E-01, -1.0852667721392082E-04,  1.2010128915217977E-01, -2.9289044063338099E-15,  2.7069981854165362E-16, -2.1637464825197445E-03,  2.2350000000000009E-03, -8.4303911949162664E+00, -3.1490940314863689E+01, -9.6213404509685390E+01, -1.2156935433728272E+02,  4.1796243410987821E-01,  3.9324115615535504E-01,  3.2695802883649228E-01,  3.0771188470610555E-01
2,2,0,1,legacy-reference-bound,512,512,2560, -1.2037621265568367E-01, -1.0852777392509324E-04,  1.2026768488174877E-01, -9.8061885217895495E-15,  2.3572593402864197E-16, -1.1082911051431027E-03,  4.5710000000000021E-03, -8.4240951345826112E+00, -3.1438642848617135E+01, -9.6061201027440987E+01, -1.2155922186876531E+02,  4.1796776072490804E-01,  3.9330220117983450E-01,  3.2708420392353632E-01,  3.0771891952887576E-01
3,1,0,1,legacy-reference-bound,1,1,67, -8.0619939666662555E-01, -7.6799762523589821E-01,  3.8201771430842690E-02,  1.1535217225855376E-13,  1.1557421686347880E-13, -8.0619939666662555E-01,  5.9999999999997555E-05,  3.5793735017547323E-01, -4.5725338551034167E-01, -1.2651006320610836E+00, -2.0588466218690176E+00,  4.2299999999999999E-01,  4.2292547270511827E-01,  4.2267281786933120E-01,  4.2233666110354939E-01
3,1,1,2,legacy-reference-retry,2,1,144, -4.1990017849590383E-01, -3.8174842373825058E-01,  3.8151754757585365E-02, -6.7890137955828322E-14,  6.7668093350903291E-14, -4.1990017849590383E-01,  1.4199999999999977E-04,  3.4648390990163563E-01, -4.9280761559871228E-01, -1.3174320418160328E+00, -2.1139459385212160E+00,  4.2299999999999999E-01,  4.2291689777318930E-01,  4.2265297892315190E-01,  4.2231077084243585E-01
3,1,1,2,legacy-reference-retry,4,1,138, -2.2673316874900026E-01, -1.8868361707141518E-01,  3.8049551677549420E-02, -3.5665914666083154E-14,  3.5499381212389380E-14, -2.2673316874900026E-01,  1.8299999999999914E-04,  3.2363564210863072E-01, -5.6369610545921045E-01, -1.4217768261495374E+00, -2.2240131303048525E+00,  4.2299999999999999E-01,  4.2289895944556299E-01,  4.2261236211899089E-01,  4.2225815373037401E-01
3,1,1,2,legacy-reference-retry,8,1,129, -1.3010359466090982E-01, -9.2266026220705608E-02,  3.7837568440219904E-02,  1.5695778010638151E-14,  1.5820678100908481E-14, -1.3010359466090982E-01,  1.2099999999999958E-04,  2.7824946754755497E-01, -7.0430831800302485E-01, -1.6287223434377962E+00, -2.4430152439074284E+00,  4.2299999999999999E-01,  4.2286032136570972E-01,  4.2252783196786237E-01,  4.2215001968409960E-01
3,1,1,2,legacy-reference-retry,16,1,119, -8.1659572671477693E-02, -4.4268303450402849E-02,  3.7391269221078716E-02,  3.8719027983802334E-15,  4.1008862972091720E-15, -8.1659572671477693E-02,  1.2099999999999958E-04,  1.8921838926851101E-01, -9.7899785319889643E-01, -2.0325170358182509E+00, -2.8724300330315256E+00,  4.2299999999999999E-01,  4.2277456442143679E-01,  4.2234892508609634E-01,  4.2192550581886101E-01
3,1,1,2,legacy-reference-retry,32,1,108, -5.7084077511215567E-02, -2.0623429024542041E-02,  3.6460648486669189E-02, -4.3368086899420177E-15,  4.2188474935755949E-15, -5.7084077511215567E-02,  9.3000000000002803E-05,  2.0681700750401419E-02, -1.4926283867934500E+00, -2.7836127052541038E+00, -3.6752546306663767E+00,  4.2299999999999999E-01,  4.2258400319907785E-01,  4.2197324076307419E-01,  4.2146585001865300E-01
3,1,1,2,legacy-reference-retry,64,2,139, -6.1040329169994252E-02, -2.2327142317346192E-02,  3.8713186852646686E-02, -1.3739009929736312E-15,  1.0616507672978059E-15, -4.3804848120052635E-02,  1.3300000000000117E-04,  9.1098284466304469E-02, -1.9072515473495513E-01, -7.5320447568373128E-01, -1.3302334663304713E+00,  4.2299999999999999E-01,  4.2297911157477985E-01,  4.2284600382185011E-01,  4.2264807113800362E-01
3,1,1,2,legacy-reference-retry,128,3,158, -5.5492962527235873E-02, -1.6532775103406876E-02,  3.8960187423829229E-02,  2.3245294578089215E-16,  8.8123952579621800E-16, -3.5820227147904712E-02,  1.5099999999999836E-04,  7.6622659440713989E-02, -1.0885485060415838E-01, -4.6344487992434880E-01, -8.6638219581071640E-01,  4.2299999999999999E-01,  4.2299076253540313E-01,  4.2292400048673040E-01,  4.2281124956399407E-01
3,1,1,2,legacy-reference-retry,256,5,224, -5.2959674342898486E-02, -1.3811534927742229E-02,  3.9148139415157157E-02,  9.0032148403196288E-16,  4.9396250978439582E-16, -3.0453472441233417E-02,  2.2500000000000298E-04,  8.3847837066931261E-02,  7.6164295661013568E-03, -1.7740022767124108E-01, -4.0566199071946007E-01,  4.2299999999999999E-01,  4.2299999999999999E-01,  4.2298120054381005E-01,  4.2293738276594384E-01
3,1,1,2,legacy-reference-retry,512,8,228, -4.9668891640674451E-02, -1.0525112541314567E-02,  3.9143779099359399E-02, -4.8398784979752918E-16,  2.2074356231804870E-16, -2.6831196413243049E-02,  2.4499999999999869E-04,  5.9493703747587307E-02, -2.8708739113261498E-02, -2.0700850096575643E-01, -4.0103102392185264E-01,  4.2299999999999999E-01,  4.2299867147956383E-01,  4.2297646746395146E-01,  4.2293841979022295E-01
3,2,0,1,legacy-reference-bound,1,1,15, -3.5820227147904712E-02, -4.1028740548015741E-03,  3.1717353093103196E-02,  5.7245874707234634E-17,  9.3675067702747583E-17, -3.5820227147904712E-02,  2.9999999999998778E-05, -9.3419663062791314E-01, -3.7088855610116189E+00, -5.7631824391717199E+00, -6.7848563962052468E+00,  4.2278940048703273E-01,  4.2144555191861233E-01,  4.2007005963136135E-01,  4.1930026115351615E-01
3,2,0,1,legacy-reference-bound,2,2,28, -3.7859911739065402E-02, -4.0648896844274083E-03,  3.3795022054637691E-02, -3.0270924655795284E-16,  1.8756697583999227E-16, -3.0453472441233417E-02,  3.3000000000001778E-05, -7.9191685611090157E-01, -2.4567398623551195E+00, -4.4685191288369213E+00, -5.7082343104760636E+00,  4.2283436453389189E-01,  4.2214309498359603E-01,  4.2096674515707511E-01,  4.2010999103341551E-01
3,2,0,1,legacy-reference-bound,4,4,53, -3.9236938374489314E-02, -4.0592004936366504E-03,  3.5177737880852433E-02, -2.2985086056692694E-16,  1.2479167005308156E-16, -2.6831196413243049E-02,  6.0999999999998555E-05, -7.1099301972823248E-01, -1.9753085062903375E+00, -3.5647936274097969E+00, -4.7211288874018047E+00,  4.2285838976595813E-01,  4.2237532844548920E-01,  4.2153195433031654E-01,  4.2079936833940901E-01
3,2,0,1,legacy-reference-bound,8,8,98, -4.0047716248225486E-02, -4.0660187535128713E-03,  3.5981697494711806E-02, -8.0838113980519211E-16,  1.5590827240341554E-16, -2.4420657542885315E-02,  1.1200000000000099E-04, -6.4527174703955059E-01, -1.7317926718474925E+00, -3.0558485268447204E+00, -4.0315664566716567E+00,  4.2287701572817971E-01,  4.2248385947826061E-01,  4.2182487952837422E-01,  4.2124682425771443E-01
3,2,0,1,legacy-reference-bound,16,16,179, -4.0492076008440576E-02, -4.0736632593650762E-03,  3.6418412749075202E-02, -2.9837243786801082E-16,  2.1052495684237282E-16, -2.2781889098720087E-02,  2.0700000000000232E-04, -6.0590108660879216E-01, -1.5949330111711286E+00, -2.7750170195137343E+00, -3.6247983048056454E+00,  4.2288777396268562E-01,  4.2254198213440031E-01,  4.2197782548486107E-01,  4.2149615311026800E-01
3,2,0,1,legacy-reference-bound,32,32,323, -4.0725562943291480E-02, -4.0788775633690674E-03,  3.6646685379921884E-02, -5.2822329843493776E-16,  3.4090026808375473E-16, -2.1661817671667642E-02,  3.7499999999999686E-04, -5.8423279725033728E-01, -1.5206003920141931E+00, -2.6240605834080202E+00, -3.4038102036179954E+00,  4.2289356238314779E-01,  4.2257263819457447E-01,  4.2205731533390667E-01,  4.2162671365175097E-01
3,2,0,1,legacy-reference-bound,64,64,580, -4.0845309761890596E-02, -4.0818678367053572E-03,  3.6763441925184992E-02, -2.4633073358870661E-16,  2.2455182244890404E-16, -2.0935746398847311E-02,  7.7300000000000285E-04, -5.7283758701592236E-01, -1.4816248702192636E+00, -2.5453052827806362E+00, -3.2885556872899655E+00,  4.2289656787186991E-01,  4.2258844790537520E-01,  4.2209800078308768E-01,  4.2169337714807154E-01
3,2,0,1,legacy-reference-bound,128,128,1026, -4.0905931213841493E-02, -4.0834574937723940E-03,  3.6822473720068860E-02, -2.3852447794681098E-16,  2.1945607223822217E-16, -2.0502155309646494E-02,  1.2959999999999985E-03, -5.6699420328845362E-01, -1.4616464271437444E+00, -2.5050342827224537E+00, -3.2296936305657273E+00,  4.2289809861692140E-01,  4.2259648006928763E-01,  4.2211859260900475E-01,  4.2172703566255654E-01
3,2,0,1,legacy-reference-bound,256,256,1796, -4.0936422650206104E-02, -4.0842744861911591E-03,  3.6852148164016940E-02,  1.9949319973733282E-15,  2.1471268773359808E-16, -2.0261059286263941E-02,  2.3509999999999989E-03, -5.6403625967653670E-01, -1.4515316563628931E+00, -2.4846692967747779E+00, -3.1999509774044061E+00,  4.2289887076807819E-01,  4.2260052792464697E-01,  4.2212895053644028E-01,  4.2174394217581090E-01
3,2,0,1,legacy-reference-bound,512,512,3109, -4.0951711910943454E-02, -4.0846881547106995E-03,  3.6867023756229855E-02, -2.8995902900952331E-15,  2.7372716723469970E-16, -2.0133238293263946E-02,  4.3979999999999991E-03, -5.6254837804643010E-01, -1.4464428223897789E+00, -2.4744291455251086E+00, -3.1850018785578720E+00,  4.2289925847659970E-01,  4.2260255966213500E-01,  4.2213414470349697E-01,  4.2175241387796236E-01
4,1,0,1,legacy-reference-bound,1,1,67, -7.8619939666662553E-01, -7.6799762523589821E-01,  1.8201771430842673E-02,  1.1535217225855376E-13,  1.1557421686347880E-13, -7.8619939666662553E-01,  6.0000000000004494E-05,  3.5793735017547323E-01, -4.5725338551034167E-01, -1.2651006320610836E+00, -2.0588466218690176E+00,  4.2299999999999999E-01,  4.2292547270511827E-01,  4.2267281786933120E-01,  4.2233666110354939E-01
4,1,1,2,legacy-reference-retry,2,1,144, -3.9990017849590381E-01, -3.8174842373825058E-01,  1.8151754757585348E-02, -6.7890137955828322E-14,  6.7668093350903291E-14, -3.9990017849590381E-01,  1.3299999999999423E-04,  3.4648390990163563E-01, -4.9280761559871228E-01, -1.3174320418160328E+00, -2.1139459385212160E+00,  4.2299999999999999E-01,  4.2291689777318930E-01,  4.2265297892315190E-01,  4.2231077084243585E-01
4,1,1,2,legacy-reference-retry,4,1,138, -2.0673316874900027E-01, -1.8868361707141518E-01,  1.8049551677549402E-02, -3.5693670241698783E-14,  3.5499381212389380E-14, -2.0673316874900027E-01,  1.4000000000000123E-04,  3.2363564210863072E-01, -5.6369610545921045E-01, -1.4217768261495374E+00, -2.2240131303048525E+00,  4.2299999999999999E-01,  4.2289895944556299E-01,  4.2261236211899089E-01,  4.2225815373037401E-01
4,1,1,2,legacy-reference-retry,8,1,129, -1.1010359466090981E-01, -9.2266026220705608E-02,  1.7837568440219886E-02,  1.5681900222830336E-14,  1.5820678100908481E-14, -1.1010359466090981E-01,  1.1800000000000005E-04,  2.7824946754755497E-01, -7.0430831800302485E-01, -1.6287223434377962E+00, -2.4430152439074284E+00,  4.2299999999999999E-01,  4.2286032136570972E-01,  4.2252783196786237E-01,  4.2215001968409960E-01
4,1,1,2,legacy-reference-retry,16,1,119, -6.1659572671477696E-02, -4.4268303450402849E-02,  1.7391269221078698E-02,  3.8510861166685117E-15,  4.1008862972091720E-15, -6.1659572671477696E-02,  1.2800000000000311E-04,  1.8921838926851101E-01, -9.7899785319889643E-01, -2.0325170358182509E+00, -2.8724300330315256E+00,  4.2299999999999999E-01,  4.2277456442143679E-01,  4.2234892508609634E-01,  4.2192550581886101E-01
4,1,1,2,legacy-reference-retry,32,1,108, -3.7084077511215570E-02, -2.0623429024542041E-02,  1.6460648486669172E-02, -4.3576253716537394E-15,  4.2188474935755949E-15, -3.7084077511215570E-02,  1.2699999999999517E-04,  2.0681700750401419E-02, -1.4926283867934500E+00, -2.7836127052541038E+00, -3.6752546306663767E+00,  4.2299999999999999E-01,  4.2258400319907785E-01,  4.2197324076307419E-01,  4.2146585001865300E-01
4,1,1,2,legacy-reference-retry,64,2,139, -4.1040329169994255E-02, -2.2327142317346192E-02,  1.8713186852646668E-02, -1.3947176746853529E-15,  1.0616507672978059E-15, -2.3804848120052634E-02,  1.9100000000000367E-04,  9.1098284466304469E-02, -1.9072515473495513E-01, -7.5320447568373128E-01, -1.3302334663304713E+00,  4.2299999999999999E-01,  4.2297911157477985E-01,  4.2284600382185011E-01,  4.2264807113800362E-01
4,1,1,2,legacy-reference-retry,128,3,158, -3.5492962527235876E-02, -1.6532775103406876E-02,  1.8960187423829211E-02,  2.1163626406917047E-16,  8.8123952579621800E-16, -1.5820227147904715E-02,  1.5199999999999936E-04,  7.6622659440713989E-02, -1.0885485060415838E-01, -4.6344487992434880E-01, -8.6638219581071640E-01,  4.2299999999999999E-01,  4.2299076253540313E-01,  4.2292400048673040E-01,  4.2281124956399407E-01
4,1,1,2,legacy-reference-retry,256,5,224, -3.2959674342898489E-02, -1.3811534927742229E-02,  1.9148139415157139E-02,  8.7950480232024120E-16,  4.9396250978439582E-16, -1.0453472441233416E-02,  2.4799999999999822E-04,  8.3847837066931261E-02,  7.6164295661013568E-03, -1.7740022767124108E-01, -4.0566199071946007E-01,  4.2299999999999999E-01,  4.2299999999999999E-01,  4.2298120054381005E-01,  4.2293738276594384E-01
4,1,1,2,legacy-reference-retry,512,8,228, -2.9668891640674450E-02, -1.0525112541314567E-02,  1.9143779099359381E-02, -5.0133508455729725E-16,  2.2074356231804870E-16, -6.8311964132430486E-03,  4.1800000000000170E-04,  5.9493703747587307E-02, -2.8708739113261498E-02, -2.0700850096575643E-01, -4.0103102392185264E-01,  4.2299999999999999E-01,  4.2299867147956383E-01,  4.2297646746395146E-01,  4.2293841979022295E-01
4,2,0,1,legacy-reference-bound,1,1,15, -1.5820227147904715E-02, -4.1028740548015741E-03,  1.1717353093103178E-02,  3.6429192995512949E-17,  9.3675067702747583E-17, -1.5820227147904715E-02,  1.7999999999997185E-05, -9.3419663062791314E-01, -3.7088855610116189E+00, -5.7631824391717199E+00, -6.7848563962052468E+00,  4.2278940048703273E-01,  4.2144555191861233E-01,  4.2007005963136135E-01,  4.1930026115351615E-01
4,2,0,1,legacy-reference-bound,2,2,28, -1.7859911739065402E-02, -4.0648896844274083E-03,  1.3795022054637673E-02, -3.2005648131772091E-16,  1.8756697583999227E-16, -1.0453472441233416E-02,  3.1999999999997308E-05, -7.9191685611090157E-01, -2.4567398623551195E+00, -4.4685191288369213E+00, -5.7082343104760636E+00,  4.2283436453389189E-01,  4.2214309498359603E-01,  4.2096674515707511E-01,  4.2010999103341551E-01
4,2,0,1,legacy-reference-bound,4,4,53, -1.9236938374489310E-02, -4.0592004936366504E-03,  1.5177737880852415E-02, -2.4372864837474140E-16,  1.2479167005308156E-16, -6.8311964132430486E-03,  6.1000000000005494E-05, -7.1099301972823248E-01, -1.9753085062903375E+00, -3.5647936274097969E+00, -4.7211288874018047E+00,  4.2285838976595813E-01,  4.2237532844548920E-01,  4.2153195433031654E-01,  4.2079936833940901E-01
4,2,0,1,legacy-reference-bound,8,8,98, -2.0047716248225489E-02, -4.0660187535128713E-03,  1.5981697494711788E-02, -8.2919782151691379E-16,  1.5590827240341554E-16, -4.4206575428853154E-03,  1.1200000000000099E-04, -6.4527174703955059E-01, -1.7317926718474925E+00, -3.0558485268447204E+00, -4.0315664566716567E+00,  4.2287701572817971E-01,  4.2248385947826061E-01,  4.2182487952837422E-01,  4.2124682425771443E-01
4,2,0,1,legacy-reference-bound,16,16,179, -2.0492076008440576E-02, -4.0736632593650762E-03,  1.6418412749075184E-02, -3.1571967262777889E-16,  2.1052495684237282E-16, -2.7818890987200873E-03,  2.3299999999999710E-04, -6.0590108660879216E-01, -1.5949330111711286E+00, -2.7750170195137343E+00, -3.6247983048056454E+00,  4.2288777396268562E-01,  4.2254198213440031E-01,  4.2197782548486107E-01,  4.2149615311026800E-01
4,2,0,1,legacy-reference-bound,32,32,323, -2.0725562943291469E-02, -4.0788775633690674E-03,  1.6646685379921866E-02, -5.3516219233884499E-16,  3.4090026808375473E-16, -1.6618176716676400E-03,  3.7399999999999933E-04, -5.8423279725033728E-01, -1.5206003920141931E+00, -2.6240605834080202E+00, -3.4038102036179954E+00,  4.2289356238314779E-01,  4.2257263819457447E-01,  4.2205731533390667E-01,  4.2162671365175097E-01
4,2,0,1,legacy-reference-bound,64,64,580, -2.0845309761890595E-02, -4.0818678367053572E-03,  1.6763441925184974E-02, -2.6367796834847468E-16,  2.2455182244890404E-16, -9.3574639884730923E-04,  6.9700000000000317E-04, -5.7283758701592236E-01, -1.4816248702192636E+00, -2.5453052827806362E+00, -3.2885556872899655E+00,  4.2289656787186991E-01,  4.2258844790537520E-01,  4.2209800078308768E-01,  4.2169337714807154E-01
4,2,0,1,legacy-reference-bound,128,128,1026, -2.0905931213841534E-02, -4.0834574937723940E-03,  1.6822473720068842E-02, -2.9750507613002242E-16,  2.1945607223822217E-16, -5.0215530964649422E-04,  1.3020000000000045E-03, -5.6699420328845362E-01, -1.4616464271437444E+00, -2.5050342827224537E+00, -3.2296936305657273E+00,  4.2289809861692140E-01,  4.2259648006928763E-01,  4.2211859260900475E-01,  4.2172703566255654E-01
4,2,0,1,legacy-reference-bound,256,256,1796, -2.0936422650206114E-02, -4.0842744861911591E-03,  1.6852148164016922E-02,  1.9671764217576992E-15,  2.1471268773359808E-16, -2.6105928626394035E-04,  2.6100000000000012E-03, -5.6403625967653670E-01, -1.4515316563628931E+00, -2.4846692967747779E+00, -3.1999509774044061E+00,  4.2289887076807819E-01,  4.2260052792464697E-01,  4.2212895053644028E-01,  4.2174394217581090E-01
4,2,0,1,legacy-reference-bound,512,512,3109, -2.0951711910943482E-02, -4.0846881547106995E-03,  1.6867023756229838E-02, -2.9446931004706300E-15,  2.7372716723469970E-16, -1.3323829326394407E-04,  4.4239999999999974E-03, -5.6254837804643010E-01, -1.4464428223897789E+00, -2.4744291455251086E+00, -3.1850018785578720E+00,  4.2289925847659970E-01,  4.2260255966213500E-01,  4.2213414470349697E-01,  4.2175241387796236E-01
