record_type,baseline_id,sequence_index,scale,centered_available,u_FD,J_R,J_S,J_B,response_balance_closure,signal,signal_floor,q_minus_cm_per_day,q_plus_cm_per_day,h_minus_m,h_plus_m
flux_inverse_response,B1,0,0.0001,true,0.00003402859613797642,,,,,5.877409670063116e-12,5.684341886080802e-14,9.999e-7,0.0000010001,-0.714999970616569,-0.7149999706106915
flux_inverse_response,B1,1,0.0003,true,0.00003402945321129254,,,,,1.76317849209795e-11,5.684341886080802e-14,9.997e-7,0.0000010003,-0.7149999706224468,-0.714999970604815
flux_inverse_response,B1,2,0.001,true,0.000034029753197149516,,,,,5.877209829918684e-11,5.684341886080802e-14,9.989999999999999e-7,0.0000010009999999999998,-0.7149999706430162,-0.7149999705842441
flux_inverse_response,B1,3,0.003,true,0.00003402938892929263,,,,,1.7631818227670237e-10,5.684341886080802e-14,9.97e-7,0.0000010029999999999998,-0.7149999707017899,-0.7149999705254717
flux_inverse_response,B1,4,0.01,true,0.00003402936750201522,,,,,5.877276443300161e-10,5.684341886080802e-14,9.9e-7,0.0000010099999999999999,-0.7149999709074946,-0.7149999703197669
flux_inverse_response,B1,5,0.03,true,0.00003402936321656307,,,,,1.7631831550346533e-9,5.684341886080802e-14,9.7e-7,0.0000010299999999999999,-0.7149999714952223,-0.7149999697320392
flux_inverse_response,B1,6,0.1,true,0.00003402935721693164,,,,,5.877278219657001e-9,5.684341886080802e-14,9e-7,0.0000011,-0.7149999735522701,-0.7149999676749919
head_derivative,B1,0,1e-10,true,,-0.00003403943793500714,0.0000340394379350073,0,1.6263032587282567e-19,6.80788758700146e-15,5.929127573528846e-16,,,-0.7149999707136308,-0.7149999705136307
head_derivative,B1,1,3e-10,true,,-0.00003402833570476098,0.00003402833570476105,0,6.776263578034403e-20,2.041700142285663e-14,5.929127573528846e-16,,,-0.7149999709136308,-0.7149999703136307
head_derivative,B1,2,1e-9,true,,-0.00003402833570476105,0.00003402833570476105,0,0,6.80566714095221e-14,5.929127573528846e-16,,,-0.7149999716136307,-0.7149999696136308
head_derivative,B1,3,3e-9,true,,-0.000034029075853444134,0.000034029075853444134,0,0,2.0417445512066478e-13,5.929127573528846e-16,,,-0.7149999736136308,-0.7149999676136307
head_derivative,B1,4,1e-8,true,,-0.000034029445927785666,0.00003402944592778567,0,6.776263578034403e-21,6.805889185557134e-13,5.929127573528846e-16,,,-0.7149999806136308,-0.7149999606136307
head_derivative,B1,5,3e-8,true,,-0.00003402940892035153,0.00003402940892035153,0,0,2.0417645352210913e-12,5.929127573528846e-16,,,-0.7150000006136308,-0.7149999406136307
head_derivative,B1,6,1e-7,true,,-0.000034029346007713464,0.000034029346007713464,0,0,6.805869201542692e-12,5.929127573528846e-16,,,-0.7150000706136307,-0.7149998706136308
head_derivative,B1,7,3e-7,true,,-0.00003402936081068712,0.000034029360810687116,-2.0194839173657902e-21,-6.776263578034403e-21,2.0417616486412272e-11,5.929127573528846e-16,,,-0.7150002706136307,-0.7149996706136308
head_derivative,B1,8,0.000001,true,,-0.00003402935933038976,0.00003402935933038975,0,-6.776263578034403e-21,6.805871866077951e-11,5.929127573528846e-16,,,-0.7150009706136308,-0.7149989706136307
head_derivative,B1,9,0.000003,true,,-0.00003402936007053844,0.00003402936007053844,0,0,2.0417616042323065e-10,5.929127573528846e-16,,,-0.7150029706136307,-0.7149969706136308
head_derivative,B1,10,0.00001,false,,,,,,0,5.929127573528846e-16,,,-0.7150099706136307,-0.7149899706136308
flux_inverse_response,B2,0,0.0001,true,0.0002686030165279994,,,,,7.445932759253537e-12,5.684341886080802e-14,9.999e-7,0.0000010001,-0.7149999628420658,-0.7149999628346199
flux_inverse_response,B2,1,0.0003,true,0.0002686070215829681,,,,,2.2337465210853225e-11,5.684341886080802e-14,9.997e-7,0.0000010003,-0.7149999628495115,-0.714999962827174
flux_inverse_response,B2,2,0.001,true,0.00026861142728135627,,,,,7.445699612418366e-11,5.684341886080802e-14,9.989999999999999e-7,0.0000010009999999999998,-0.7149999628755707,-0.7149999628011137
flux_inverse_response,B2,3,0.003,true,0.0002686108932496084,,,,,2.2337143246176083e-10,5.684341886080802e-14,9.97e-7,0.0000010029999999999998,-0.714999962950028,-0.7149999627266566
flux_inverse_response,B2,4,0.01,true,0.00026861062623453647,,,,,7.445721816878859e-10,5.684341886080802e-14,9.9e-7,0.0000010099999999999999,-0.7149999632106284,-0.7149999624660562
flux_inverse_response,B2,5,0.03,true,0.0002686106662867661,,,,,2.23371621199675e-9,5.684341886080802e-14,9.7e-7,0.0000010299999999999999,-0.7149999639552005,-0.7149999617214843
flux_inverse_response,B2,6,0.1,true,0.0002686106222293171,,,,,7.445721927901161e-9,5.684341886080802e-14,9e-7,0.0000011,-0.7149999665612033,-0.7149999591154814
head_derivative,B2,0,1e-10,true,,-0.000268607358577813,0.0002686073585778104,0,-2.6020852139652106e-18,5.372147171556259e-14,5.929127573528846e-16,,,-0.7149999629383428,-0.7149999627383428
head_derivative,B2,1,3e-10,true,,-0.00026861105932122375,0.0002686110593212258,0,2.0599841277224584e-18,1.6116663559273548e-13,5.929127573528846e-16,,,-0.7149999631383428,-0.7149999625383427
head_derivative,B2,2,1e-9,true,,-0.0002686095790238594,0.0002686095790238596,0,2.168404344971009e-19,5.372191580477193e-13,5.929127573528846e-16,,,-0.7149999638383427,-0.7149999618383428
head_derivative,B2,3,3e-9,true,,-0.00026861031917254296,0.0002686103191725427,0,-2.710505431213761e-19,1.6116619150352576e-12,5.929127573528846e-16,,,-0.7149999658383428,-0.7149999598383427
head_derivative,B2,4,1e-8,true,,-0.00026861068924688425,0.00026861068924688425,0,0,5.372213784937686e-12,5.929127573528846e-16,,,-0.7149999728383428,-0.7149999528383427
head_derivative,B2,5,3e-8,true,,-0.0002686106522394502,0.0002686106522394502,0,0,1.611663913436701e-11,5.929127573528846e-16,,,-0.7149999928383428,-0.7149999328383427
head_derivative,B2,6,1e-7,true,,-0.00026861062263350277,0.00026861062263350277,0,0,5.3722124526700555e-11,5.929127573528846e-16,,,-0.7150000628383427,-0.7149998628383428
head_derivative,B2,7,3e-7,true,,-0.00026861063373573307,0.000268610633735733,-1.3463226115771936e-20,-5.421010862427522e-20,1.6116638024143983e-10,5.929127573528846e-16,,,-0.7150002628383427,-0.7149996628383428
head_derivative,B2,8,0.000001,true,,-0.00028043092736851355,0.00028043092736851355,0,0,5.60861854737027e-10,5.929127573528846e-16,,,-0.7150009628383428,-0.7149989628383427
head_derivative,B2,9,0.000003,true,,-0.00028531838410413474,0.00028531838410413474,0,0,1.7119103046248086e-9,5.929127573528846e-16,,,-0.7150029628383427,-0.7149969628383428
head_derivative,B2,10,0.00001,false,,,,,,0,5.929127573528846e-16,,,-0.7150099628383427,-0.7149899628383428
flux_inverse_response,B3,0,0.0001,true,-0.00021793795752436302,,,,,9.176923665421555e-10,5.684341886080802e-14,0.00009999000000000001,0.00010001,-0.7149962518530582,-0.7149962527707505
flux_inverse_response,B3,1,0.0003,false,,,,,,0,0,0.00009997,0.00010003,-0.7149962526033162,
flux_inverse_response,B3,2,0.001,true,0.00026657436127347695,,,,,7.502596988118171e-9,5.684341886080802e-14,0.0000999,0.0001001,-0.7149962552292252,-0.7149962477266282
flux_inverse_response,B3,3,0.003,true,0.00026657438099712106,,,,,2.2507789299019976e-8,5.684341886080802e-14,0.00009970000000000001,0.0001003,-0.714996262731822,-0.7149962402240327
flux_inverse_response,B3,4,0.01,true,0.00026657437310767025,,,,,7.502596655051263e-8,5.684341886080802e-14,0.00009900000000000001,0.000101,-0.714996288990912,-0.7149962139649455
flux_inverse_response,B3,5,0.03,true,0.00026657437113530765,,,,,2.2507790131687244e-7,5.684341886080802e-14,0.000097,0.00010300000000000001,-0.7149963640168834,-0.7149961389389821
flux_inverse_response,B3,6,0.1,false,,,,,,0,0,0.00009,0.00011000000000000002,,-0.7149958763481638
head_derivative,B3,0,1e-10,true,,-0.00028820279496227894,0.0002882027949624728,0,1.938553484404082e-16,5.764055899249456e-14,5.929127619388334e-16,,,-0.7149962515779271,-0.7149962513779271
head_derivative,B3,1,3e-10,false,,,,,,0,5.929127619388334e-16,,,-0.7149962517779271,-0.7149962511779271
head_derivative,B3,2,1e-9,true,,-0.00028821833808479326,0.0002882183380847868,0,-6.451002926288751e-18,5.764366761695865e-13,5.929127619388334e-16,,,-0.7149962524779271,-0.7149962504779271
head_derivative,B3,3,3e-9,true,,-0.00028821759793609225,0.0002882175979361074,0,1.5124620306172787e-17,1.729305587616644e-12,5.929127619388334e-16,,,-0.7149962544779271,-0.7149962484779271
head_derivative,B3,4,1e-8,true,,-0.00028821767195098304,0.00028821767195097463,0,-8.40256683676266e-18,5.764353439019661e-12,5.929127619388334e-16,,,-0.7149962614779272,-0.7149962414779271
head_derivative,B3,5,3e-8,true,,-0.0002882175979361061,0.0002882175979361061,0,0,1.7293055876166363e-11,5.929127619388334e-16,,,-0.7149962814779272,-0.7149962214779271
head_derivative,B3,6,1e-7,true,,-0.00028821761643982275,0.00028821761643982313,0,3.7947076036992655e-19,5.764352328796462e-11,5.929127619388334e-16,,,-0.7149963514779271,-0.7149961514779272
head_derivative,B3,7,3e-7,true,,-0.00028821762384130973,0.00028821762384130994,0,2.168404344971009e-19,1.7293057430478597e-10,5.929127619388334e-16,,,-0.7149965514779271,-0.7149959514779272
head_derivative,B3,8,0.000001,false,,,,,,0,5.929127619388334e-16,,,-0.7149972514779271,-0.7149952514779271
head_derivative,B3,9,0.000003,true,,-0.0002880761732863372,0.0002880761732863372,-3.446585885637615e-20,5.421010862427522e-20,1.7284570397180233e-9,5.929127619388334e-16,,,-0.7149992514779271,-0.7149932514779271
head_derivative,B3,10,0.00001,false,,,,,,0,5.929127619388334e-16,,,-0.7150062514779271,-0.7149862514779272
flux_inverse_response,B4,0,0.0001,true,0.001190310588566514,,,,,1.6802337299282044e-11,5.684341886080802e-14,9.999e-7,0.0000010001,-0.7149999311543925,-0.7149999311375902
flux_inverse_response,B4,1,0.0003,true,0.0011902765077107917,,,,,5.0408455187778145e-11,5.684341886080802e-14,9.997e-7,0.0000010003,-0.7149999311711959,-0.7149999311207874
flux_inverse_response,B4,2,0.001,true,0.001190271264675311,,,,,1.6802892410794357e-10,5.684341886080802e-14,9.989999999999999e-7,0.0000010009999999999998,-0.7149999312300058,-0.7149999310619769
flux_inverse_response,B4,3,0.003,true,0.0011902715268259816,,,,,5.040866613015282e-10,5.684341886080802e-14,9.97e-7,0.0000010029999999999998,-0.714999931398035,-0.7149999308939483
flux_inverse_response,B4,4,0.01,true,0.0011902717365466268,,,,,1.6802885749456209e-9,5.684341886080802e-14,9.9e-7,0.0000010099999999999999,-0.7149999319861355,-0.714999930305847
flux_inverse_response,B4,5,0.03,true,0.0011902720773428,,,,,5.040864281546931e-9,5.684341886080802e-14,9.7e-7,0.0000010299999999999999,-0.7149999336664236,-0.7149999286255593
flux_inverse_response,B4,6,0.1,true,0.0011902721140439403,,,,,1.680288042038569e-8,5.684341886080802e-14,9e-7,0.0000011,-0.7149999395474316,-0.7149999227445512
head_derivative,B4,0,1e-10,true,,-0.0011902701047006691,0.0011902701047006301,0,-3.903127820947816e-17,2.380540209401338e-13,5.929127573528846e-16,,,-0.7149999312459918,-0.7149999310459918
head_derivative,B4,1,3e-10,true,,-0.001190273805444045,0.0011902738054440458,0,8.673617379884035e-19,7.141642832664275e-13,5.929127573528846e-16,,,-0.7149999314459918,-0.7149999308459918
head_derivative,B4,2,1e-9,true,,-0.001190272325146675,0.0011902723251466796,0,4.553649124439119e-18,2.3805446502933593e-12,5.929127573528846e-16,,,-0.7149999321459918,-0.7149999301459918
head_derivative,B4,3,3e-9,true,,-0.0011902723251466796,0.0011902723251466796,0,0,7.141633950880077e-12,5.929127573528846e-16,,,-0.7149999341459918,-0.7149999281459918
head_derivative,B4,4,1e-8,true,,-0.001190271992079772,0.0011902719920797724,0,4.336808689942018e-19,2.3805439841595447e-11,5.929127573528846e-16,,,-0.7149999411459919,-0.7149999211459918
head_derivative,B4,5,3e-8,true,,-0.0011902719550723384,0.0011902719550723382,0,-2.168404344971009e-19,7.14163173043403e-11,5.929127573528846e-16,,,-0.7149999611459918,-0.7149999011459918
head_derivative,B4,6,1e-7,true,,-0.0011902719698753117,0.001190271969875312,0,2.168404344971009e-19,2.380543939750624e-10,5.929127573528846e-16,,,-0.7150000311459918,-0.7149998311459919
head_derivative,B4,7,3e-7,true,,-0.0012898304054450211,0.0012898304054450211,0,0,7.738982432670127e-10,5.929127573528846e-16,,,-0.7150002311459918,-0.7149996311459919
head_derivative,B4,8,0.000001,true,,-0.0013663298248367541,0.0013663298248367541,0,0,2.732659649673508e-9,5.929127573528846e-16,,,-0.7150009311459918,-0.7149989311459918
head_derivative,B4,9,0.000003,true,,-0.001382264710840057,0.0013822647108400568,-8.831876331946389e-20,-2.168404344971009e-19,8.293588265040342e-9,5.929127573528846e-16,,,-0.7150029311459918,-0.7149969311459918
head_derivative,B4,10,0.00001,true,,-0.001398219521941968,0.001398219521941968,0,0,2.7964390438839363e-8,5.929127573528846e-16,,,-0.7150099311459918,-0.7149899311459919
flux_inverse_response,B5,0,0.0001,true,0.001120157001912859,,,,,1.7854639988712506e-9,5.684341886080802e-14,0.00009999000000000001,0.00010001,-0.7149920623879221,-0.7149920606024581
flux_inverse_response,B5,1,0.0003,true,0.0011201580234874043,,,,,5.3563871116324435e-9,5.684341886080802e-14,0.00009997,0.00010003,-0.7149920641733831,-0.714992058816996
flux_inverse_response,B5,2,0.001,true,0.0011201581233231744,,,,,1.785462211412181e-8,5.684341886080802e-14,0.0000999,0.0001001,-0.7149920704225015,-0.7149920525678793
flux_inverse_response,B5,3,0.003,true,0.001120158127966723,,,,,5.3563866120320824e-8,5.684341886080802e-14,0.00009970000000000001,0.0001003,-0.7149920882771246,-0.7149920347132585
flux_inverse_response,B5,4,0.01,true,0.0011201581163579346,,,,,1.7854622225144112e-7,5.684341886080802e-14,0.00009900000000000001,0.000101,-0.7149921507683092,-0.714991972222087
flux_inverse_response,B5,5,0.03,true,0.0011201581191440536,,,,,5.356386654220557e-7,5.684341886080802e-14,0.000097,0.00010300000000000001,-0.7149923293145858,-0.7149917936759204
flux_inverse_response,B5,6,0.1,true,0.0011163187225556245,,,,,0.0000017916030248255055,5.684341886080802e-14,0.00009,0.00011000000000000002,-0.7149929542269853,-0.7149911626239605
head_derivative,B5,0,1e-10,false,,,,,,0,5.929128574433579e-16,,,-0.7149920615951901,-0.7149920613951901
head_derivative,B5,1,3e-10,false,,,,,,0,5.929128574433579e-16,,,-0.7149920617951901,-0.7149920611951901
head_derivative,B5,2,1e-9,false,,,,,,0,5.929128574433579e-16,,,-0.7149920624951901,-0.7149920604951902
head_derivative,B5,3,3e-9,false,,,,,,0,5.929128574433579e-16,,,-0.7149920644951901,-0.7149920584951901
head_derivative,B5,4,1e-8,false,,,,,,0,5.929128574433579e-16,,,-0.7149920714951902,-0.7149920514951901
head_derivative,B5,5,3e-8,false,,,,,,0,5.929128574433579e-16,,,-0.7149920914951902,-0.7149920314951901
head_derivative,B5,6,1e-7,false,,,,,,0,5.929128574433579e-16,,,-0.7149921614951901,-0.7149919614951902
head_derivative,B5,7,3e-7,false,,,,,,0,5.929128574433579e-16,,,-0.7149923614951901,-0.7149917614951902
head_derivative,B5,8,0.000001,false,,,,,,0,5.929128574433579e-16,,,-0.7149930614951902,-0.7149910614951901
head_derivative,B5,9,0.000003,false,,,,,,0,5.929128574433579e-16,,,-0.7149950614951901,-0.7149890614951901
head_derivative,B5,10,0.00001,false,,,,,,0,5.929128574433579e-16,,,-0.7150020614951901,-0.7149820614951902
