STOP,3,7,2,1,1,1,80,  1.7670309659933991E-12,  1.0608150817646617E+01,  2.4999999999999999E-08,  8.9720333237163993E-04
STOP,3,7,2,1,2,1,80,  4.7187720397801058E-10,  1.0519054018255378E+01,  1.2499999999999999E-08,  9.0023990983317229E-04
STOP,3,7,2,1,16,16,80,  4.4034109691892809E-11,  5.7290234714098762E+00,  1.5624999999999999E-09,  4.5133448417312560E-04
STOP,3,7,2,1,32,29,80,  3.3757993733729563E-08,  3.4324947030138242E+00,  7.8124999999999996E-10,  2.9710018017136612E-04
STOP,3,7,2,1,64,55,80,  2.4364327447269574E-02,  2.0276824065138181E+00,  3.9062499999999998E-10,  2.6354819002687412E-04
STOP,3,7,2,1,128,108,80,  2.4670645032515104E-01,  9.3493035909581690E-01,  1.9531249999999999E-10,  1.5806869643492799E-04
STOP,3,7,2,1,256,213,80,  3.7205794001238246E-10,  7.6562844051227508E-01,  9.7656249999999996E-11,  2.3326586720360726E-04
STOP,3,7,2,1,512,425,80,  7.6888095890126351E-10,  4.3198155635920255E-01,  4.8828124999999998E-11,  1.3282775322333285E-04
STOP,3,7,2,1,1024,848,80,  1.7765140469805374E-09,  2.3947878149348090E-01,  2.4414062499999999E-11,  9.9992471404633659E-05
STOP,3,7,2,1,2048,1694,80,  1.2071694754922646E-09,  1.2181125572845426E-01,  1.2207031249999999E-11,  7.5125062376290775E-05
STOP,3,7,2,1,4096,3385,80,  1.2247092229245027E-11,  7.5119825039078131E-02,  6.1035156249999997E-12,  9.2156929824487632E-05
STOP,3,7,2,1,1,1,80,  1.7670309659933991E-12,  1.0608150817646617E+01,  2.4999999999999999E-08,  8.9720333237163993E-04
STOP,3,7,2,1,2,1,80,  4.7187720397801058E-10,  1.0519054018255378E+01,  1.2499999999999999E-08,  9.0023990983317229E-04
STOP,3,7,2,1,16,16,80,  4.4034109691892809E-11,  5.7290234714098762E+00,  1.5624999999999999E-09,  4.5133448417312560E-04
STOP,3,7,2,1,32,29,80,  3.3757993733729563E-08,  3.4324947030138242E+00,  7.8124999999999996E-10,  2.9710018017136612E-04
STOP,3,7,2,1,64,55,80,  2.4364327447269574E-02,  2.0276824065138181E+00,  3.9062499999999998E-10,  2.6354819002687412E-04
STOP,3,7,2,1,128,108,80,  2.4670645032515104E-01,  9.3493035909581690E-01,  1.9531249999999999E-10,  1.5806869643492799E-04
STOP,3,7,2,1,256,213,80,  3.7205794001238246E-10,  7.6562844051227508E-01,  9.7656249999999996E-11,  2.3326586720360726E-04
STOP,3,7,2,1,512,425,80,  7.6888095890126351E-10,  4.3198155635920255E-01,  4.8828124999999998E-11,  1.3282775322333285E-04
STOP,3,7,2,1,1024,848,80,  1.7765140469805374E-09,  2.3947878149348090E-01,  2.4414062499999999E-11,  9.9992471404633659E-05
STOP,3,7,2,1,2048,1694,80,  1.2071694754922646E-09,  1.2181125572845426E-01,  1.2207031249999999E-11,  7.5125062376290775E-05
STOP,3,7,2,1,4096,3385,80,  1.2247092229245027E-11,  7.5119825039078131E-02,  6.1035156249999997E-12,  9.2156929824487632E-05
STOP,3,7,2,1,1,1,80,  1.7670309659933991E-12,  1.0608150817646617E+01,  2.4999999999999999E-08,  8.9720333237163993E-04
STOP,3,7,2,1,2,1,80,  4.7187720397801058E-10,  1.0519054018255378E+01,  1.2499999999999999E-08,  9.0023990983317229E-04
STOP,3,7,2,1,16,16,80,  4.4034109691892809E-11,  5.7290234714098762E+00,  1.5624999999999999E-09,  4.5133448417312560E-04
STOP,3,7,2,1,32,29,80,  3.3757993733729563E-08,  3.4324947030138242E+00,  7.8124999999999996E-10,  2.9710018017136612E-04
STOP,3,7,2,1,64,55,80,  2.4364327447269574E-02,  2.0276824065138181E+00,  3.9062499999999998E-10,  2.6354819002687412E-04
STOP,3,7,2,1,128,108,80,  2.4670645032515104E-01,  9.3493035909581690E-01,  1.9531249999999999E-10,  1.5806869643492799E-04
STOP,3,7,2,1,256,214,80,  4.6401371633919553E-10,  7.3543484034175999E-01,  9.7656249999999996E-11,  2.5718992007307443E-04
STOP,3,7,2,1,512,427,80,  2.0567787473169119E-09,  4.3981559480479476E-01,  4.8828124999999998E-11,  1.5808177731369412E-04
STOP,3,7,2,1,1024,852,80,  1.0791287863298749E-09,  2.6290258095867425E-01,  2.4414062499999999E-11,  1.3948422129320487E-04
STOP,3,7,2,1,2048,1703,80,  5.1859387131081291E-04,  1.0121467009865617E-01,  1.2207031249999999E-11,  5.2485435685181132E-05
STOP,3,7,2,1,4096,3403,80,  3.0319915467202918E-09,  6.1230215978036254E-02,  6.1035156249999997E-12,  5.5078101508212328E-05
STOP,3,7,3,1,256,3,80,  8.1391942829869279E-03,  6.3984799915297541E-01,  9.7656249999999996E-11,  2.9935498358040386E-04
STOP,3,7,3,1,512,5,80,  3.4287819098286043E-02,  4.0909399205695857E-01,  4.8828124999999998E-11,  2.9702398876006329E-04
STOP,3,7,3,1,1024,8,80,  8.6116437638716903E-03,  2.6087955294930454E-01,  4.5931046202850259E-05,  3.1278980127956375E-04
STOP,3,7,3,1,2048,12,80,  2.9067520712856343E-02,  3.0606682735038659E-01,  4.5926257642942334E-05,  3.5468023046291846E-04
STOP,3,7,3,1,4096,19,80,  5.6044138334507387E-02,  3.2229801188067286E-01,  4.5668931931508096E-05,  3.9847370688910052E-04
