REGIME_CHANGE,3,7,3,3,256,1,2,1,2, -4.7503207284961146E+05,  0.0000000000000000E+00,atmospheric-head
REGIME_CHANGE,3,7,3,3,256,1,3,2,1, -1.5834401094987048E+05,  0.0000000000000000E+00,surface-flux
REGIME_CHANGE,3,7,3,3,512,1,2,1,2, -4.7503207284961146E+05,  0.0000000000000000E+00,atmospheric-head
REGIME_CHANGE,3,7,3,3,512,1,3,2,1, -1.5834401094987048E+05,  0.0000000000000000E+00,surface-flux
REGIME_CHANGE,3,7,3,3,1024,1,2,1,2, -4.7503207284961146E+05,  0.0000000000000000E+00,atmospheric-head
REGIME_CHANGE,3,7,3,3,1024,1,3,2,1, -1.5834401094987048E+05,  0.0000000000000000E+00,surface-flux
REGIME_CHANGE,3,7,3,3,2048,1,2,1,2, -4.7503207284961146E+05,  0.0000000000000000E+00,atmospheric-head
REGIME_CHANGE,3,7,3,3,2048,1,3,2,1, -1.5834401094987048E+05,  0.0000000000000000E+00,surface-flux
REGIME_CHANGE,3,7,3,3,4096,1,2,1,2, -4.7503207284961146E+05,  0.0000000000000000E+00,atmospheric-head
REGIME_CHANGE,3,7,3,3,4096,1,3,2,1, -1.5834401094987048E+05,  0.0000000000000000E+00,surface-flux
REGIME_CHANGE,3,2,3,3,256,1,2,1,2, -4.7503207284961146E+05,  0.0000000000000000E+00,atmospheric-head
REGIME_CHANGE,3,2,3,3,256,1,3,2,1, -1.5834401094987048E+05,  0.0000000000000000E+00,surface-flux
REGIME_CHANGE,3,2,3,3,512,1,2,1,2, -4.7503207284961146E+05,  0.0000000000000000E+00,atmospheric-head
REGIME_CHANGE,3,2,3,3,512,1,3,2,1, -1.5834401094987048E+05,  0.0000000000000000E+00,surface-flux
REGIME_CHANGE,3,2,3,3,1024,1,2,1,2, -4.7503207284961146E+05,  0.0000000000000000E+00,atmospheric-head
REGIME_CHANGE,3,2,3,3,1024,1,3,2,1, -1.5834401094987048E+05,  0.0000000000000000E+00,surface-flux
REGIME_CHANGE,3,2,3,3,2048,1,2,1,2, -4.7503207284961146E+05,  0.0000000000000000E+00,atmospheric-head
REGIME_CHANGE,3,2,3,3,2048,1,3,2,1, -1.5834401094987048E+05,  0.0000000000000000E+00,surface-flux
REGIME_CHANGE,3,2,3,3,4096,1,2,1,2, -4.7503207284961146E+05,  0.0000000000000000E+00,atmospheric-head
REGIME_CHANGE,3,2,3,3,4096,1,3,2,1, -1.5834401094987048E+05,  0.0000000000000000E+00,surface-flux
